[36m╭──────────────────────────────────────────────────────────────────────────────╮[0m
[36m│[0m [1;36mSpaceTraders Automation[0m                                                      [36m│[0m
[36m│[0m Goal: Complete contracts → buy ships → upgrade → repeat indefinitely         [36m│[0m
[36m╰──────────────────────────────────────────────────────────────────────────────╯[0m
[1;2;92m19:32:42[0m [36mAgent: TYLERMASTERY2 | HQ: X1-KU6-A1 | System: X1-KU6[0m
[1;2;92m19:32:42[0m [36mLoaded config from DB: [0m[36mASTEROID[0m[36m=[0m[36mX1[0m[36m-KU6-B46 | [0m[36mBASE[0m[36m=[0m[36mX1[0m[36m-KU6-B7[0m
[1;2;92m19:32:42[0m [36mShipyards: [0m[1;36m[[0m[36m'X1-KU6-A2'[0m[36m, [0m[36m'X1-KU6-C51'[0m[36m, [0m[36m'X1-KU6-H62'[0m[1;36m][0m[36m | HQ: X1-KU6-A1[0m
[1;2;92m19:32:42[0m [2mWarm-loaded [0m[1;2;36m28[0m[2m markets, [0m[1;2;36m47[0m[2m goods from DB[0m
[1;2;92m19:32:42[0m [2mWarm-loaded [0m[1;2;36m26[0m[2m active [0m[1;2;35msurvey[0m[1;2m([0m[2ms[0m[1;2m)[0m[2m from DB[0m
[1;2;92m19:32:42[0m [2mScanning system for markets[0m[2;33m...[0m
[1;2;92m19:32:45[0m [2mFound [0m[1;2;36m28[0m[2m [0m[1;2;35mmarket[0m[1;2m([0m[2ms[0m[1;2m)[0m[2m: X1-KU6-A1, X1-KU6-CD5E, X1-KU6-B6, X1-KU6-B7, [0m
[2mX1-KU6-C52, X1-KU6-D53, X1-KU6-E55, X1-KU6-F57, X1-KU6-G59, X1-KU6-H61, [0m
[2mX1-KU6-I65, X1-KU6-I66, X1-KU6-J67, X1-KU6-J68, X1-KU6-K90, X1-KU6-A2, [0m
[2mX1-KU6-A3, X1-KU6-A4, X1-KU6-C51, X1-KU6-D54, X1-KU6-E56, X1-KU6-F58, [0m
[2mX1-KU6-H62, X1-KU6-H63, X1-KU6-H64, X1-KU6-K92, X1-KU6-K93, X1-KU6-K94[0m
[1;2;92m19:33:27[0m [2mGood sources: [0m[1;2;36m47[0m[2m goods indexed, [0m[1;2;36m45[0m[2m buyable goods across [0m[1;2;36m28[0m[2m markets[0m
[1;2;92m19:33:28[0m [1m─── Loop [0m[1;36m1[0m[1m | Credits: [0m[1;36m1[0m[1m,[0m[1;36m585[0m[1m,[0m[1;36m717[0m[1m | Ships: [0m[1;36m11[0m[1m ───[0m
[1;2;92m19:33:29[0m [2mAsteroid cache: [0m[1;2;36m63[0m[2m candidates loaded[0m
[1;2;92m19:33:29[0m [33mBest available contract only pays [0m[1;33m13[0m[33m,[0m[1;33m558[0m[33m cr — trying to negotiate a [0m
[33mbetter one[0m[33m...[0m
[1;2;92m19:33:30[0m [36mTYLERMASTERY2-[0m[1;36m1[0m [34m🚀 Navigating → X1-KU6-A1[0m
[1;2;92m19:33:32[0m [36mTYLERMASTERY2-[0m[1;36m1[0m [33m⏳ in transit [0m[1;33m([0m[33m~4m 5s[0m[1;33m)[0m[33m...[0m
[1;2;92m19:34:32[0m [36mTYLERMASTERY2-[0m[1;36m1[0m [33m⏳ in transit [0m[1;33m([0m[33m~3m 4s[0m[1;33m)[0m[33m...[0m
[1;2;92m19:35:33[0m [36mTYLERMASTERY2-[0m[1;36m1[0m [33m⏳ in transit [0m[1;33m([0m[33m~2m 3s[0m[1;33m)[0m[33m...[0m
[1;2;92m19:36:04[0m [36mTYLERMASTERY2-[0m[1;36m1[0m [33m⏳ in transit [0m[1;33m([0m[33m~1m 33s[0m[1;33m)[0m[33m...[0m
[1;2;92m19:36:09[0m [36mTYLERMASTERY2-[0m[1;36m1[0m [33m⏳ in transit [0m[1;33m([0m[33m~1m 27s[0m[1;33m)[0m[33m...[0m
[1;2;92m19:36:15[0m [36mTYLERMASTERY2-[0m[1;36m1[0m [33m⏳ in transit [0m[1;33m([0m[33m~1m 22s[0m[1;33m)[0m[33m...[0m
[1;2;92m19:36:20[0m [36mTYLERMASTERY2-[0m[1;36m1[0m [33m⏳ in transit [0m[1;33m([0m[33m~1m 16s[0m[1;33m)[0m[33m...[0m
[1;2;92m19:36:27[0m [36mTYLERMASTERY2-[0m[1;36m1[0m [33m⏳ in transit [0m[1;33m([0m[33m~1m 10s[0m[1;33m)[0m[33m...[0m
[1;2;92m19:36:32[0m [36mTYLERMASTERY2-[0m[1;36m1[0m [33m⏳ in transit [0m[1;33m([0m[33m~1m 4s[0m[1;33m)[0m[33m...[0m
[1;2;92m19:36:38[0m [36mTYLERMASTERY2-[0m[1;36m1[0m [33m⏳ in transit [0m[1;33m([0m[33m~59s[0m[1;33m)[0m[33m...[0m
[1;2;92m19:36:43[0m [36mTYLERMASTERY2-[0m[1;36m1[0m [33m⏳ in transit [0m[1;33m([0m[33m~53s[0m[1;33m)[0m[33m...[0m
[1;2;92m19:36:49[0m [36mTYLERMASTERY2-[0m[1;36m1[0m [33m⏳ in transit [0m[1;33m([0m[33m~48s[0m[1;33m)[0m[33m...[0m
[1;2;92m19:36:54[0m [36mTYLERMASTERY2-[0m[1;36m1[0m [33m⏳ in transit [0m[1;33m([0m[33m~42s[0m[1;33m)[0m[33m...[0m
[1;2;92m19:37:00[0m [36mTYLERMASTERY2-[0m[1;36m1[0m [33m⏳ in transit [0m[1;33m([0m[33m~37s[0m[1;33m)[0m[33m...[0m
[1;2;92m19:37:05[0m [36mTYLERMASTERY2-[0m[1;36m1[0m [33m⏳ in transit [0m[1;33m([0m[33m~31s[0m[1;33m)[0m[33m...[0m
[1;2;92m19:37:11[0m [36mTYLERMASTERY2-[0m[1;36m1[0m [33m⏳ in transit [0m[1;33m([0m[33m~26s[0m[1;33m)[0m[33m...[0m
[1;2;92m19:37:16[0m [36mTYLERMASTERY2-[0m[1;36m1[0m [33m⏳ in transit [0m[1;33m([0m[33m~20s[0m[1;33m)[0m[33m...[0m
[1;2;92m19:37:23[0m [36mTYLERMASTERY2-[0m[1;36m1[0m [33m⏳ in transit [0m[1;33m([0m[33m~13s[0m[1;33m)[0m[33m...[0m
[1;2;92m19:37:28[0m [36mTYLERMASTERY2-[0m[1;36m1[0m [33m⏳ in transit [0m[1;33m([0m[33m~8s[0m[1;33m)[0m[33m...[0m
[1;2;92m19:37:34[0m [36mTYLERMASTERY2-[0m[1;36m1[0m [33m⏳ in transit [0m[1;33m([0m[33m~3s[0m[1;33m)[0m[33m...[0m
[1;2;92m19:37:39[0m [36mTYLERMASTERY2-[0m[1;36m1[0m [32m✓[0m arrived at [1mX1-KU6-A1[0m
[1;2;92m19:37:40[0m [36mTYLERMASTERY2-[0m[1;36m1[0m [36m⚓ docked[0m
[1;2;92m19:38:58[0m [31mCould not negotiate contract: [0m[1;31m[[0m[1;31m4511[0m[1;31m][0m[31m Agent TYLERMASTERY2 already has an[0m
[31mactive contract.[0m
[1;2;92m19:38:59[0m [33mFalling back to best available contract: IRON [0m[1;33m([0m[33m+[0m[1;33m13[0m[33m,[0m[1;33m558[0m[33m cr[0m[1;33m)[0m
[33m╭─[0m[33m─────────────────────────────[0m[33m Working Contract [0m[33m─────────────────────────────[0m[33m─╮[0m
[33m│[0m [1mContract:[0m cmq8ri0lsgytvri6zaxgcw1qe                                          [33m│[0m
[33m│[0m [1mType:[0m PROCUREMENT                                                            [33m│[0m
[33m│[0m [1mPayment:[0m 5,272 + 13,558 cr                                                   [33m│[0m
[33m│[0m [1mAccepted:[0m False                                                              [33m│[0m
[33m╰──────────────────────────────────────────────────────────────────────────────╯[0m
[1;2;92m19:38:59[0m   Deliver: 7[1;36m0x[0m IRON → X1-KU6-E56 [1m([0m[1;36m0[0m done[1m)[0m
[1;2;92m19:38:59[0m [1mAccepting contract[0m
[1;2;92m19:39:00[0m [32m✓ Accepted! Credits: [0m[1;32m1[0m[32m,[0m[1;32m590[0m[32m,[0m[1;32m989[0m
[1;2;92m19:39:00[0m [36mDirect-buy contract: hauler TYLERMASTERY2-[0m[1;36m5[0m[36m handles buy/deliver; [0m[1;36m2[0m[36m [0m
[1;36mminer[0m[1;36m([0m[36ms[0m[1;36m)[0m[36m mine for income[0m
[1;2;92m19:39:00[0m [1mLaunching [0m[1;36m2[0m[1m miner [0m[1;35mthread[0m[1m([0m[1ms[0m[1m)[0m[1m: [0m[1m[[0m[1;32m'TYLERMASTERY2-1'[0m[1m, [0m[1;32m'TYLERMASTERY2-3'[0m[1m][0m
[1;2;92m19:39:00[0m [35mLaunching [0m[1;35m1[0m[35m surveyor [0m[1;35mthread[0m[1;35m([0m[35ms[0m[1;35m)[0m[35m: [0m[1;35m[[0m[35m'TYLERMASTERY2-4'[0m[1;35m][0m
[1;2;92m19:39:00[0m [34mLaunching [0m[1;34m1[0m[34m [0m[1;34mhauler[0m[1;34m([0m[34ms[0m[1;34m)[0m[34m as contract [0m[1;34mbuyer[0m[1;34m([0m[34ms[0m[1;34m)[0m[34m: [0m[1;34m[[0m[34m'TYLERMASTERY2-5'[0m[1;34m][0m
[1;2;92m19:39:00[0m [34mLaunching [0m[1;34m2[0m[34m [0m[1;34mhauler[0m[1;34m([0m[34ms[0m[1;34m)[0m[34m as [0m[1;34mtrader[0m[1;34m([0m[34ms[0m[1;34m)[0m[34m [0m[1;34m([0m[34mdirect-buy contract[0m[1;34m)[0m[34m: [0m
[1;34m[[0m[34m'TYLERMASTERY2-A'[0m[34m, [0m[34m'TYLERMASTERY2-B'[0m[1;34m][0m
[1;2;92m19:39:00[0m [34mLaunching [0m[1;34m4[0m[34m siphoner [0m[1;34mthread[0m[1;34m([0m[34ms[0m[1;34m)[0m[34m: [0m[1;34m[[0m[34m'TYLERMASTERY2-6'[0m[34m, [0m[34m'TYLERMASTERY2-7'[0m[34m, [0m
[34m'TYLERMASTERY2-8'[0m[34m, [0m[34m'TYLERMASTERY2-9'[0m[1;34m][0m
[1;2;92m19:39:00[0m [33mTYLERMASTERY2-[0m[1;33m4[0m [35m🔭 surveyor thread started[0m
[1;2;92m19:39:00[0m [37mTYLERMASTERY2-A[0m [35m💹 trader thread started[0m
[1;2;92m19:39:00[0m [96mTYLERMASTERY2-[0m[1;96m6[0m [34m🌀 siphon thread started[0m
[1;2;92m19:39:00[0m [92mTYLERMASTERY2-[0m[1;92m7[0m [34m🌀 siphon thread started[0m
[1;2;92m19:39:00[0m [37mTYLERMASTERY2-A[0m [31m💥 trader thread crashed: [0m[31m'tradeSymbol'[0m[31m — restarting in[0m
[31m30s[0m
[1;2;92m19:39:00[0m [95mTYLERMASTERY2-[0m[1;95m8[0m [34m🌀 siphon thread started[0m
[1;2;92m19:39:00[0m [93mTYLERMASTERY2-[0m[1;93m9[0m [34m🌀 siphon thread started[0m
[1;2;92m19:39:00[0m [2m⚙  Fleet manager thread started[0m
[1;2;92m19:39:00[0m [2mTraceback [0m[1;2m([0m[2mmost recent call last[0m[1;2m)[0m[2m:[0m
[2m  File [0m[2;32m"/Users/Tyler.Steinhaus/Documents/Mastery/space game/play.py"[0m[2m, line [0m[1;2;36m2196[0m[2m,[0m
[2min trader_loop[0m
[2m    [0m[1;2;35m_trader_loop_inner[0m[1;2m([0m[2mship_symbol, stop_event[0m[1;2m)[0m
[2m    ~~~~~~~~~~~~~~~~~~^^^^^^^^^^^^^^^^^^^^^^^^^[0m
[2m  File [0m[2;32m"/Users/Tyler.Steinhaus/Documents/Mastery/space game/play.py"[0m[2m, line [0m[1;2;36m2217[0m[2m,[0m
[2min _trader_loop_inner[0m
[2m    _contract_good = _active_contract[0m[1;2m[[0m[2;32m"tradeSymbol"[0m[1;2m][0m[2m if _active_contract else [0m
[2;3;35mNone[0m
[2m                     ~~~~~~~~~~~~~~~~^^^^^^^^^^^^^^^[0m
[2mKeyError: [0m[2;32m'tradeSymbol'[0m

[1;2;92m19:39:00[0m [96mTYLERMASTERY2-[0m[1;96m6[0m [34m🌀 targeting gas giant X1-KU6-C50[0m
[1;2;92m19:39:00[0m [92mTYLERMASTERY2-[0m[1;92m7[0m [34m🌀 targeting gas giant X1-KU6-C50[0m
[1;2;92m19:39:00[0m [95mTYLERMASTERY2-[0m[1;95m8[0m [34m🌀 targeting gas giant X1-KU6-C50[0m
[1;2;92m19:39:00[0m [93mTYLERMASTERY2-[0m[1;93m9[0m [34m🌀 targeting gas giant X1-KU6-C50[0m
[1;2;92m19:39:00[0m [37mTYLERMASTERY2-B[0m [35m💹 trader thread started[0m
[1;2;92m19:39:00[0m [37mTYLERMASTERY2-B[0m [31m💥 trader thread crashed: [0m[31m'tradeSymbol'[0m[31m — restarting in[0m
[31m30s[0m
[1;2;92m19:39:00[0m [2mTraceback [0m[1;2m([0m[2mmost recent call last[0m[1;2m)[0m[2m:[0m
[2m  File [0m[2;32m"/Users/Tyler.Steinhaus/Documents/Mastery/space game/play.py"[0m[2m, line [0m[1;2;36m2196[0m[2m,[0m
[2min trader_loop[0m
[2m    [0m[1;2;35m_trader_loop_inner[0m[1;2m([0m[2mship_symbol, stop_event[0m[1;2m)[0m
[2m    ~~~~~~~~~~~~~~~~~~^^^^^^^^^^^^^^^^^^^^^^^^^[0m
[2m  File [0m[2;32m"/Users/Tyler.Steinhaus/Documents/Mastery/space game/play.py"[0m[2m, line [0m[1;2;36m2217[0m[2m,[0m
[2min _trader_loop_inner[0m
[2m    _contract_good = _active_contract[0m[1;2m[[0m[2;32m"tradeSymbol"[0m[1;2m][0m[2m if _active_contract else [0m
[2;3;35mNone[0m
[2m                     ~~~~~~~~~~~~~~~~^^^^^^^^^^^^^^^[0m
[2mKeyError: [0m[2;32m'tradeSymbol'[0m

[1;2;92m19:39:01[0m [96mTYLERMASTERY2-[0m[1;96m6[0m [33mno reachable intermediate waypoint en route to [0m
[33mX1-KU6-C50 — will drift[0m
[1;2;92m19:39:01[0m [35mTYLERMASTERY2-[0m[1;35m3[0m [36msell-only → X1-KU6-B47 [0m[1;36m([0m[36mdist [0m[1;36m15[0m[36m, fuel cap [0m[1;36m80[0m[1;36m)[0m
[1;2;92m19:39:01[0m [35mTYLERMASTERY2-[0m[1;35m3[0m [36m⚓ thread started | mining: __SELL_ONLY__ → X1-KU6-B7[0m
[1;2;92m19:39:01[0m [34mTYLERMASTERY2-[0m[1;34m5[0m [36msell-only → X1-KU6-B47 [0m[1;36m([0m[36mdist [0m[1;36m15[0m[36m, fuel cap [0m[1;36m600[0m[1;36m)[0m
[1;2;92m19:39:01[0m [34mTYLERMASTERY2-[0m[1;34m5[0m [36m⚓ thread started | mining: IRON → X1-KU6-E56[0m
[1;2;92m19:39:01[0m [36mTYLERMASTERY2-[0m[1;36m1[0m [36msell-only → X1-KU6-B47 [0m[1;36m([0m[36mdist [0m[1;36m15[0m[36m, fuel cap [0m[1;36m400[0m[1;36m)[0m
[1;2;92m19:39:01[0m [36mTYLERMASTERY2-[0m[1;36m1[0m [36m⚓ thread started | mining: __SELL_ONLY__ → X1-KU6-B7[0m
[1;2;92m19:39:01[0m [92mTYLERMASTERY2-[0m[1;92m7[0m [33mno reachable intermediate waypoint en route to [0m
[33mX1-KU6-C50 — will drift[0m
[1;2;92m19:39:01[0m [93mTYLERMASTERY2-[0m[1;93m9[0m [33mno reachable intermediate waypoint en route to [0m
[33mX1-KU6-C50 — will drift[0m
[1;2;92m19:39:01[0m [36mTYLERMASTERY2-[0m[1;36m1[0m [2mpreflight refuel at X1-KU6-B7 [0m[1;2m([0m[2;33mwp[0m[2m=[0m[2;35mX1[0m[2m-KU6-A1, [0m
[2;33mfuel[0m[2m=[0m[1;2;36m57[0m[2m/[0m[1;2;36m400[0m[1;2m)[0m
[1;2;92m19:39:01[0m [35mTYLERMASTERY2-[0m[1;35m3[0m [2mpreflight refuel at X1-KU6-B7 [0m[1;2m([0m[2;33mwp[0m[2m=[0m[2;35mX1[0m[2m-KU6-A2, [0m
[2;33mfuel[0m[2m=[0m[1;2;36m64[0m[2m/[0m[1;2;36m80[0m[1;2m)[0m
[1;2;92m19:39:08[0m [34mTYLERMASTERY2-[0m[1;34m5[0m [2mpreflight refuel at X1-KU6-B7 [0m[1;2m([0m[2;33mwp[0m[2m=[0m[2;35mX1[0m[2m-KU6-J68, [0m
[2;33mfuel[0m[2m=[0m[1;2;36m329[0m[2m/[0m[1;2;36m600[0m[1;2m)[0m
[1;2;92m19:39:11[0m [92mTYLERMASTERY2-[0m[1;92m7[0m [2mreset to CRUISE mode[0m
[1;2;92m19:39:11[0m [92mTYLERMASTERY2-[0m[1;92m7[0m [34m🚀 Navigating → X1-KU6-C50[0m
[1;2;92m19:39:12[0m [36mTYLERMASTERY2-[0m[1;36m1[0m [33mno reachable intermediate waypoint en route to [0m
[33mX1-KU6-B7 — will drift[0m
[1;2;92m19:39:15[0m [35mTYLERMASTERY2-[0m[1;35m3[0m [33mno reachable intermediate waypoint en route to [0m
[33mX1-KU6-B7 — will drift[0m
[1;2;92m19:39:16[0m [95mTYLERMASTERY2-[0m[1;95m8[0m [2mcruise hop → X1-KU6-C52 [0m[1;2m([0m[2mclosing drift gap to [0m
[2mX1-KU6-B7[0m[1;2m)[0m
[1;2;92m19:39:23[0m [34mTYLERMASTERY2-[0m[1;34m5[0m [2mrefuel hop → X1-KU6-I65 [0m[1;2m([0m[2men route to X1-KU6-B7[0m[1;2m)[0m
[1;2;92m19:39:25[0m [95mTYLERMASTERY2-[0m[1;95m8[0m [2mreset to CRUISE mode[0m
[1;2;92m19:39:25[0m [95mTYLERMASTERY2-[0m[1;95m8[0m [34m🚀 Navigating → X1-KU6-C52[0m
[1;2;92m19:39:26[0m [35mTYLERMASTERY2-[0m[1;35m3[0m [33m⏳ in transit [0m[1;33m([0m[33m~31m 16s[0m[1;33m)[0m[33m...[0m
[1;2;92m19:39:28[0m [96mTYLERMASTERY2-[0m[1;96m6[0m [2mreset to CRUISE mode[0m
[1;2;92m19:39:28[0m [96mTYLERMASTERY2-[0m[1;96m6[0m [34m🚀 Navigating → X1-KU6-C50[0m
[1;2;92m19:39:29[0m [93mTYLERMASTERY2-[0m[1;93m9[0m [2mreset to CRUISE mode[0m
[1;2;92m19:39:29[0m [93mTYLERMASTERY2-[0m[1;93m9[0m [34m🚀 Navigating → X1-KU6-C50[0m
[1;2;92m19:39:30[0m [95mTYLERMASTERY2-[0m[1;95m8[0m [33m⏳ in transit [0m[1;33m([0m[33m~2m 8s[0m[1;33m)[0m[33m...[0m
[1;2;92m19:39:30[0m [36mTYLERMASTERY2-[0m[1;36m1[0m [36m↑ orbiting[0m
[1;2;92m19:39:30[0m [36mTYLERMASTERY2-[0m[1;36m1[0m [34m🚀 Navigating → X1-KU6-B7[0m
[1;2;92m19:39:30[0m [37mTYLERMASTERY2-A[0m [31m💥 trader thread crashed: [0m[31m'tradeSymbol'[0m[31m — restarting in[0m
[31m30s[0m
[1;2;92m19:39:30[0m [2mTraceback [0m[1;2m([0m[2mmost recent call last[0m[1;2m)[0m[2m:[0m
[2m  File [0m[2;32m"/Users/Tyler.Steinhaus/Documents/Mastery/space game/play.py"[0m[2m, line [0m[1;2;36m2196[0m[2m,[0m
[2min trader_loop[0m
[2m    [0m[1;2;35m_trader_loop_inner[0m[1;2m([0m[2mship_symbol, stop_event[0m[1;2m)[0m
[2m    ~~~~~~~~~~~~~~~~~~^^^^^^^^^^^^^^^^^^^^^^^^^[0m
[2m  File [0m[2;32m"/Users/Tyler.Steinhaus/Documents/Mastery/space game/play.py"[0m[2m, line [0m[1;2;36m2217[0m[2m,[0m
[2min _trader_loop_inner[0m
[2m    _contract_good = _active_contract[0m[1;2m[[0m[2;32m"tradeSymbol"[0m[1;2m][0m[2m if _active_contract else [0m
[2;3;35mNone[0m
[2m                     ~~~~~~~~~~~~~~~~^^^^^^^^^^^^^^^[0m
[2mKeyError: [0m[2;32m'tradeSymbol'[0m

[1;2;92m19:39:30[0m [37mTYLERMASTERY2-B[0m [31m💥 trader thread crashed: [0m[31m'tradeSymbol'[0m[31m — restarting in[0m
[31m30s[0m
[1;2;92m19:39:30[0m [2mTraceback [0m[1;2m([0m[2mmost recent call last[0m[1;2m)[0m[2m:[0m
[2m  File [0m[2;32m"/Users/Tyler.Steinhaus/Documents/Mastery/space game/play.py"[0m[2m, line [0m[1;2;36m2196[0m[2m,[0m
[2min trader_loop[0m
[2m    [0m[1;2;35m_trader_loop_inner[0m[1;2m([0m[2mship_symbol, stop_event[0m[1;2m)[0m
[2m    ~~~~~~~~~~~~~~~~~~^^^^^^^^^^^^^^^^^^^^^^^^^[0m
[2m  File [0m[2;32m"/Users/Tyler.Steinhaus/Documents/Mastery/space game/play.py"[0m[2m, line [0m[1;2;36m2217[0m[2m,[0m
[2min _trader_loop_inner[0m
[2m    _contract_good = _active_contract[0m[1;2m[[0m[2;32m"tradeSymbol"[0m[1;2m][0m[2m if _active_contract else [0m
[2;3;35mNone[0m
[2m                     ~~~~~~~~~~~~~~~~^^^^^^^^^^^^^^^[0m
[2mKeyError: [0m[2;32m'tradeSymbol'[0m

[1;2;92m19:39:30[0m [35m🔭 TYLERMASTERY2-[0m[1;35m4[0m[35m: [0m[1;35m1[0m[35m [0m[1;35msurvey[0m[1;35m([0m[35ms[0m[1;35m)[0m[35m added [0m[1;35m([0m[1;35m0x[0m[35m IRON hits[0m[1;35m)[0m[35m | pool: [0m[1;35m22[0m
[1;2;92m19:39:30[0m [34mTYLERMASTERY2-[0m[1;34m5[0m [36m↑ orbiting[0m
[1;2;92m19:39:30[0m [34mTYLERMASTERY2-[0m[1;34m5[0m [34m🚀 Navigating → X1-KU6-I65[0m
[1;2;92m19:39:31[0m [33mTYLERMASTERY2-[0m[1;33m4[0m [33m🌡 cooldown 69s[0m
[1;2;92m19:39:31[0m [34mTYLERMASTERY2-[0m[1;34m5[0m [33m⏳ in transit [0m[1;33m([0m[33m~7m 47s[0m[1;33m)[0m[33m...[0m
[1;2;92m19:39:42[0m [33mTYLERMASTERY2-[0m[1;33m4[0m [33m🌡 cooldown 58s[0m
[1;2;92m19:39:52[0m [33mTYLERMASTERY2-[0m[1;33m4[0m [33m🌡 cooldown 48s[0m
[1;2;92m19:40:00[0m [37mTYLERMASTERY2-A[0m [31m💥 trader thread crashed: [0m[31m'tradeSymbol'[0m[31m — restarting in[0m
[31m30s[0m
[1;2;92m19:40:00[0m [2mTraceback [0m[1;2m([0m[2mmost recent call last[0m[1;2m)[0m[2m:[0m
[2m  File [0m[2;32m"/Users/Tyler.Steinhaus/Documents/Mastery/space game/play.py"[0m[2m, line [0m[1;2;36m2196[0m[2m,[0m
[2min trader_loop[0m
[2m    [0m[1;2;35m_trader_loop_inner[0m[1;2m([0m[2mship_symbol, stop_event[0m[1;2m)[0m
[2m    ~~~~~~~~~~~~~~~~~~^^^^^^^^^^^^^^^^^^^^^^^^^[0m
[2m  File [0m[2;32m"/Users/Tyler.Steinhaus/Documents/Mastery/space game/play.py"[0m[2m, line [0m[1;2;36m2217[0m[2m,[0m
[2min _trader_loop_inner[0m
[2m    _contract_good = _active_contract[0m[1;2m[[0m[2;32m"tradeSymbol"[0m[1;2m][0m[2m if _active_contract else [0m
[2;3;35mNone[0m
[2m                     ~~~~~~~~~~~~~~~~^^^^^^^^^^^^^^^[0m
[2mKeyError: [0m[2;32m'tradeSymbol'[0m

[1;2;92m19:40:00[0m [37mTYLERMASTERY2-B[0m [31m💥 trader thread crashed: [0m[31m'tradeSymbol'[0m[31m — restarting in[0m
[31m30s[0m
[1;2;92m19:40:00[0m [2mTraceback [0m[1;2m([0m[2mmost recent call last[0m[1;2m)[0m[2m:[0m
[2m  File [0m[2;32m"/Users/Tyler.Steinhaus/Documents/Mastery/space game/play.py"[0m[2m, line [0m[1;2;36m2196[0m[2m,[0m
[2min trader_loop[0m
[2m    [0m[1;2;35m_trader_loop_inner[0m[1;2m([0m[2mship_symbol, stop_event[0m[1;2m)[0m
[2m    ~~~~~~~~~~~~~~~~~~^^^^^^^^^^^^^^^^^^^^^^^^^[0m
[2m  File [0m[2;32m"/Users/Tyler.Steinhaus/Documents/Mastery/space game/play.py"[0m[2m, line [0m[1;2;36m2217[0m[2m,[0m
[2min _trader_loop_inner[0m
[2m    _contract_good = _active_contract[0m[1;2m[[0m[2;32m"tradeSymbol"[0m[1;2m][0m[2m if _active_contract else [0m
[2;3;35mNone[0m
[2m                     ~~~~~~~~~~~~~~~~^^^^^^^^^^^^^^^[0m
[2mKeyError: [0m[2;32m'tradeSymbol'[0m

[1;2;92m19:40:00[0m [95mTYLERMASTERY2-[0m[1;95m8[0m [33m⏳ in transit [0m[1;33m([0m[33m~1m 38s[0m[1;33m)[0m[33m...[0m
[3m                      [0m[1;3mFleet Status[0m[3m  [0m[3;32m1,590,989 cr[0m[3m  [0m[2;3m19:40:01[0m[3m                      [0m
                                                                                
 [1m [0m[1mShip     [0m[1m [0m [1m [0m[1mRole     [0m[1m [0m [1m [0m[1mStatus   [0m[1m [0m [1m [0m[1mLocation  [0m[1m [0m [1m [0m[1m   Fuel[0m[1m [0m [1m [0m[1mCargo[0m[1m [0m [1m [0m[1mETA      [0m[1m [0m 
 ━━━━━━━━━━━━━━━━━━━━━━━━━━━━━━━━━━━━━━━━━━━━━━━━━━━━━━━━━━━━━━━━━━━━━━━━━━━━━━ 
 [1m [0m[1;36mTYLERMAS…[0m[1m [0m  miner       [36m↑ orbit[0m     X1-KU6-A1     57/400   33/40              
 [1m [0m[1;32mTYLERMAS…[0m[1m [0m  fleet-mgr   [32m⚓ docked[0m   X1-KU6-A1          —     0/0              
 [1m [0m[1;35mTYLERMAS…[0m[1m [0m  miner       [33m✈ transit[0m   X1-KU6-A2      64/80    0/15   [2m30m40s [0m    
 [1m           [0m                                                         [2mdrift[0m      
 [1m [0m[1;33mTYLERMAS…[0m[1m [0m  surveyor    [36m↑ orbit[0m     X1-KU6-B46     21/80     0/0              
 [1m [0m[1;34mTYLERMAS…[0m[1m [0m  hauler      [33m✈ transit[0m   X1-KU6-I65    58/600    0/80   7m17s      
 [1m [0m[1;96mTYLERMAS…[0m[1m [0m  siphoner    [36m↑ orbit[0m     X1-KU6-B7      78/80   15/15              
 [1m [0m[1;92mTYLERMAS…[0m[1m [0m  siphoner    [36m↑ orbit[0m     X1-KU6-B7      78/80   15/15              
 [1m [0m[1;95mTYLERMAS…[0m[1m [0m  siphoner    [33m✈ transit[0m   X1-KU6-C52     38/80   15/15   1m36s      
 [1m [0m[1;93mTYLERMAS…[0m[1m [0m  siphoner    [36m↑ orbit[0m     X1-KU6-B7      78/80   15/15              
 [1m [0m[1;37mTYLERMAS…[0m[1m [0m  trader      [32m⚓ docked[0m   X1-KU6-A1    600/600    0/80              
 [1m [0m[1;37mTYLERMAS…[0m[1m [0m  trader      [32m⚓ docked[0m   X1-KU6-A1    600/600    0/80              
                                                                                
  Contract: [36m░░░░░░░░░░░░░░░░░░░░░░░░░░░░░░[0m [1;36m0[0m[1m/[0m[1;36m70[0m IRON → X1-KU6-E56 [1m([0m[1;32m0[0m[32m%[0m[1m)[0m
[1;2;92m19:40:02[0m [33mTYLERMASTERY2-[0m[1;33m4[0m [33m🌡 cooldown 37s[0m
[1;2;92m19:40:16[0m [95mTYLERMASTERY2-[0m[1;95m8[0m [33m⏳ in transit [0m[1;33m([0m[33m~1m 22s[0m[1;33m)[0m[33m...[0m
[1;2;92m19:40:21[0m [95mTYLERMASTERY2-[0m[1;95m8[0m [33m⏳ in transit [0m[1;33m([0m[33m~1m 17s[0m[1;33m)[0m[33m...[0m
[1;2;92m19:40:23[0m [33mTYLERMASTERY2-[0m[1;33m4[0m [33m🌡 cooldown 17s[0m
[1;2;92m19:40:27[0m [35mTYLERMASTERY2-[0m[1;35m3[0m [33m⏳ in transit [0m[1;33m([0m[33m~30m 15s[0m[1;33m)[0m[33m...[0m
[1;2;92m19:40:28[0m [95mTYLERMASTERY2-[0m[1;95m8[0m [33m⏳ in transit [0m[1;33m([0m[33m~1m 10s[0m[1;33m)[0m[33m...[0m
[1;2;92m19:40:30[0m [37mTYLERMASTERY2-A[0m [31m💥 trader thread crashed: [0m[31m'tradeSymbol'[0m[31m — restarting in[0m
[31m30s[0m
[1;2;92m19:40:30[0m [2mTraceback [0m[1;2m([0m[2mmost recent call last[0m[1;2m)[0m[2m:[0m
[2m  File [0m[2;32m"/Users/Tyler.Steinhaus/Documents/Mastery/space game/play.py"[0m[2m, line [0m[1;2;36m2196[0m[2m,[0m
[2min trader_loop[0m
[2m    [0m[1;2;35m_trader_loop_inner[0m[1;2m([0m[2mship_symbol, stop_event[0m[1;2m)[0m
[2m    ~~~~~~~~~~~~~~~~~~^^^^^^^^^^^^^^^^^^^^^^^^^[0m
[2m  File [0m[2;32m"/Users/Tyler.Steinhaus/Documents/Mastery/space game/play.py"[0m[2m, line [0m[1;2;36m2217[0m[2m,[0m
[2min _trader_loop_inner[0m
[2m    _contract_good = _active_contract[0m[1;2m[[0m[2;32m"tradeSymbol"[0m[1;2m][0m[2m if _active_contract else [0m
[2;3;35mNone[0m
[2m                     ~~~~~~~~~~~~~~~~^^^^^^^^^^^^^^^[0m
[2mKeyError: [0m[2;32m'tradeSymbol'[0m

[1;2;92m19:40:30[0m [37mTYLERMASTERY2-B[0m [31m💥 trader thread crashed: [0m[31m'tradeSymbol'[0m[31m — restarting in[0m
[31m30s[0m
[1;2;92m19:40:30[0m [2mTraceback [0m[1;2m([0m[2mmost recent call last[0m[1;2m)[0m[2m:[0m
[2m  File [0m[2;32m"/Users/Tyler.Steinhaus/Documents/Mastery/space game/play.py"[0m[2m, line [0m[1;2;36m2196[0m[2m,[0m
[2min trader_loop[0m
[2m    [0m[1;2;35m_trader_loop_inner[0m[1;2m([0m[2mship_symbol, stop_event[0m[1;2m)[0m
[2m    ~~~~~~~~~~~~~~~~~~^^^^^^^^^^^^^^^^^^^^^^^^^[0m
[2m  File [0m[2;32m"/Users/Tyler.Steinhaus/Documents/Mastery/space game/play.py"[0m[2m, line [0m[1;2;36m2217[0m[2m,[0m
[2min _trader_loop_inner[0m
[2m    _contract_good = _active_contract[0m[1;2m[[0m[2;32m"tradeSymbol"[0m[1;2m][0m[2m if _active_contract else [0m
[2;3;35mNone[0m
[2m                     ~~~~~~~~~~~~~~~~^^^^^^^^^^^^^^^[0m
[2mKeyError: [0m[2;32m'tradeSymbol'[0m

[1;2;92m19:40:33[0m [33mTYLERMASTERY2-[0m[1;33m4[0m [33m🌡 cooldown 6s[0m
[1;2;92m19:40:34[0m [95mTYLERMASTERY2-[0m[1;95m8[0m [33m⏳ in transit [0m[1;33m([0m[33m~1m 4s[0m[1;33m)[0m[33m...[0m
[1;2;92m19:40:36[0m [34mTYLERMASTERY2-[0m[1;34m5[0m [33m⏳ in transit [0m[1;33m([0m[33m~6m 42s[0m[1;33m)[0m[33m...[0m
[1;2;92m19:40:39[0m [95mTYLERMASTERY2-[0m[1;95m8[0m [33m⏳ in transit [0m[1;33m([0m[33m~59s[0m[1;33m)[0m[33m...[0m
[1;2;92m19:40:40[0m [35m🔭 TYLERMASTERY2-[0m[1;35m4[0m[35m: [0m[1;35m1[0m[35m [0m[1;35msurvey[0m[1;35m([0m[35ms[0m[1;35m)[0m[35m added [0m[1;35m([0m[1;35m0x[0m[35m IRON hits[0m[1;35m)[0m[35m | pool: [0m[1;35m23[0m
[1;2;92m19:40:41[0m [33mTYLERMASTERY2-[0m[1;33m4[0m [33m🌡 cooldown 69s[0m
[1;2;92m19:40:45[0m [95mTYLERMASTERY2-[0m[1;95m8[0m [33m⏳ in transit [0m[1;33m([0m[33m~53s[0m[1;33m)[0m[33m...[0m
[1;2;92m19:40:45[0m [92mTYLERMASTERY2-[0m[1;92m7[0m [33m⚠ insufficient fuel for X1-KU6-C50 — attempting local [0m
[33mrefuel[0m
[1;2;92m19:40:46[0m [92mTYLERMASTERY2-[0m[1;92m7[0m [36m⚓ docked[0m
[1;2;92m19:40:46[0m [96mTYLERMASTERY2-[0m[1;96m6[0m [33m⚠ insufficient fuel for X1-KU6-C50 — attempting local [0m
[33mrefuel[0m
[1;2;92m19:40:48[0m [36mTYLERMASTERY2-[0m[1;36m1[0m [33m⚠ insufficient fuel for X1-KU6-B7 — attempting local [0m
[33mrefuel[0m
[1;2;92m19:40:53[0m [32m⛽ Refueled to [0m[1;32m80[0m[32m/[0m[1;32m80[0m
[1;2;92m19:40:56[0m [33mTYLERMASTERY2-[0m[1;33m4[0m [33m🌡 cooldown 54s[0m
[1;2;92m19:40:56[0m [96mTYLERMASTERY2-[0m[1;96m6[0m [36m⚓ docked[0m
[1;2;92m19:40:57[0m [36mTYLERMASTERY2-[0m[1;36m1[0m [36m⚓ docked[0m
[1;2;92m19:40:58[0m [93mTYLERMASTERY2-[0m[1;93m9[0m [33m⚠ insufficient fuel for X1-KU6-C50 — attempting local [0m
[33mrefuel[0m
[1;2;92m19:41:00[0m [37mTYLERMASTERY2-A[0m [31m💥 trader thread crashed: [0m[31m'tradeSymbol'[0m[31m — restarting in[0m
[31m30s[0m
[1;2;92m19:41:00[0m [2mTraceback [0m[1;2m([0m[2mmost recent call last[0m[1;2m)[0m[2m:[0m
[2m  File [0m[2;32m"/Users/Tyler.Steinhaus/Documents/Mastery/space game/play.py"[0m[2m, line [0m[1;2;36m2196[0m[2m,[0m
[2min trader_loop[0m
[2m    [0m[1;2;35m_trader_loop_inner[0m[1;2m([0m[2mship_symbol, stop_event[0m[1;2m)[0m
[2m    ~~~~~~~~~~~~~~~~~~^^^^^^^^^^^^^^^^^^^^^^^^^[0m
[2m  File [0m[2;32m"/Users/Tyler.Steinhaus/Documents/Mastery/space game/play.py"[0m[2m, line [0m[1;2;36m2217[0m[2m,[0m
[2min _trader_loop_inner[0m
[2m    _contract_good = _active_contract[0m[1;2m[[0m[2;32m"tradeSymbol"[0m[1;2m][0m[2m if _active_contract else [0m
[2;3;35mNone[0m
[2m                     ~~~~~~~~~~~~~~~~^^^^^^^^^^^^^^^[0m
[2mKeyError: [0m[2;32m'tradeSymbol'[0m

[1;2;92m19:41:00[0m [37mTYLERMASTERY2-B[0m [31m💥 trader thread crashed: [0m[31m'tradeSymbol'[0m[31m — restarting in[0m
[31m30s[0m
[1;2;92m19:41:00[0m [2mTraceback [0m[1;2m([0m[2mmost recent call last[0m[1;2m)[0m[2m:[0m
[2m  File [0m[2;32m"/Users/Tyler.Steinhaus/Documents/Mastery/space game/play.py"[0m[2m, line [0m[1;2;36m2196[0m[2m,[0m
[2min trader_loop[0m
[2m    [0m[1;2;35m_trader_loop_inner[0m[1;2m([0m[2mship_symbol, stop_event[0m[1;2m)[0m
[2m    ~~~~~~~~~~~~~~~~~~^^^^^^^^^^^^^^^^^^^^^^^^^[0m
[2m  File [0m[2;32m"/Users/Tyler.Steinhaus/Documents/Mastery/space game/play.py"[0m[2m, line [0m[1;2;36m2217[0m[2m,[0m
[2min _trader_loop_inner[0m
[2m    _contract_good = _active_contract[0m[1;2m[[0m[2;32m"tradeSymbol"[0m[1;2m][0m[2m if _active_contract else [0m
[2;3;35mNone[0m
[2m                     ~~~~~~~~~~~~~~~~^^^^^^^^^^^^^^^[0m
[2mKeyError: [0m[2;32m'tradeSymbol'[0m

[1;2;92m19:41:01[0m [95mTYLERMASTERY2-[0m[1;95m8[0m [33m⏳ in transit [0m[1;33m([0m[33m~36s[0m[1;33m)[0m[33m...[0m
[1;2;92m19:41:03[0m [32m⛽ Refueled to [0m[1;32m80[0m[32m/[0m[1;32m80[0m
[1;2;92m19:41:04[0m [93mTYLERMASTERY2-[0m[1;93m9[0m [36m⚓ docked[0m
[1;2;92m19:41:08[0m [33mTYLERMASTERY2-[0m[1;33m4[0m [33m🌡 cooldown 42s[0m
[3m                      [0m[1;3mFleet Status[0m[3m  [0m[3;32m1,590,843 cr[0m[3m  [0m[2;3m19:41:14[0m[3m                      [0m
                                                                                
 [1m [0m[1mShip     [0m[1m [0m [1m [0m[1mRole     [0m[1m [0m [1m [0m[1mStatus   [0m[1m [0m [1m [0m[1mLocation  [0m[1m [0m [1m [0m[1m   Fuel[0m[1m [0m [1m [0m[1mCargo[0m[1m [0m [1m [0m[1mETA      [0m[1m [0m 
 ━━━━━━━━━━━━━━━━━━━━━━━━━━━━━━━━━━━━━━━━━━━━━━━━━━━━━━━━━━━━━━━━━━━━━━━━━━━━━━ 
 [1m [0m[1;36mTYLERMAS…[0m[1m [0m  miner       [32m⚓ docked[0m   X1-KU6-A1     57/400   33/40              
 [1m [0m[1;32mTYLERMAS…[0m[1m [0m  fleet-mgr   [32m⚓ docked[0m   X1-KU6-A1          —     0/0              
 [1m [0m[1;35mTYLERMAS…[0m[1m [0m  miner       [33m✈ transit[0m   X1-KU6-A2      64/80    0/15   [2m29m28s [0m    
 [1m           [0m                                                         [2mdrift[0m      
 [1m [0m[1;33mTYLERMAS…[0m[1m [0m  surveyor    [36m↑ orbit[0m     X1-KU6-B46     21/80     0/0              
 [1m [0m[1;34mTYLERMAS…[0m[1m [0m  hauler      [33m✈ transit[0m   X1-KU6-I65    58/600    0/80   6m5s       
 [1m [0m[1;96mTYLERMAS…[0m[1m [0m  siphoner    [32m⚓ docked[0m   X1-KU6-B7      80/80   15/15              
 [1m [0m[1;92mTYLERMAS…[0m[1m [0m  siphoner    [36m↑ orbit[0m     X1-KU6-B7      80/80   15/15              
 [1m [0m[1;95mTYLERMAS…[0m[1m [0m  siphoner    [33m✈ transit[0m   X1-KU6-C52     38/80   15/15   24s        
 [1m [0m[1;93mTYLERMAS…[0m[1m [0m  siphoner    [32m⚓ docked[0m   X1-KU6-B7      78/80   15/15              
 [1m [0m[1;37mTYLERMAS…[0m[1m [0m  trader      [32m⚓ docked[0m   X1-KU6-A1    600/600    0/80              
 [1m [0m[1;37mTYLERMAS…[0m[1m [0m  trader      [32m⚓ docked[0m   X1-KU6-A1    600/600    0/80              
                                                                                
  Contract: [36m░░░░░░░░░░░░░░░░░░░░░░░░░░░░░░[0m [1;36m0[0m[1m/[0m[1;36m70[0m IRON → X1-KU6-E56 [1m([0m[1;32m0[0m[32m%[0m[1m)[0m
[1;2;92m19:41:16[0m [95mTYLERMASTERY2-[0m[1;95m8[0m [33m⏳ in transit [0m[1;33m([0m[33m~22s[0m[1;33m)[0m[33m...[0m
[1;2;92m19:41:19[0m [32m⛽ Refueled to [0m[1;32m80[0m[32m/[0m[1;32m80[0m
[1;2;92m19:41:27[0m [33mTYLERMASTERY2-[0m[1;33m4[0m [33m🌡 cooldown 23s[0m
[1;2;92m19:41:30[0m [95mTYLERMASTERY2-[0m[1;95m8[0m [33m⏳ in transit [0m[1;33m([0m[33m~8s[0m[1;33m)[0m[33m...[0m
[1;2;92m19:41:30[0m [32m⛽ Refueled to [0m[1;32m400[0m[32m/[0m[1;32m400[0m
[1;2;92m19:41:30[0m [37mTYLERMASTERY2-A[0m [31m💥 trader thread crashed: [0m[31m'tradeSymbol'[0m[31m — restarting in[0m
[31m30s[0m
[1;2;92m19:41:30[0m [2mTraceback [0m[1;2m([0m[2mmost recent call last[0m[1;2m)[0m[2m:[0m
[2m  File [0m[2;32m"/Users/Tyler.Steinhaus/Documents/Mastery/space game/play.py"[0m[2m, line [0m[1;2;36m2196[0m[2m,[0m
[2min trader_loop[0m
[2m    [0m[1;2;35m_trader_loop_inner[0m[1;2m([0m[2mship_symbol, stop_event[0m[1;2m)[0m
[2m    ~~~~~~~~~~~~~~~~~~^^^^^^^^^^^^^^^^^^^^^^^^^[0m
[2m  File [0m[2;32m"/Users/Tyler.Steinhaus/Documents/Mastery/space game/play.py"[0m[2m, line [0m[1;2;36m2217[0m[2m,[0m
[2min _trader_loop_inner[0m
[2m    _contract_good = _active_contract[0m[1;2m[[0m[2;32m"tradeSymbol"[0m[1;2m][0m[2m if _active_contract else [0m
[2;3;35mNone[0m
[2m                     ~~~~~~~~~~~~~~~~^^^^^^^^^^^^^^^[0m
[2mKeyError: [0m[2;32m'tradeSymbol'[0m

[1;2;92m19:41:30[0m [37mTYLERMASTERY2-B[0m [31m💥 trader thread crashed: [0m[31m'tradeSymbol'[0m[31m — restarting in[0m
[31m30s[0m
[1;2;92m19:41:30[0m [2mTraceback [0m[1;2m([0m[2mmost recent call last[0m[1;2m)[0m[2m:[0m
[2m  File [0m[2;32m"/Users/Tyler.Steinhaus/Documents/Mastery/space game/play.py"[0m[2m, line [0m[1;2;36m2196[0m[2m,[0m
[2min trader_loop[0m
[2m    [0m[1;2;35m_trader_loop_inner[0m[1;2m([0m[2mship_symbol, stop_event[0m[1;2m)[0m
[2m    ~~~~~~~~~~~~~~~~~~^^^^^^^^^^^^^^^^^^^^^^^^^[0m
[2m  File [0m[2;32m"/Users/Tyler.Steinhaus/Documents/Mastery/space game/play.py"[0m[2m, line [0m[1;2;36m2217[0m[2m,[0m
[2min _trader_loop_inner[0m
[2m    _contract_good = _active_contract[0m[1;2m[[0m[2;32m"tradeSymbol"[0m[1;2m][0m[2m if _active_contract else [0m
[2;3;35mNone[0m
[2m                     ~~~~~~~~~~~~~~~~^^^^^^^^^^^^^^^[0m
[2mKeyError: [0m[2;32m'tradeSymbol'[0m

[1;2;92m19:41:32[0m [36mTYLERMASTERY2-[0m[1;36m1[0m [33m⏳ in transit [0m[1;33m([0m[33m~4m 1s[0m[1;33m)[0m[33m...[0m
[1;2;92m19:41:35[0m [35mTYLERMASTERY2-[0m[1;35m3[0m [33m⏳ in transit [0m[1;33m([0m[33m~29m 7s[0m[1;33m)[0m[33m...[0m
[1;2;92m19:41:35[0m [95mTYLERMASTERY2-[0m[1;95m8[0m [33m⏳ in transit [0m[1;33m([0m[33m~2s[0m[1;33m)[0m[33m...[0m
[1;2;92m19:41:37[0m [34mTYLERMASTERY2-[0m[1;34m5[0m [33m⏳ in transit [0m[1;33m([0m[33m~5m 41s[0m[1;33m)[0m[33m...[0m
[1;2;92m19:41:37[0m [33mTYLERMASTERY2-[0m[1;33m4[0m [33m🌡 cooldown 12s[0m
[1;2;92m19:41:42[0m [95mTYLERMASTERY2-[0m[1;95m8[0m [32m✓[0m arrived at [1mX1-KU6-C52[0m
[1;2;92m19:41:48[0m [95mTYLERMASTERY2-[0m[1;95m8[0m [33mno reachable intermediate waypoint en route to [0m
[33mX1-KU6-B7 — will drift[0m
[36m╭──────────────────────────────────────────────────────────────────────────────╮[0m
[36m│[0m [1;36mSpaceTraders Automation[0m                                                      [36m│[0m
[36m│[0m Goal: Complete contracts → buy ships → upgrade → repeat indefinitely         [36m│[0m
[36m╰──────────────────────────────────────────────────────────────────────────────╯[0m
[1;2;92m19:42:06[0m [36mAgent: TYLERMASTERY2 | HQ: X1-KU6-A1 | System: X1-KU6[0m
[1;2;92m19:42:06[0m [36mLoaded config from DB: [0m[36mASTEROID[0m[36m=[0m[36mX1[0m[36m-KU6-B46 | [0m[36mBASE[0m[36m=[0m[36mX1[0m[36m-KU6-B7[0m
[1;2;92m19:42:06[0m [36mShipyards: [0m[1;36m[[0m[36m'X1-KU6-A2'[0m[36m, [0m[36m'X1-KU6-C51'[0m[36m, [0m[36m'X1-KU6-H62'[0m[1;36m][0m[36m | HQ: X1-KU6-A1[0m
[1;2;92m19:42:06[0m [2mWarm-loaded [0m[1;2;36m28[0m[2m markets, [0m[1;2;36m47[0m[2m goods from DB[0m
[1;2;92m19:42:06[0m [2mWarm-loaded [0m[1;2;36m23[0m[2m active [0m[1;2;35msurvey[0m[1;2m([0m[2ms[0m[1;2m)[0m[2m from DB[0m
[1;2;92m19:42:06[0m [2mScanning system for markets[0m[2;33m...[0m
[1;2;92m19:42:29[0m [2mFound [0m[1;2;36m28[0m[2m [0m[1;2;35mmarket[0m[1;2m([0m[2ms[0m[1;2m)[0m[2m: X1-KU6-A1, X1-KU6-CD5E, X1-KU6-B6, X1-KU6-B7, [0m
[2mX1-KU6-C52, X1-KU6-D53, X1-KU6-E55, X1-KU6-F57, X1-KU6-G59, X1-KU6-H61, [0m
[2mX1-KU6-I65, X1-KU6-I66, X1-KU6-J67, X1-KU6-J68, X1-KU6-K90, X1-KU6-A2, [0m
[2mX1-KU6-A3, X1-KU6-A4, X1-KU6-C51, X1-KU6-D54, X1-KU6-E56, X1-KU6-F58, [0m
[2mX1-KU6-H62, X1-KU6-H63, X1-KU6-H64, X1-KU6-K92, X1-KU6-K93, X1-KU6-K94[0m
[1;2;92m19:42:54[0m [2mGood sources: [0m[1;2;36m47[0m[2m goods indexed, [0m[1;2;36m45[0m[2m buyable goods across [0m[1;2;36m28[0m[2m markets[0m
[1;2;92m19:42:56[0m [1m─── Loop [0m[1;36m1[0m[1m | Credits: [0m[1;36m1[0m[1m,[0m[1;36m590[0m[1m,[0m[1;36m482[0m[1m | Ships: [0m[1;36m11[0m[1m ───[0m
[1;2;92m19:43:36[0m [33m⚠ Resuming accepted contract cmq8ri0lsgytvri6zaxgcw1qe [0m[1;33m([0m[33mpayout [0m[1;33m13[0m[33m,[0m[1;33m558[0m[33m [0m
[33mcr[0m[1;33m)[0m[33m — no choice[0m
[33m╭─[0m[33m─────────────────────────────[0m[33m Working Contract [0m[33m─────────────────────────────[0m[33m─╮[0m
[33m│[0m [1mContract:[0m cmq8ri0lsgytvri6zaxgcw1qe                                          [33m│[0m
[33m│[0m [1mType:[0m PROCUREMENT                                                            [33m│[0m
[33m│[0m [1mPayment:[0m 5,272 + 13,558 cr                                                   [33m│[0m
[33m│[0m [1mAccepted:[0m True                                                               [33m│[0m
[33m╰──────────────────────────────────────────────────────────────────────────────╯[0m
[1;2;92m19:43:36[0m   Deliver: 7[1;36m0x[0m IRON → X1-KU6-E56 [1m([0m[1;36m0[0m done[1m)[0m
[1;2;92m19:43:36[0m [36mDirect-buy contract: hauler TYLERMASTERY2-[0m[1;36m5[0m[36m handles buy/deliver; [0m[1;36m2[0m[36m [0m
[1;36mminer[0m[1;36m([0m[36ms[0m[1;36m)[0m[36m mine for income[0m
[1;2;92m19:43:36[0m [1mLaunching [0m[1;36m2[0m[1m miner [0m[1;35mthread[0m[1m([0m[1ms[0m[1m)[0m[1m: [0m[1m[[0m[1;32m'TYLERMASTERY2-1'[0m[1m, [0m[1;32m'TYLERMASTERY2-3'[0m[1m][0m
[1;2;92m19:43:36[0m [35mLaunching [0m[1;35m1[0m[35m surveyor [0m[1;35mthread[0m[1;35m([0m[35ms[0m[1;35m)[0m[35m: [0m[1;35m[[0m[35m'TYLERMASTERY2-4'[0m[1;35m][0m
[1;2;92m19:43:36[0m [34mLaunching [0m[1;34m1[0m[34m [0m[1;34mhauler[0m[1;34m([0m[34ms[0m[1;34m)[0m[34m as contract [0m[1;34mbuyer[0m[1;34m([0m[34ms[0m[1;34m)[0m[34m: [0m[1;34m[[0m[34m'TYLERMASTERY2-5'[0m[1;34m][0m
[1;2;92m19:43:36[0m [34mLaunching [0m[1;34m2[0m[34m [0m[1;34mhauler[0m[1;34m([0m[34ms[0m[1;34m)[0m[34m as [0m[1;34mtrader[0m[1;34m([0m[34ms[0m[1;34m)[0m[34m [0m[1;34m([0m[34mdirect-buy contract[0m[1;34m)[0m[34m: [0m
[1;34m[[0m[34m'TYLERMASTERY2-A'[0m[34m, [0m[34m'TYLERMASTERY2-B'[0m[1;34m][0m
[1;2;92m19:43:36[0m [34mLaunching [0m[1;34m4[0m[34m siphoner [0m[1;34mthread[0m[1;34m([0m[34ms[0m[1;34m)[0m[34m: [0m[1;34m[[0m[34m'TYLERMASTERY2-6'[0m[34m, [0m[34m'TYLERMASTERY2-7'[0m[34m, [0m
[34m'TYLERMASTERY2-8'[0m[34m, [0m[34m'TYLERMASTERY2-9'[0m[1;34m][0m
[1;2;92m19:43:36[0m [33mTYLERMASTERY2-[0m[1;33m4[0m [35m🔭 surveyor thread started[0m
[1;2;92m19:43:36[0m [37mTYLERMASTERY2-A[0m [35m💹 trader thread started[0m
[1;2;92m19:43:36[0m [37mTYLERMASTERY2-B[0m [35m💹 trader thread started[0m
[1;2;92m19:43:36[0m [96mTYLERMASTERY2-[0m[1;96m6[0m [34m🌀 siphon thread started[0m
[1;2;92m19:43:36[0m [92mTYLERMASTERY2-[0m[1;92m7[0m [34m🌀 siphon thread started[0m
[1;2;92m19:43:36[0m [95mTYLERMASTERY2-[0m[1;95m8[0m [34m🌀 siphon thread started[0m
[1;2;92m19:43:36[0m [93mTYLERMASTERY2-[0m[1;93m9[0m [34m🌀 siphon thread started[0m
[1;2;92m19:43:36[0m [2m⚙  Fleet manager thread started[0m
[1;2;92m19:43:36[0m [96mTYLERMASTERY2-[0m[1;96m6[0m [34m🌀 targeting gas giant X1-KU6-C50[0m
[1;2;92m19:43:36[0m [92mTYLERMASTERY2-[0m[1;92m7[0m [34m🌀 targeting gas giant X1-KU6-C50[0m
[1;2;92m19:43:36[0m [93mTYLERMASTERY2-[0m[1;93m9[0m [34m🌀 targeting gas giant X1-KU6-C50[0m
[1;2;92m19:43:36[0m [37mTYLERMASTERY2-B[0m [2mno profitable arbitrage found — waiting 5min[0m
[1;2;92m19:43:36[0m [95mTYLERMASTERY2-[0m[1;95m8[0m [34m🌀 targeting gas giant X1-KU6-C50[0m
[1;2;92m19:43:36[0m [37mTYLERMASTERY2-A[0m [2mno profitable arbitrage found — waiting 5min[0m
[1;2;92m19:43:37[0m [2mAsteroid cache: [0m[1;2;36m63[0m[2m candidates loaded[0m
[1;2;92m19:43:37[0m [35mTYLERMASTERY2-[0m[1;35m3[0m [36msell-only → X1-KU6-B47 [0m[1;36m([0m[36mdist [0m[1;36m15[0m[36m, fuel cap [0m[1;36m80[0m[1;36m)[0m
[1;2;92m19:43:37[0m [35mTYLERMASTERY2-[0m[1;35m3[0m [36m⚓ thread started | mining: __SELL_ONLY__ → X1-KU6-B7[0m
[1;2;92m19:43:37[0m [96mTYLERMASTERY2-[0m[1;96m6[0m [33mno reachable intermediate waypoint en route to [0m
[33mX1-KU6-C50 — will drift[0m
[1;2;92m19:43:37[0m [93mTYLERMASTERY2-[0m[1;93m9[0m [33mno reachable intermediate waypoint en route to [0m
[33mX1-KU6-C50 — will drift[0m
[1;2;92m19:43:37[0m [95mTYLERMASTERY2-[0m[1;95m8[0m [33mno reachable intermediate waypoint en route to [0m
[33mX1-KU6-C50 — will drift[0m
[1;2;92m19:43:37[0m [92mTYLERMASTERY2-[0m[1;92m7[0m [33mno reachable intermediate waypoint en route to [0m
[33mX1-KU6-C50 — will drift[0m
[1;2;92m19:43:37[0m [34mTYLERMASTERY2-[0m[1;34m5[0m [36msell-only → X1-KU6-B47 [0m[1;36m([0m[36mdist [0m[1;36m15[0m[36m, fuel cap [0m[1;36m600[0m[1;36m)[0m
[1;2;92m19:43:37[0m [34mTYLERMASTERY2-[0m[1;34m5[0m [36m⚓ thread started | mining: IRON → X1-KU6-E56[0m
[1;2;92m19:43:37[0m [36mTYLERMASTERY2-[0m[1;36m1[0m [36msell-only → X1-KU6-B47 [0m[1;36m([0m[36mdist [0m[1;36m15[0m[36m, fuel cap [0m[1;36m400[0m[1;36m)[0m
[1;2;92m19:43:37[0m [36mTYLERMASTERY2-[0m[1;36m1[0m [36m⚓ thread started | mining: __SELL_ONLY__ → X1-KU6-B7[0m
[1;2;92m19:43:37[0m [35mTYLERMASTERY2-[0m[1;35m3[0m [2mpreflight refuel at X1-KU6-B7 [0m[1;2m([0m[2;33mwp[0m[2m=[0m[2;35mX1[0m[2m-KU6-A2, [0m
[2;33mfuel[0m[2m=[0m[1;2;36m64[0m[2m/[0m[1;2;36m80[0m[1;2m)[0m
[1;2;92m19:43:37[0m [34mTYLERMASTERY2-[0m[1;34m5[0m [2mpreflight refuel at X1-KU6-B7 [0m[1;2m([0m[2;33mwp[0m[2m=[0m[2;35mX1[0m[2m-KU6-I65, [0m
[2;33mfuel[0m[2m=[0m[1;2;36m58[0m[2m/[0m[1;2;36m600[0m[1;2m)[0m
[1;2;92m19:43:37[0m [36mTYLERMASTERY2-[0m[1;36m1[0m [2mpreflight refuel at X1-KU6-B7 [0m[1;2m([0m[2;33mwp[0m[2m=[0m[2;35mX1[0m[2m-KU6-B7, [0m
[2;33mfuel[0m[2m=[0m[1;2;36m77[0m[2m/[0m[1;2;36m400[0m[1;2m)[0m
[1;2;92m19:43:38[0m [96mTYLERMASTERY2-[0m[1;96m6[0m [34m🚀 Navigating → X1-KU6-C50[0m
[1;2;92m19:43:38[0m [35mTYLERMASTERY2-[0m[1;35m3[0m [33mno reachable intermediate waypoint en route to [0m
[33mX1-KU6-B7 — will drift[0m
[1;2;92m19:43:38[0m [93mTYLERMASTERY2-[0m[1;93m9[0m [34m🚀 Navigating → X1-KU6-C50[0m
[1;2;92m19:43:38[0m [95mTYLERMASTERY2-[0m[1;95m8[0m [34m🚀 Navigating → X1-KU6-C50[0m
[1;2;92m19:43:38[0m [92mTYLERMASTERY2-[0m[1;92m7[0m [34m🚀 Navigating → X1-KU6-C50[0m
[1;2;92m19:43:38[0m [34mTYLERMASTERY2-[0m[1;34m5[0m [33mno reachable intermediate waypoint en route to [0m
[33mX1-KU6-B7 — will drift[0m
[1;2;92m19:43:44[0m [36mTYLERMASTERY2-[0m[1;36m1[0m [33m⏳ in transit [0m[1;33m([0m[33m~1m 49s[0m[1;33m)[0m[33m...[0m
[1;2;92m19:43:45[0m [35m🔭 TYLERMASTERY2-[0m[1;35m4[0m[35m: [0m[1;35m1[0m[35m [0m[1;35msurvey[0m[1;35m([0m[35ms[0m[1;35m)[0m[35m added [0m[1;35m([0m[1;35m0x[0m[35m IRON hits[0m[1;35m)[0m[35m | pool: [0m[1;35m23[0m
[1;2;92m19:43:49[0m [34mTYLERMASTERY2-[0m[1;34m5[0m [33m⏳ in transit [0m[1;33m([0m[33m~3m 29s[0m[1;33m)[0m[33m...[0m
[1;2;92m19:43:51[0m [35mTYLERMASTERY2-[0m[1;35m3[0m [33m⏳ in transit [0m[1;33m([0m[33m~26m 51s[0m[1;33m)[0m[33m...[0m
[1;2;92m19:43:54[0m [36mTYLERMASTERY2-[0m[1;36m1[0m [33m⏳ in transit [0m[1;33m([0m[33m~1m 39s[0m[1;33m)[0m[33m...[0m
[1;2;92m19:43:56[0m [33mTYLERMASTERY2-[0m[1;33m4[0m [33m🌡 cooldown 58s[0m
[1;2;92m19:43:59[0m [36mTYLERMASTERY2-[0m[1;36m1[0m [33m⏳ in transit [0m[1;33m([0m[33m~1m 33s[0m[1;33m)[0m[33m...[0m
[1;2;92m19:44:06[0m [36mTYLERMASTERY2-[0m[1;36m1[0m [33m⏳ in transit [0m[1;33m([0m[33m~1m 27s[0m[1;33m)[0m[33m...[0m
[1;2;92m19:44:08[0m [33mTYLERMASTERY2-[0m[1;33m4[0m [33m🌡 cooldown 47s[0m
[1;2;92m19:44:20[0m [36mTYLERMASTERY2-[0m[1;36m1[0m [33m⏳ in transit [0m[1;33m([0m[33m~1m 12s[0m[1;33m)[0m[33m...[0m
[1;2;92m19:44:21[0m [33mTYLERMASTERY2-[0m[1;33m4[0m [33m🌡 cooldown 33s[0m
[1;2;92m19:44:30[0m [36mTYLERMASTERY2-[0m[1;36m1[0m [33m⏳ in transit [0m[1;33m([0m[33m~1m 3s[0m[1;33m)[0m[33m...[0m
[1;2;92m19:44:32[0m [33mTYLERMASTERY2-[0m[1;33m4[0m [33m🌡 cooldown 23s[0m
[1;2;92m19:44:36[0m [36mTYLERMASTERY2-[0m[1;36m1[0m [33m⏳ in transit [0m[1;33m([0m[33m~57s[0m[1;33m)[0m[33m...[0m
[3m                      [0m[1;3mFleet Status[0m[3m  [0m[3;32m1,590,482 cr[0m[3m  [0m[2;3m19:44:37[0m[3m                      [0m
                                                                                
 [1m [0m[1mShip     [0m[1m [0m [1m [0m[1mRole     [0m[1m [0m [1m [0m[1mStatus   [0m[1m [0m [1m [0m[1mLocation  [0m[1m [0m [1m [0m[1m   Fuel[0m[1m [0m [1m [0m[1mCargo[0m[1m [0m [1m [0m[1mETA      [0m[1m [0m 
 ━━━━━━━━━━━━━━━━━━━━━━━━━━━━━━━━━━━━━━━━━━━━━━━━━━━━━━━━━━━━━━━━━━━━━━━━━━━━━━ 
 [1m [0m[1;36mTYLERMAS…[0m[1m [0m  miner       [33m✈ transit[0m   X1-KU6-B7     77/400   33/40   55s        
 [1m [0m[1;32mTYLERMAS…[0m[1m [0m  fleet-mgr   [32m⚓ docked[0m   X1-KU6-A1          —     0/0              
 [1m [0m[1;35mTYLERMAS…[0m[1m [0m  miner       [33m✈ transit[0m   X1-KU6-A2      64/80    0/15   [2m26m4s [0m     
 [1m           [0m                                                         [2mdrift[0m      
 [1m [0m[1;33mTYLERMAS…[0m[1m [0m  surveyor    [36m↑ orbit[0m     X1-KU6-B46     21/80     0/0              
 [1m [0m[1;34mTYLERMAS…[0m[1m [0m  hauler      [33m✈ transit[0m   X1-KU6-I65    58/600    0/80   2m41s      
 [1m [0m[1;96mTYLERMAS…[0m[1m [0m  siphoner    [36m↑ orbit[0m     X1-KU6-B7      80/80   15/15              
 [1m [0m[1;92mTYLERMAS…[0m[1m [0m  siphoner    [36m↑ orbit[0m     X1-KU6-B7      80/80   15/15              
 [1m [0m[1;95mTYLERMAS…[0m[1m [0m  siphoner    [36m↑ orbit[0m     X1-KU6-C52     38/80   15/15              
 [1m [0m[1;93mTYLERMAS…[0m[1m [0m  siphoner    [36m↑ orbit[0m     X1-KU6-B7      80/80   15/15              
 [1m [0m[1;37mTYLERMAS…[0m[1m [0m  trader      [32m⚓ docked[0m   X1-KU6-A1    600/600    0/80              
 [1m [0m[1;37mTYLERMAS…[0m[1m [0m  trader      [32m⚓ docked[0m   X1-KU6-A1    600/600    0/80              
                                                                                
  Contract: [36m░░░░░░░░░░░░░░░░░░░░░░░░░░░░░░[0m [1;36m0[0m[1m/[0m[1;36m70[0m IRON → X1-KU6-E56 [1m([0m[1;32m0[0m[32m%[0m[1m)[0m
[1;2;92m19:44:41[0m [36mTYLERMASTERY2-[0m[1;36m1[0m [33m⏳ in transit [0m[1;33m([0m[33m~52s[0m[1;33m)[0m[33m...[0m
[1;2;92m19:44:42[0m [33mTYLERMASTERY2-[0m[1;33m4[0m [33m🌡 cooldown 12s[0m
[1;2;92m19:44:47[0m [36mTYLERMASTERY2-[0m[1;36m1[0m [33m⏳ in transit [0m[1;33m([0m[33m~46s[0m[1;33m)[0m[33m...[0m
[1;2;92m19:44:52[0m [34mTYLERMASTERY2-[0m[1;34m5[0m [33m⏳ in transit [0m[1;33m([0m[33m~2m 26s[0m[1;33m)[0m[33m...[0m
[1;2;92m19:44:52[0m [36mTYLERMASTERY2-[0m[1;36m1[0m [33m⏳ in transit [0m[1;33m([0m[33m~41s[0m[1;33m)[0m[33m...[0m
[1;2;92m19:44:53[0m [33mTYLERMASTERY2-[0m[1;33m4[0m [33m🌡 cooldown 2s[0m
[1;2;92m19:44:59[0m [36mTYLERMASTERY2-[0m[1;36m1[0m [33m⏳ in transit [0m[1;33m([0m[33m~34s[0m[1;33m)[0m[33m...[0m
[1;2;92m19:45:00[0m [35m🔭 TYLERMASTERY2-[0m[1;35m4[0m[35m: [0m[1;35m1[0m[35m [0m[1;35msurvey[0m[1;35m([0m[35ms[0m[1;35m)[0m[35m added [0m[1;35m([0m[1;35m0x[0m[35m IRON hits[0m[1;35m)[0m[35m | pool: [0m[1;35m23[0m
[1;2;92m19:45:02[0m [35mTYLERMASTERY2-[0m[1;35m3[0m [33m⏳ in transit [0m[1;33m([0m[33m~25m 40s[0m[1;33m)[0m[33m...[0m
[1;2;92m19:45:02[0m [33mTYLERMASTERY2-[0m[1;33m4[0m [33m🌡 cooldown 67s[0m
[1;2;92m19:45:04[0m [93mTYLERMASTERY2-[0m[1;93m9[0m [33m⚠ insufficient fuel for X1-KU6-C50 — attempting local [0m
[33mrefuel[0m
[1;2;92m19:45:04[0m [36mTYLERMASTERY2-[0m[1;36m1[0m [33m⏳ in transit [0m[1;33m([0m[33m~28s[0m[1;33m)[0m[33m...[0m
[1;2;92m19:45:10[0m [93mTYLERMASTERY2-[0m[1;93m9[0m [36m⚓ docked[0m
[1;2;92m19:45:11[0m [36mTYLERMASTERY2-[0m[1;36m1[0m [33m⏳ in transit [0m[1;33m([0m[33m~21s[0m[1;33m)[0m[33m...[0m
[1;2;92m19:45:12[0m [95mTYLERMASTERY2-[0m[1;95m8[0m [33m⚠ insufficient fuel for X1-KU6-C50 — attempting local [0m
[33mrefuel[0m
[1;2;92m19:45:17[0m [36mTYLERMASTERY2-[0m[1;36m1[0m [33m⏳ in transit [0m[1;33m([0m[33m~16s[0m[1;33m)[0m[33m...[0m
[1;2;92m19:45:18[0m [33mTYLERMASTERY2-[0m[1;33m4[0m [33m🌡 cooldown 51s[0m
[1;2;92m19:45:23[0m [96mTYLERMASTERY2-[0m[1;96m6[0m [33m⚠ insufficient fuel for X1-KU6-C50 — attempting local [0m
[33mrefuel[0m
[1;2;92m19:45:27[0m [34mTYLERMASTERY2-[0m[1;34m5[0m [33m⏳ in transit [0m[1;33m([0m[33m~1m 52s[0m[1;33m)[0m[33m...[0m
[1;2;92m19:45:27[0m [36mTYLERMASTERY2-[0m[1;36m1[0m [33m⏳ in transit [0m[1;33m([0m[33m~6s[0m[1;33m)[0m[33m...[0m
[1;2;92m19:45:29[0m [33mTYLERMASTERY2-[0m[1;33m4[0m [33m🌡 cooldown 40s[0m
[1;2;92m19:45:32[0m [34mTYLERMASTERY2-[0m[1;34m5[0m [33m⏳ in transit [0m[1;33m([0m[33m~1m 46s[0m[1;33m)[0m[33m...[0m
[1;2;92m19:45:32[0m [36mTYLERMASTERY2-[0m[1;36m1[0m [32m✓[0m arrived at [1mX1-KU6-B7[0m
[1;2;92m19:45:32[0m [95mTYLERMASTERY2-[0m[1;95m8[0m [36m⚓ docked[0m
[1;2;92m19:45:32[0m [96mTYLERMASTERY2-[0m[1;96m6[0m [36m⚓ docked[0m
[1;2;92m19:45:33[0m [36mTYLERMASTERY2-[0m[1;36m1[0m [36m⚓ docked[0m
[1;2;92m19:45:33[0m [32m⛽ Refueled to [0m[1;32m80[0m[32m/[0m[1;32m80[0m
[1;2;92m19:45:34[0m [32m⛽ Refueled to [0m[1;32m400[0m[32m/[0m[1;32m400[0m
[1;2;92m19:45:35[0m [95mTYLERMASTERY2-[0m[1;95m8[0m [33m⏳ in transit [0m[1;33m([0m[33m~2m 8s[0m[1;33m)[0m[33m...[0m
[1;2;92m19:45:35[0m [36mTYLERMASTERY2-[0m[1;36m1[0m [36m↑ orbiting[0m
[1;2;92m19:45:35[0m [36mTYLERMASTERY2-[0m[1;36m1[0m [34m🚀 Navigating → X1-KU6-B47[0m
[1;2;92m19:45:39[0m [36mTYLERMASTERY2-[0m[1;36m1[0m [33m⏳ in transit [0m[1;33m([0m[33m~22s[0m[1;33m)[0m[33m...[0m
[3m                      [0m[1;3mFleet Status[0m[3m  [0m[3;32m1,590,114 cr[0m[3m  [0m[2;3m19:45:41[0m[3m                      [0m
                                                                                
 [1m [0m[1mShip     [0m[1m [0m [1m [0m[1mRole     [0m[1m [0m [1m [0m[1mStatus   [0m[1m [0m [1m [0m[1mLocation  [0m[1m [0m [1m [0m[1m   Fuel[0m[1m [0m [1m [0m[1mCargo[0m[1m [0m [1m [0m[1mETA      [0m[1m [0m 
 ━━━━━━━━━━━━━━━━━━━━━━━━━━━━━━━━━━━━━━━━━━━━━━━━━━━━━━━━━━━━━━━━━━━━━━━━━━━━━━ 
 [1m [0m[1;36mTYLERMAS…[0m[1m [0m  miner       [33m✈ transit[0m   X1-KU6-B47   385/400   33/40   20s        
 [1m [0m[1;32mTYLERMAS…[0m[1m [0m  fleet-mgr   [32m⚓ docked[0m   X1-KU6-A1          —     0/0              
 [1m [0m[1;35mTYLERMAS…[0m[1m [0m  miner       [33m✈ transit[0m   X1-KU6-A2      64/80    0/15   [2m25m0s [0m     
 [1m           [0m                                                         [2mdrift[0m      
 [1m [0m[1;33mTYLERMAS…[0m[1m [0m  surveyor    [36m↑ orbit[0m     X1-KU6-B46     21/80     0/0              
 [1m [0m[1;34mTYLERMAS…[0m[1m [0m  hauler      [33m✈ transit[0m   X1-KU6-I65    58/600    0/80   1m37s      
 [1m [0m[1;96mTYLERMAS…[0m[1m [0m  siphoner    [36m↑ orbit[0m     X1-KU6-B7      80/80   15/15              
 [1m [0m[1;92mTYLERMAS…[0m[1m [0m  siphoner    [36m↑ orbit[0m     X1-KU6-B7      80/80   15/15              
 [1m [0m[1;95mTYLERMAS…[0m[1m [0m  siphoner    [33m✈ transit[0m   X1-KU6-C50     39/80   15/15   2m1s       
 [1m [0m[1;93mTYLERMAS…[0m[1m [0m  siphoner    [36m↑ orbit[0m     X1-KU6-B7      80/80   15/15              
 [1m [0m[1;37mTYLERMAS…[0m[1m [0m  trader      [32m⚓ docked[0m   X1-KU6-A1    600/600    0/80              
 [1m [0m[1;37mTYLERMAS…[0m[1m [0m  trader      [32m⚓ docked[0m   X1-KU6-A1    600/600    0/80              
                                                                                
  Contract: [36m░░░░░░░░░░░░░░░░░░░░░░░░░░░░░░[0m [1;36m0[0m[1m/[0m[1;36m70[0m IRON → X1-KU6-E56 [1m([0m[1;32m0[0m[32m%[0m[1m)[0m
[1;2;92m19:45:41[0m [92mTYLERMASTERY2-[0m[1;92m7[0m [33m⚠ insufficient fuel for X1-KU6-C50 — attempting local [0m
[33mrefuel[0m
[1;2;92m19:45:42[0m [33mTYLERMASTERY2-[0m[1;33m4[0m [33m🌡 cooldown 27s[0m
[1;2;92m19:45:43[0m [34mTYLERMASTERY2-[0m[1;34m5[0m [33m⏳ in transit [0m[1;33m([0m[33m~1m 35s[0m[1;33m)[0m[33m...[0m
[1;2;92m19:45:45[0m [36mTYLERMASTERY2-[0m[1;36m1[0m [33m⏳ in transit [0m[1;33m([0m[33m~17s[0m[1;33m)[0m[33m...[0m
[1;2;92m19:45:49[0m [34mTYLERMASTERY2-[0m[1;34m5[0m [33m⏳ in transit [0m[1;33m([0m[33m~1m 29s[0m[1;33m)[0m[33m...[0m
[1;2;92m19:45:50[0m [36mTYLERMASTERY2-[0m[1;36m1[0m [33m⏳ in transit [0m[1;33m([0m[33m~11s[0m[1;33m)[0m[33m...[0m
[1;2;92m19:45:54[0m [34mTYLERMASTERY2-[0m[1;34m5[0m [33m⏳ in transit [0m[1;33m([0m[33m~1m 24s[0m[1;33m)[0m[33m...[0m
[1;2;92m19:45:55[0m [36mTYLERMASTERY2-[0m[1;36m1[0m [33m⏳ in transit [0m[1;33m([0m[33m~6s[0m[1;33m)[0m[33m...[0m
[1;2;92m19:45:57[0m [92mTYLERMASTERY2-[0m[1;92m7[0m [36m⚓ docked[0m
[1;2;92m19:46:00[0m [34mTYLERMASTERY2-[0m[1;34m5[0m [33m⏳ in transit [0m[1;33m([0m[33m~1m 19s[0m[1;33m)[0m[33m...[0m
[1;2;92m19:46:01[0m [36mTYLERMASTERY2-[0m[1;36m1[0m [32m✓[0m arrived at [1mX1-KU6-B47[0m
[1;2;92m19:46:05[0m [95mTYLERMASTERY2-[0m[1;95m8[0m [33m⏳ in transit [0m[1;33m([0m[33m~1m 38s[0m[1;33m)[0m[33m...[0m
[1;2;92m19:46:07[0m [34mTYLERMASTERY2-[0m[1;34m5[0m [33m⏳ in transit [0m[1;33m([0m[33m~1m 12s[0m[1;33m)[0m[33m...[0m
[1;2;92m19:46:12[0m [95mTYLERMASTERY2-[0m[1;95m8[0m [33m⏳ in transit [0m[1;33m([0m[33m~1m 31s[0m[1;33m)[0m[33m...[0m
[1;2;92m19:46:12[0m [34mTYLERMASTERY2-[0m[1;34m5[0m [33m⏳ in transit [0m[1;33m([0m[33m~1m 6s[0m[1;33m)[0m[33m...[0m
[1;2;92m19:46:14[0m 📡 Surveying asteroid for better yields[33m...[0m
[1;2;92m19:46:16[0m [32mTYLERMASTERY2-[0m[1;32m2[0m [36m↑ orbiting[0m
[1;2;92m19:46:16[0m [32mTYLERMASTERY2-[0m[1;32m2[0m [34m🚀 Navigating → X1-KU6-A2[0m
[1;2;92m19:46:17[0m [95mTYLERMASTERY2-[0m[1;95m8[0m [33m⏳ in transit [0m[1;33m([0m[33m~1m 25s[0m[1;33m)[0m[33m...[0m
[1;2;92m19:46:19[0m [35mTYLERMASTERY2-[0m[1;35m3[0m [33m⏳ in transit [0m[1;33m([0m[33m~24m 23s[0m[1;33m)[0m[33m...[0m
[1;2;92m19:46:22[0m [34mTYLERMASTERY2-[0m[1;34m5[0m [33m⏳ in transit [0m[1;33m([0m[33m~56s[0m[1;33m)[0m[33m...[0m
[1;2;92m19:46:23[0m [32mTYLERMASTERY2-[0m[1;32m2[0m [33m⏳ in transit [0m[1;33m([0m[33m~14s[0m[1;33m)[0m[33m...[0m
[1;2;92m19:46:24[0m [95mTYLERMASTERY2-[0m[1;95m8[0m [33m⏳ in transit [0m[1;33m([0m[33m~1m 18s[0m[1;33m)[0m[33m...[0m
[1;2;92m19:46:30[0m [32mTYLERMASTERY2-[0m[1;32m2[0m [33m⏳ in transit [0m[1;33m([0m[33m~7s[0m[1;33m)[0m[33m...[0m
[1;2;92m19:46:33[0m [95mTYLERMASTERY2-[0m[1;95m8[0m [33m⏳ in transit [0m[1;33m([0m[33m~1m 10s[0m[1;33m)[0m[33m...[0m
[1;2;92m19:46:33[0m [35m🔭 TYLERMASTERY2-[0m[1;35m4[0m[35m: [0m[1;35m1[0m[35m [0m[1;35msurvey[0m[1;35m([0m[35ms[0m[1;35m)[0m[35m added [0m[1;35m([0m[1;35m0x[0m[35m IRON hits[0m[1;35m)[0m[35m | pool: [0m[1;35m23[0m
[1;2;92m19:46:33[0m [2mNo focused survey found, using generic survey[0m
[1;2;92m19:46:33[0m [34mTYLERMASTERY2-[0m[1;34m5[0m [33m⏳ in transit [0m[1;33m([0m[33m~45s[0m[1;33m)[0m[33m...[0m
[1;2;92m19:46:34[0m [33mTYLERMASTERY2-[0m[1;33m4[0m [33m🌡 cooldown 68s[0m
[1;2;92m19:46:34[0m [36mTYLERMASTERY2-[0m[1;36m1[0m [33m🌡 cooldown 90s[0m
[1;2;92m19:46:36[0m [32mTYLERMASTERY2-[0m[1;32m2[0m [32m✓[0m arrived at [1mX1-KU6-A2[0m
[1;2;92m19:46:37[0m [32mTYLERMASTERY2-[0m[1;32m2[0m [36m⚓ docked[0m
[1;2;92m19:46:38[0m [95mTYLERMASTERY2-[0m[1;95m8[0m [33m⏳ in transit [0m[1;33m([0m[33m~1m 4s[0m[1;33m)[0m[33m...[0m
[1;2;92m19:46:39[0m [34mTYLERMASTERY2-[0m[1;34m5[0m [33m⏳ in transit [0m[1;33m([0m[33m~39s[0m[1;33m)[0m[33m...[0m
[1;2;92m19:46:39[0m [32mTYLERMASTERY2-[0m[1;32m2[0m [36m↑ orbiting[0m
[1;2;92m19:46:39[0m [32mTYLERMASTERY2-[0m[1;32m2[0m [34m🚀 Navigating → X1-KU6-C51[0m
[1;2;92m19:46:44[0m [95mTYLERMASTERY2-[0m[1;95m8[0m [33m⏳ in transit [0m[1;33m([0m[33m~59s[0m[1;33m)[0m[33m...[0m
[1;2;92m19:46:46[0m [36mTYLERMASTERY2-[0m[1;36m1[0m [33m🌡 cooldown 78s[0m
[1;2;92m19:46:47[0m [33mTYLERMASTERY2-[0m[1;33m4[0m [33m🌡 cooldown 55s[0m
[1;2;92m19:46:49[0m [32mTYLERMASTERY2-[0m[1;32m2[0m [33m⏳ in transit [0m[1;33m([0m[33m~8m 14s[0m[1;33m)[0m[33m...[0m
[1;2;92m19:46:51[0m [95mTYLERMASTERY2-[0m[1;95m8[0m [33m⏳ in transit [0m[1;33m([0m[33m~52s[0m[1;33m)[0m[33m...[0m
[1;2;92m19:46:51[0m [34mTYLERMASTERY2-[0m[1;34m5[0m [33m⏳ in transit [0m[1;33m([0m[33m~27s[0m[1;33m)[0m[33m...[0m
[1;2;92m19:46:51[0m [93mTYLERMASTERY2-[0m[1;93m9[0m [31m⚠ no fuel available locally, emergency DRIFT to [0m
[31mX1-KU6-C50[0m
[1;2;92m19:46:58[0m [33mTYLERMASTERY2-[0m[1;33m4[0m [33m🌡 cooldown 45s[0m
[1;2;92m19:46:59[0m [95mTYLERMASTERY2-[0m[1;95m8[0m [33m⏳ in transit [0m[1;33m([0m[33m~43s[0m[1;33m)[0m[33m...[0m
[1;2;92m19:47:04[0m [36mTYLERMASTERY2-[0m[1;36m1[0m [33m🌡 cooldown 60s[0m
[1;2;92m19:47:06[0m [93mTYLERMASTERY2-[0m[1;93m9[0m [33m⏳ in transit [0m[1;33m([0m[33m~3h 50m[0m[1;33m)[0m[33m...[0m
[1;2;92m19:47:07[0m [34mTYLERMASTERY2-[0m[1;34m5[0m [33m⏳ in transit [0m[1;33m([0m[33m~11s[0m[1;33m)[0m[33m...[0m
[1;2;92m19:47:10[0m [95mTYLERMASTERY2-[0m[1;95m8[0m [33m⏳ in transit [0m[1;33m([0m[33m~32s[0m[1;33m)[0m[33m...[0m
[1;2;92m19:47:13[0m [34mTYLERMASTERY2-[0m[1;34m5[0m [33m⏳ in transit [0m[1;33m([0m[33m~6s[0m[1;33m)[0m[33m...[0m
[1;2;92m19:47:17[0m [96mTYLERMASTERY2-[0m[1;96m6[0m [31m⚠ no fuel available locally, emergency DRIFT to [0m
[31mX1-KU6-C50[0m
[1;2;92m19:47:17[0m [33mTYLERMASTERY2-[0m[1;33m4[0m [33m🌡 cooldown 26s[0m
[1;2;92m19:47:18[0m [34mTYLERMASTERY2-[0m[1;34m5[0m [32m✓[0m arrived at [1mX1-KU6-I65[0m
[1;2;92m19:47:18[0m [34mTYLERMASTERY2-[0m[1;34m5[0m [34m🚀 Navigating → X1-KU6-B7[0m
[1;2;92m19:47:19[0m [95mTYLERMASTERY2-[0m[1;95m8[0m [33m⏳ in transit [0m[1;33m([0m[33m~24s[0m[1;33m)[0m[33m...[0m
[3m                      [0m[1;3mFleet Status[0m[3m  [0m[3;32m1,590,114 cr[0m[3m  [0m[2;3m19:47:20[0m[3m                      [0m
                                                                                
 [1m [0m[1mShip     [0m[1m [0m [1m [0m[1mRole     [0m[1m [0m [1m [0m[1mStatus   [0m[1m [0m [1m [0m[1mLocation  [0m[1m [0m [1m [0m[1m   Fuel[0m[1m [0m [1m [0m[1mCargo[0m[1m [0m [1m [0m[1mETA      [0m[1m [0m 
 ━━━━━━━━━━━━━━━━━━━━━━━━━━━━━━━━━━━━━━━━━━━━━━━━━━━━━━━━━━━━━━━━━━━━━━━━━━━━━━ 
 [1m [0m[1;36mTYLERMAS…[0m[1m [0m  miner       [36m↑ orbit[0m     X1-KU6-B47   385/400   33/40              
 [1m [0m[1;32mTYLERMAS…[0m[1m [0m  fleet-mgr   [33m✈ transit[0m   X1-KU6-C51         —     0/0   7m43s      
 [1m [0m[1;35mTYLERMAS…[0m[1m [0m  miner       [33m✈ transit[0m   X1-KU6-A2      64/80    0/15   [2m23m22s [0m    
 [1m           [0m                                                         [2mdrift[0m      
 [1m [0m[1;33mTYLERMAS…[0m[1m [0m  surveyor    [36m↑ orbit[0m     X1-KU6-B46     21/80     0/0              
 [1m [0m[1;34mTYLERMAS…[0m[1m [0m  hauler      [33m✈ transit[0m   X1-KU6-I65    58/600    0/80   0s         
 [1m [0m[1;96mTYLERMAS…[0m[1m [0m  siphoner    [36m↑ orbit[0m     X1-KU6-B7      80/80   15/15              
 [1m [0m[1;92mTYLERMAS…[0m[1m [0m  siphoner    [36m↑ orbit[0m     X1-KU6-B7      80/80   15/15              
 [1m [0m[1;95mTYLERMAS…[0m[1m [0m  siphoner    [33m✈ transit[0m   X1-KU6-C50     39/80   15/15   23s        
 [1m [0m[1;93mTYLERMAS…[0m[1m [0m  siphoner    [33m✈ transit[0m   X1-KU6-C50     79/80   15/15   [2m3h50m [0m     
 [1m           [0m                                                         [2mdrift[0m      
 [1m [0m[1;37mTYLERMAS…[0m[1m [0m  trader      [32m⚓ docked[0m   X1-KU6-A1    600/600    0/80              
 [1m [0m[1;37mTYLERMAS…[0m[1m [0m  trader      [32m⚓ docked[0m   X1-KU6-A1    600/600    0/80              
                                                                                
  Contract: [36m░░░░░░░░░░░░░░░░░░░░░░░░░░░░░░[0m [1;36m0[0m[1m/[0m[1;36m70[0m IRON → X1-KU6-E56 [1m([0m[1;32m0[0m[32m%[0m[1m)[0m
[1;2;92m19:47:22[0m [35mTYLERMASTERY2-[0m[1;35m3[0m [33m⏳ in transit [0m[1;33m([0m[33m~23m 19s[0m[1;33m)[0m[33m...[0m
[1;2;92m19:47:23[0m [36mTYLERMASTERY2-[0m[1;36m1[0m [33m🌡 cooldown 40s[0m
[1;2;92m19:47:26[0m [95mTYLERMASTERY2-[0m[1;95m8[0m [33m⏳ in transit [0m[1;33m([0m[33m~17s[0m[1;33m)[0m[33m...[0m
[1;2;92m19:47:27[0m [96mTYLERMASTERY2-[0m[1;96m6[0m [33m⏳ in transit [0m[1;33m([0m[33m~3h 50m[0m[1;33m)[0m[33m...[0m
[1;2;92m19:47:30[0m [33mTYLERMASTERY2-[0m[1;33m4[0m [33m🌡 cooldown 12s[0m
[1;2;92m19:47:31[0m [95mTYLERMASTERY2-[0m[1;95m8[0m [33m⏳ in transit [0m[1;33m([0m[33m~11s[0m[1;33m)[0m[33m...[0m
[1;2;92m19:47:34[0m [36mTYLERMASTERY2-[0m[1;36m1[0m [33m🌡 cooldown 30s[0m
[1;2;92m19:47:37[0m [95mTYLERMASTERY2-[0m[1;95m8[0m [33m⏳ in transit [0m[1;33m([0m[33m~6s[0m[1;33m)[0m[33m...[0m
[1;2;92m19:47:41[0m [33mTYLERMASTERY2-[0m[1;33m4[0m [33m🌡 cooldown 2s[0m
[1;2;92m19:47:42[0m [95mTYLERMASTERY2-[0m[1;95m8[0m [32m✓[0m arrived at [1mX1-KU6-C50[0m
[1;2;92m19:47:44[0m [35m🔭 TYLERMASTERY2-[0m[1;35m4[0m[35m: [0m[1;35m1[0m[35m [0m[1;35msurvey[0m[1;35m([0m[35ms[0m[1;35m)[0m[35m added [0m[1;35m([0m[1;35m0x[0m[35m IRON hits[0m[1;35m)[0m[35m | pool: [0m[1;35m24[0m
[1;2;92m19:47:44[0m [36mTYLERMASTERY2-[0m[1;36m1[0m [33m🌡 cooldown 19s[0m
[1;2;92m19:47:44[0m [33mTYLERMASTERY2-[0m[1;33m4[0m [33m🌡 cooldown 69s[0m
[1;2;92m19:47:45[0m [95mTYLERMASTERY2-[0m[1;95m8[0m [33mno reachable intermediate waypoint en route to [0m
[33mX1-KU6-B7 — will drift[0m
[1;2;92m19:47:46[0m [95mTYLERMASTERY2-[0m[1;95m8[0m [34m🚀 Navigating → X1-KU6-B7[0m
[1;2;92m19:47:54[0m [92mTYLERMASTERY2-[0m[1;92m7[0m [31m⚠ no fuel available locally, emergency DRIFT to [0m
[31mX1-KU6-C50[0m
[1;2;92m19:47:55[0m [33mTYLERMASTERY2-[0m[1;33m4[0m [33m🌡 cooldown 58s[0m
[1;2;92m19:47:58[0m [32mTYLERMASTERY2-[0m[1;32m2[0m [33m⏳ in transit [0m[1;33m([0m[33m~7m 4s[0m[1;33m)[0m[33m...[0m
[1;2;92m19:48:02[0m [36mTYLERMASTERY2-[0m[1;36m1[0m [33m🌡 cooldown 2s[0m
[1;2;92m19:48:05[0m [33mTYLERMASTERY2-[0m[1;33m4[0m [33m🌡 cooldown 48s[0m
[1;2;92m19:48:09[0m [93mTYLERMASTERY2-[0m[1;93m9[0m [33m⏳ in transit [0m[1;33m([0m[33m~3h 49m[0m[1;33m)[0m[33m...[0m
[1;2;92m19:48:17[0m [92mTYLERMASTERY2-[0m[1;92m7[0m [33m⏳ in transit [0m[1;33m([0m[33m~3h 50m[0m[1;33m)[0m[33m...[0m
[1;2;92m19:48:18[0m   [36mTYLERMASTERY2-[0m[1;36m1[0m: 4x SILICON_CRYSTALS | __SELL_ONLY__: [1;36m0[0m | Cargo: 
[1;36m37[0m/[1;36m40[0m | CD: 80s
[1;2;92m19:48:23[0m [33mTYLERMASTERY2-[0m[1;33m4[0m [33m🌡 cooldown 30s[0m
[1;2;92m19:48:23[0m [35mTYLERMASTERY2-[0m[1;35m3[0m [33m⏳ in transit [0m[1;33m([0m[33m~22m 19s[0m[1;33m)[0m[33m...[0m
[3m                      [0m[1;3mFleet Status[0m[3m  [0m[3;32m1,590,114 cr[0m[3m  [0m[2;3m19:48:25[0m[3m                      [0m
                                                                                
 [1m [0m[1mShip     [0m[1m [0m [1m [0m[1mRole     [0m[1m [0m [1m [0m[1mStatus   [0m[1m [0m [1m [0m[1mLocation  [0m[1m [0m [1m [0m[1m   Fuel[0m[1m [0m [1m [0m[1mCargo[0m[1m [0m [1m [0m[1mETA      [0m[1m [0m 
 ━━━━━━━━━━━━━━━━━━━━━━━━━━━━━━━━━━━━━━━━━━━━━━━━━━━━━━━━━━━━━━━━━━━━━━━━━━━━━━ 
 [1m [0m[1;36mTYLERMAS…[0m[1m [0m  miner       [36m↑ orbit[0m     X1-KU6-B47   385/400   37/40              
 [1m [0m[1;32mTYLERMAS…[0m[1m [0m  fleet-mgr   [33m✈ transit[0m   X1-KU6-C51         —     0/0   6m38s      
 [1m [0m[1;35mTYLERMAS…[0m[1m [0m  miner       [33m✈ transit[0m   X1-KU6-A2      64/80    0/15   [2m22m17s [0m    
 [1m           [0m                                                         [2mdrift[0m      
 [1m [0m[1;33mTYLERMAS…[0m[1m [0m  surveyor    [36m↑ orbit[0m     X1-KU6-B46     21/80     0/0              
 [1m [0m[1;34mTYLERMAS…[0m[1m [0m  hauler      [36m↑ orbit[0m     X1-KU6-I65    58/600    0/80              
 [1m [0m[1;96mTYLERMAS…[0m[1m [0m  siphoner    [33m✈ transit[0m   X1-KU6-C50     79/80   15/15   [2m3h49m [0m     
 [1m           [0m                                                         [2mdrift[0m      
 [1m [0m[1;92mTYLERMAS…[0m[1m [0m  siphoner    [33m✈ transit[0m   X1-KU6-C50     79/80   15/15   [2m3h50m [0m     
 [1m           [0m                                                         [2mdrift[0m      
 [1m [0m[1;95mTYLERMAS…[0m[1m [0m  siphoner    [36m↑ orbit[0m     X1-KU6-C50     39/80   15/15              
 [1m [0m[1;93mTYLERMAS…[0m[1m [0m  siphoner    [33m✈ transit[0m   X1-KU6-C50     79/80   15/15   [2m3h48m [0m     
 [1m           [0m                                                         [2mdrift[0m      
 [1m [0m[1;37mTYLERMAS…[0m[1m [0m  trader      [32m⚓ docked[0m   X1-KU6-A1    600/600    0/80              
 [1m [0m[1;37mTYLERMAS…[0m[1m [0m  trader      [32m⚓ docked[0m   X1-KU6-A1    600/600    0/80              
                                                                                
  Contract: [36m░░░░░░░░░░░░░░░░░░░░░░░░░░░░░░[0m [1;36m0[0m[1m/[0m[1;36m70[0m IRON → X1-KU6-E56 [1m([0m[1;32m0[0m[32m%[0m[1m)[0m
[1;2;92m19:48:29[0m [96mTYLERMASTERY2-[0m[1;96m6[0m [33m⏳ in transit [0m[1;33m([0m[33m~3h 49m[0m[1;33m)[0m[33m...[0m
[1;2;92m19:48:33[0m [36mTYLERMASTERY2-[0m[1;36m1[0m [34m🚀 Navigating → X1-KU6-B7[0m
[1;2;92m19:48:33[0m [33mTYLERMASTERY2-[0m[1;33m4[0m [33m🌡 cooldown 20s[0m
[1;2;92m19:48:34[0m [36mTYLERMASTERY2-[0m[1;36m1[0m [33m⏳ in transit [0m[1;33m([0m[33m~25s[0m[1;33m)[0m[33m...[0m
[1;2;92m19:48:36[0m [37mTYLERMASTERY2-B[0m [2mno profitable arbitrage found — waiting 5min[0m
[1;2;92m19:48:36[0m [37mTYLERMASTERY2-A[0m [2mno profitable arbitrage found — waiting 5min[0m
[1;2;92m19:48:40[0m [36mTYLERMASTERY2-[0m[1;36m1[0m [33m⏳ in transit [0m[1;33m([0m[33m~19s[0m[1;33m)[0m[33m...[0m
[1;2;92m19:48:42[0m [34mTYLERMASTERY2-[0m[1;34m5[0m [33m⚠ insufficient fuel for X1-KU6-B7 — attempting local [0m
[33mrefuel[0m
[1;2;92m19:48:43[0m [34mTYLERMASTERY2-[0m[1;34m5[0m [36m⚓ docked[0m
[1;2;92m19:48:44[0m [33mTYLERMASTERY2-[0m[1;33m4[0m [33m🌡 cooldown 9s[0m
[1;2;92m19:48:44[0m [32m⛽ Refueled to [0m[1;32m600[0m[32m/[0m[1;32m600[0m
[1;2;92m19:48:45[0m [36mTYLERMASTERY2-[0m[1;36m1[0m [33m⏳ in transit [0m[1;33m([0m[33m~14s[0m[1;33m)[0m[33m...[0m
[1;2;92m19:48:46[0m [34mTYLERMASTERY2-[0m[1;34m5[0m [33m⏳ in transit [0m[1;33m([0m[33m~16m 45s[0m[1;33m)[0m[33m...[0m
[1;2;92m19:48:51[0m [36mTYLERMASTERY2-[0m[1;36m1[0m [33m⏳ in transit [0m[1;33m([0m[33m~8s[0m[1;33m)[0m[33m...[0m
[1;2;92m19:48:56[0m [36mTYLERMASTERY2-[0m[1;36m1[0m [33m⏳ in transit [0m[1;33m([0m[33m~3s[0m[1;33m)[0m[33m...[0m
[1;2;92m19:48:58[0m [35m🔭 TYLERMASTERY2-[0m[1;35m4[0m[35m: [0m[1;35m1[0m[35m [0m[1;35msurvey[0m[1;35m([0m[35ms[0m[1;35m)[0m[35m added [0m[1;35m([0m[1;35m0x[0m[35m IRON hits[0m[1;35m)[0m[35m | pool: [0m[1;35m24[0m
[1;2;92m19:49:01[0m [32mTYLERMASTERY2-[0m[1;32m2[0m [33m⏳ in transit [0m[1;33m([0m[33m~6m 2s[0m[1;33m)[0m[33m...[0m
[1;2;92m19:49:01[0m [36mTYLERMASTERY2-[0m[1;36m1[0m [32m✓[0m arrived at [1mX1-KU6-B7[0m
[1;2;92m19:49:05[0m [33mTYLERMASTERY2-[0m[1;33m4[0m [33m🌡 cooldown 63s[0m
[1;2;92m19:49:11[0m [36mTYLERMASTERY2-[0m[1;36m1[0m [36m⚓ docked[0m
[1;2;92m19:49:13[0m [95mTYLERMASTERY2-[0m[1;95m8[0m [33m⚠ insufficient fuel for X1-KU6-B7 — attempting local [0m
[33mrefuel[0m
[1;2;92m19:49:14[0m [93mTYLERMASTERY2-[0m[1;93m9[0m [33m⏳ in transit [0m[1;33m([0m[33m~3h 48m[0m[1;33m)[0m[33m...[0m
[1;2;92m19:49:18[0m [33mTYLERMASTERY2-[0m[1;33m4[0m [33m🌡 cooldown 49s[0m
[1;2;92m19:49:19[0m [92mTYLERMASTERY2-[0m[1;92m7[0m [33m⏳ in transit [0m[1;33m([0m[33m~3h 49m[0m[1;33m)[0m[33m...[0m
[1;2;92m19:49:24[0m [95mTYLERMASTERY2-[0m[1;95m8[0m [36m⚓ docked[0m
[1;2;92m19:49:28[0m [32m⛽ Refueled to [0m[1;32m400[0m[32m/[0m[1;32m400[0m
[1;2;92m19:49:28[0m [35mTYLERMASTERY2-[0m[1;35m3[0m [33m⏳ in transit [0m[1;33m([0m[33m~21m 13s[0m[1;33m)[0m[33m...[0m
[3m                      [0m[1;3mFleet Status[0m[3m  [0m[3;32m1,589,608 cr[0m[3m  [0m[2;3m19:49:34[0m[3m                      [0m
                                                                                
 [1m [0m[1mShip     [0m[1m [0m [1m [0m[1mRole     [0m[1m [0m [1m [0m[1mStatus   [0m[1m [0m [1m [0m[1mLocation  [0m[1m [0m [1m [0m[1m   Fuel[0m[1m [0m [1m [0m[1mCargo[0m[1m [0m [1m [0m[1mETA      [0m[1m [0m 
 ━━━━━━━━━━━━━━━━━━━━━━━━━━━━━━━━━━━━━━━━━━━━━━━━━━━━━━━━━━━━━━━━━━━━━━━━━━━━━━ 
 [1m [0m[1;36mTYLERMAS…[0m[1m [0m  miner       [32m⚓ docked[0m   X1-KU6-B7    400/400   37/40              
 [1m [0m[1;32mTYLERMAS…[0m[1m [0m  fleet-mgr   [33m✈ transit[0m   X1-KU6-C51         —     0/0   5m28s      
 [1m [0m[1;35mTYLERMAS…[0m[1m [0m  miner       [33m✈ transit[0m   X1-KU6-A2      64/80    0/15   [2m21m8s [0m     
 [1m           [0m                                                         [2mdrift[0m      
 [1m [0m[1;33mTYLERMAS…[0m[1m [0m  surveyor    [36m↑ orbit[0m     X1-KU6-B46     21/80     0/0              
 [1m [0m[1;34mTYLERMAS…[0m[1m [0m  hauler      [33m✈ transit[0m   X1-KU6-B7      7/600    0/80   15m56s     
 [1m [0m[1;96mTYLERMAS…[0m[1m [0m  siphoner    [33m✈ transit[0m   X1-KU6-C50     79/80   15/15   [2m3h48m [0m     
 [1m           [0m                                                         [2mdrift[0m      
 [1m [0m[1;92mTYLERMAS…[0m[1m [0m  siphoner    [33m✈ transit[0m   X1-KU6-C50     79/80   15/15   [2m3h49m [0m     
 [1m           [0m                                                         [2mdrift[0m      
 [1m [0m[1;95mTYLERMAS…[0m[1m [0m  siphoner    [32m⚓ docked[0m   X1-KU6-C50     39/80   15/15              
 [1m [0m[1;93mTYLERMAS…[0m[1m [0m  siphoner    [33m✈ transit[0m   X1-KU6-C50     79/80   15/15   [2m3h47m [0m     
 [1m           [0m                                                         [2mdrift[0m      
 [1m [0m[1;37mTYLERMAS…[0m[1m [0m  trader      [32m⚓ docked[0m   X1-KU6-A1    600/600    0/80              
 [1m [0m[1;37mTYLERMAS…[0m[1m [0m  trader      [32m⚓ docked[0m   X1-KU6-A1    600/600    0/80              
                                                                                
  Contract: [36m░░░░░░░░░░░░░░░░░░░░░░░░░░░░░░[0m [1;36m0[0m[1m/[0m[1;36m70[0m IRON → X1-KU6-E56 [1m([0m[1;32m0[0m[32m%[0m[1m)[0m
[1;2;92m19:49:34[0m [96mTYLERMASTERY2-[0m[1;96m6[0m [33m⏳ in transit [0m[1;33m([0m[33m~3h 48m[0m[1;33m)[0m[33m...[0m
[1;2;92m19:49:34[0m [33mTYLERMASTERY2-[0m[1;33m4[0m [33m🌡 cooldown 33s[0m
[1;2;92m19:49:35[0m [32m💰 Sold 5x ICE_WATER @ [0m[1;32m13[0m[32m/u = [0m[1;32m65[0m[32m cr[0m
[1;2;92m19:49:35[0m [32m💰 Sold 13x PRECIOUS_STONES @ [0m[1;32m71[0m[32m/u = [0m[1;32m923[0m[32m cr[0m
[1;2;92m19:49:36[0m [32m💰 Sold 15x AMMONIA_ICE @ [0m[1;32m38[0m[32m/u = [0m[1;32m570[0m[32m cr[0m
[1;2;92m19:49:36[0m [32m💰 Sold 4x SILICON_CRYSTALS @ [0m[1;32m33[0m[32m/u = [0m[1;32m132[0m[32m cr[0m
[1;2;92m19:49:40[0m [36mTYLERMASTERY2-[0m[1;36m1[0m [36m↑ orbiting[0m
[1;2;92m19:49:40[0m [36mTYLERMASTERY2-[0m[1;36m1[0m [34m🚀 Navigating → X1-KU6-B47[0m
[1;2;92m19:49:41[0m [36mTYLERMASTERY2-[0m[1;36m1[0m [33m⏳ in transit [0m[1;33m([0m[33m~25s[0m[1;33m)[0m[33m...[0m
[1;2;92m19:49:48[0m [34mTYLERMASTERY2-[0m[1;34m5[0m [33m⏳ in transit [0m[1;33m([0m[33m~15m 43s[0m[1;33m)[0m[33m...[0m
[1;2;92m19:49:49[0m [33mTYLERMASTERY2-[0m[1;33m4[0m [33m🌡 cooldown 18s[0m
[1;2;92m19:49:51[0m [36mTYLERMASTERY2-[0m[1;36m1[0m [33m⏳ in transit [0m[1;33m([0m[33m~15s[0m[1;33m)[0m[33m...[0m
[1;2;92m19:49:56[0m [36mTYLERMASTERY2-[0m[1;36m1[0m [33m⏳ in transit [0m[1;33m([0m[33m~9s[0m[1;33m)[0m[33m...[0m
[1;2;92m19:50:01[0m [33mTYLERMASTERY2-[0m[1;33m4[0m [33m🌡 cooldown 7s[0m
[1;2;92m19:50:02[0m [36mTYLERMASTERY2-[0m[1;36m1[0m [33m⏳ in transit [0m[1;33m([0m[33m~4s[0m[1;33m)[0m[33m...[0m
[1;2;92m19:50:07[0m [36mTYLERMASTERY2-[0m[1;36m1[0m [32m✓[0m arrived at [1mX1-KU6-B47[0m
[1;2;92m19:50:07[0m [32mTYLERMASTERY2-[0m[1;32m2[0m [33m⏳ in transit [0m[1;33m([0m[33m~4m 55s[0m[1;33m)[0m[33m...[0m
[1;2;92m19:50:22[0m [35m🔭 TYLERMASTERY2-[0m[1;35m4[0m[35m: [0m[1;35m1[0m[35m [0m[1;35msurvey[0m[1;35m([0m[35ms[0m[1;35m)[0m[35m added [0m[1;35m([0m[1;35m0x[0m[35m IRON hits[0m[1;35m)[0m[35m | pool: [0m[1;35m22[0m
[1;2;92m19:50:28[0m [92mTYLERMASTERY2-[0m[1;92m7[0m [33m⏳ in transit [0m[1;33m([0m[33m~3h 48m[0m[1;33m)[0m[33m...[0m
[1;2;92m19:50:30[0m [33mTYLERMASTERY2-[0m[1;33m4[0m [33m🌡 cooldown 61s[0m
[1;2;92m19:50:34[0m [35mTYLERMASTERY2-[0m[1;35m3[0m [33m⏳ in transit [0m[1;33m([0m[33m~20m 8s[0m[1;33m)[0m[33m...[0m
[1;2;92m19:50:34[0m [93mTYLERMASTERY2-[0m[1;93m9[0m [33m⏳ in transit [0m[1;33m([0m[33m~3h 46m[0m[1;33m)[0m[33m...[0m
[1;2;92m19:50:35[0m   [36mTYLERMASTERY2-[0m[1;36m1[0m: 5x SILICON_CRYSTALS | __SELL_ONLY__: [1;36m0[0m | Cargo: [1;36m5[0m/[1;36m40[0m
| CD: 80s
[3m                      [0m[1;3mFleet Status[0m[3m  [0m[3;32m1,591,298 cr[0m[3m  [0m[2;3m19:50:35[0m[3m                      [0m
                                                                                
 [1m [0m[1mShip     [0m[1m [0m [1m [0m[1mRole     [0m[1m [0m [1m [0m[1mStatus   [0m[1m [0m [1m [0m[1mLocation  [0m[1m [0m [1m [0m[1m   Fuel[0m[1m [0m [1m [0m[1mCargo[0m[1m [0m [1m [0m[1mETA      [0m[1m [0m 
 ━━━━━━━━━━━━━━━━━━━━━━━━━━━━━━━━━━━━━━━━━━━━━━━━━━━━━━━━━━━━━━━━━━━━━━━━━━━━━━ 
 [1m [0m[1;36mTYLERMAS…[0m[1m [0m  miner       [36m↑ orbit[0m     X1-KU6-B47   385/400    5/40              
 [1m [0m[1;32mTYLERMAS…[0m[1m [0m  fleet-mgr   [33m✈ transit[0m   X1-KU6-C51         —     0/0   4m27s      
 [1m [0m[1;35mTYLERMAS…[0m[1m [0m  miner       [33m✈ transit[0m   X1-KU6-A2      64/80    0/15   [2m20m7s [0m     
 [1m           [0m                                                         [2mdrift[0m      
 [1m [0m[1;33mTYLERMAS…[0m[1m [0m  surveyor    [36m↑ orbit[0m     X1-KU6-B46     21/80     0/0              
 [1m [0m[1;34mTYLERMAS…[0m[1m [0m  hauler      [33m✈ transit[0m   X1-KU6-B7      7/600    0/80   14m55s     
 [1m [0m[1;96mTYLERMAS…[0m[1m [0m  siphoner    [33m✈ transit[0m   X1-KU6-C50     79/80   15/15   [2m3h47m [0m     
 [1m           [0m                                                         [2mdrift[0m      
 [1m [0m[1;92mTYLERMAS…[0m[1m [0m  siphoner    [33m✈ transit[0m   X1-KU6-C50     79/80   15/15   [2m3h48m [0m     
 [1m           [0m                                                         [2mdrift[0m      
 [1m [0m[1;95mTYLERMAS…[0m[1m [0m  siphoner    [32m⚓ docked[0m   X1-KU6-C50     39/80   15/15              
 [1m [0m[1;93mTYLERMAS…[0m[1m [0m  siphoner    [33m✈ transit[0m   X1-KU6-C50     79/80   15/15   [2m3h46m [0m     
 [1m           [0m                                                         [2mdrift[0m      
 [1m [0m[1;37mTYLERMAS…[0m[1m [0m  trader      [32m⚓ docked[0m   X1-KU6-A1    600/600    0/80              
 [1m [0m[1;37mTYLERMAS…[0m[1m [0m  trader      [32m⚓ docked[0m   X1-KU6-A1    600/600    0/80              
                                                                                
  Contract: [36m░░░░░░░░░░░░░░░░░░░░░░░░░░░░░░[0m [1;36m0[0m[1m/[0m[1;36m70[0m IRON → X1-KU6-E56 [1m([0m[1;32m0[0m[32m%[0m[1m)[0m
[1;2;92m19:50:36[0m [36mTYLERMASTERY2-[0m[1;36m1[0m [33m🌡 cooldown 79s[0m
[1;2;92m19:50:40[0m [33mTYLERMASTERY2-[0m[1;33m4[0m [33m🌡 cooldown 51s[0m
[1;2;92m19:50:42[0m [96mTYLERMASTERY2-[0m[1;96m6[0m [33m⏳ in transit [0m[1;33m([0m[33m~3h 47m[0m[1;33m)[0m[33m...[0m
[1;2;92m19:50:46[0m [36mTYLERMASTERY2-[0m[1;36m1[0m [33m🌡 cooldown 69s[0m
[1;2;92m19:50:49[0m [34mTYLERMASTERY2-[0m[1;34m5[0m [33m⏳ in transit [0m[1;33m([0m[33m~14m 42s[0m[1;33m)[0m[33m...[0m
[1;2;92m19:50:51[0m [33mTYLERMASTERY2-[0m[1;33m4[0m [33m🌡 cooldown 40s[0m
[1;2;92m19:50:57[0m [36mTYLERMASTERY2-[0m[1;36m1[0m [33m🌡 cooldown 58s[0m
[1;2;92m19:51:03[0m [33mTYLERMASTERY2-[0m[1;33m4[0m [33m🌡 cooldown 29s[0m
[1;2;92m19:51:05[0m [33mCould not refuel: [0m[1;33m[[0m[1;33m4601[0m[1;33m][0m[33m Market purchase failed. Trade good FUEL is not[0m
[33mavailable at X1-KU6-C50.[0m
[1;2;92m19:51:08[0m [32mTYLERMASTERY2-[0m[1;32m2[0m [33m⏳ in transit [0m[1;33m([0m[33m~3m 54s[0m[1;33m)[0m[33m...[0m
[1;2;92m19:51:08[0m [36mTYLERMASTERY2-[0m[1;36m1[0m [33m🌡 cooldown 46s[0m
[1;2;92m19:51:22[0m [33mTYLERMASTERY2-[0m[1;33m4[0m [33m🌡 cooldown 10s[0m
[1;2;92m19:51:25[0m [36mTYLERMASTERY2-[0m[1;36m1[0m [33m🌡 cooldown 30s[0m
[1;2;92m19:51:33[0m [92mTYLERMASTERY2-[0m[1;92m7[0m [33m⏳ in transit [0m[1;33m([0m[33m~3h 47m[0m[1;33m)[0m[33m...[0m
[1;2;92m19:51:35[0m [36mTYLERMASTERY2-[0m[1;36m1[0m [33m🌡 cooldown 20s[0m
[1;2;92m19:51:36[0m [35m🔭 TYLERMASTERY2-[0m[1;35m4[0m[35m: [0m[1;35m1[0m[35m [0m[1;35msurvey[0m[1;35m([0m[35ms[0m[1;35m)[0m[35m added [0m[1;35m([0m[1;35m0x[0m[35m IRON hits[0m[1;35m)[0m[35m | pool: [0m[1;35m22[0m
[3m                      [0m[1;3mFleet Status[0m[3m  [0m[3;32m1,591,298 cr[0m[3m  [0m[2;3m19:51:36[0m[3m                      [0m
                                                                                
 [1m [0m[1mShip     [0m[1m [0m [1m [0m[1mRole     [0m[1m [0m [1m [0m[1mStatus   [0m[1m [0m [1m [0m[1mLocation  [0m[1m [0m [1m [0m[1m   Fuel[0m[1m [0m [1m [0m[1mCargo[0m[1m [0m [1m [0m[1mETA      [0m[1m [0m 
 ━━━━━━━━━━━━━━━━━━━━━━━━━━━━━━━━━━━━━━━━━━━━━━━━━━━━━━━━━━━━━━━━━━━━━━━━━━━━━━ 
 [1m [0m[1;36mTYLERMAS…[0m[1m [0m  miner       [36m↑ orbit[0m     X1-KU6-B47   385/400    5/40              
 [1m [0m[1;32mTYLERMAS…[0m[1m [0m  fleet-mgr   [33m✈ transit[0m   X1-KU6-C51         —     0/0   3m26s      
 [1m [0m[1;35mTYLERMAS…[0m[1m [0m  miner       [33m✈ transit[0m   X1-KU6-A2      64/80    0/15   [2m19m6s [0m     
 [1m           [0m                                                         [2mdrift[0m      
 [1m [0m[1;33mTYLERMAS…[0m[1m [0m  surveyor    [36m↑ orbit[0m     X1-KU6-B46     21/80     0/0              
 [1m [0m[1;34mTYLERMAS…[0m[1m [0m  hauler      [33m✈ transit[0m   X1-KU6-B7      7/600    0/80   13m54s     
 [1m [0m[1;96mTYLERMAS…[0m[1m [0m  siphoner    [33m✈ transit[0m   X1-KU6-C50     79/80   15/15   [2m3h46m [0m     
 [1m           [0m                                                         [2mdrift[0m      
 [1m [0m[1;92mTYLERMAS…[0m[1m [0m  siphoner    [33m✈ transit[0m   X1-KU6-C50     79/80   15/15   [2m3h47m [0m     
 [1m           [0m                                                         [2mdrift[0m      
 [1m [0m[1;95mTYLERMAS…[0m[1m [0m  siphoner    [36m↑ orbit[0m     X1-KU6-C50     39/80   15/15              
 [1m [0m[1;93mTYLERMAS…[0m[1m [0m  siphoner    [33m✈ transit[0m   X1-KU6-C50     79/80   15/15   [2m3h45m [0m     
 [1m           [0m                                                         [2mdrift[0m      
 [1m [0m[1;37mTYLERMAS…[0m[1m [0m  trader      [32m⚓ docked[0m   X1-KU6-A1    600/600    0/80              
 [1m [0m[1;37mTYLERMAS…[0m[1m [0m  trader      [32m⚓ docked[0m   X1-KU6-A1    600/600    0/80              
                                                                                
  Contract: [36m░░░░░░░░░░░░░░░░░░░░░░░░░░░░░░[0m [1;36m0[0m[1m/[0m[1;36m70[0m IRON → X1-KU6-E56 [1m([0m[1;32m0[0m[32m%[0m[1m)[0m
[1;2;92m19:51:36[0m [33mTYLERMASTERY2-[0m[1;33m4[0m [33m🌡 cooldown 69s[0m
[1;2;92m19:51:45[0m [36mTYLERMASTERY2-[0m[1;36m1[0m [33m🌡 cooldown 9s[0m
[1;2;92m19:51:47[0m [33mTYLERMASTERY2-[0m[1;33m4[0m [33m🌡 cooldown 58s[0m
[1;2;92m19:51:48[0m [96mTYLERMASTERY2-[0m[1;96m6[0m [33m⏳ in transit [0m[1;33m([0m[33m~3h 46m[0m[1;33m)[0m[33m...[0m
[1;2;92m19:51:50[0m [35mTYLERMASTERY2-[0m[1;35m3[0m [33m⏳ in transit [0m[1;33m([0m[33m~18m 51s[0m[1;33m)[0m[33m...[0m
[1;2;92m19:51:53[0m [34mTYLERMASTERY2-[0m[1;34m5[0m [33m⏳ in transit [0m[1;33m([0m[33m~13m 37s[0m[1;33m)[0m[33m...[0m
[1;2;92m19:51:56[0m [93mTYLERMASTERY2-[0m[1;93m9[0m [33m⏳ in transit [0m[1;33m([0m[33m~3h 45m[0m[1;33m)[0m[33m...[0m
[1;2;92m19:52:00[0m   [36mTYLERMASTERY2-[0m[1;36m1[0m: 6x SILICON_CRYSTALS | __SELL_ONLY__: [1;36m0[0m | Cargo: 
[1;36m11[0m/[1;36m40[0m | CD: 80s
[1;2;92m19:52:02[0m [33mTYLERMASTERY2-[0m[1;33m4[0m [33m🌡 cooldown 43s[0m
[1;2;92m19:52:12[0m [32mTYLERMASTERY2-[0m[1;32m2[0m [33m⏳ in transit [0m[1;33m([0m[33m~2m 50s[0m[1;33m)[0m[33m...[0m
[1;2;92m19:52:15[0m [33mTYLERMASTERY2-[0m[1;33m4[0m [33m🌡 cooldown 30s[0m
[1;2;92m19:52:23[0m [36mTYLERMASTERY2-[0m[1;36m1[0m [33m🌡 cooldown 56s[0m
[1;2;92m19:52:34[0m [33mTYLERMASTERY2-[0m[1;33m4[0m [33m🌡 cooldown 11s[0m
[1;2;92m19:52:35[0m [36mTYLERMASTERY2-[0m[1;36m1[0m [33m🌡 cooldown 44s[0m
[1;2;92m19:52:35[0m [92mTYLERMASTERY2-[0m[1;92m7[0m [33m⏳ in transit [0m[1;33m([0m[33m~3h 46m[0m[1;33m)[0m[33m...[0m
[3m                      [0m[1;3mFleet Status[0m[3m  [0m[3;32m1,591,298 cr[0m[3m  [0m[2;3m19:52:37[0m[3m                      [0m
                                                                                
 [1m [0m[1mShip     [0m[1m [0m [1m [0m[1mRole     [0m[1m [0m [1m [0m[1mStatus   [0m[1m [0m [1m [0m[1mLocation  [0m[1m [0m [1m [0m[1m   Fuel[0m[1m [0m [1m [0m[1mCargo[0m[1m [0m [1m [0m[1mETA      [0m[1m [0m 
 ━━━━━━━━━━━━━━━━━━━━━━━━━━━━━━━━━━━━━━━━━━━━━━━━━━━━━━━━━━━━━━━━━━━━━━━━━━━━━━ 
 [1m [0m[1;36mTYLERMAS…[0m[1m [0m  miner       [36m↑ orbit[0m     X1-KU6-B47   385/400   11/40              
 [1m [0m[1;32mTYLERMAS…[0m[1m [0m  fleet-mgr   [33m✈ transit[0m   X1-KU6-C51         —     0/0   2m25s      
 [1m [0m[1;35mTYLERMAS…[0m[1m [0m  miner       [33m✈ transit[0m   X1-KU6-A2      64/80    0/15   [2m18m5s [0m     
 [1m           [0m                                                         [2mdrift[0m      
 [1m [0m[1;33mTYLERMAS…[0m[1m [0m  surveyor    [36m↑ orbit[0m     X1-KU6-B46     21/80     0/0              
 [1m [0m[1;34mTYLERMAS…[0m[1m [0m  hauler      [33m✈ transit[0m   X1-KU6-B7      7/600    0/80   12m53s     
 [1m [0m[1;96mTYLERMAS…[0m[1m [0m  siphoner    [33m✈ transit[0m   X1-KU6-C50     79/80   15/15   [2m3h45m [0m     
 [1m           [0m                                                         [2mdrift[0m      
 [1m [0m[1;92mTYLERMAS…[0m[1m [0m  siphoner    [33m✈ transit[0m   X1-KU6-C50     79/80   15/15   [2m3h46m [0m     
 [1m           [0m                                                         [2mdrift[0m      
 [1m [0m[1;95mTYLERMAS…[0m[1m [0m  siphoner    [36m↑ orbit[0m     X1-KU6-C50     39/80   15/15              
 [1m [0m[1;93mTYLERMAS…[0m[1m [0m  siphoner    [33m✈ transit[0m   X1-KU6-C50     79/80   15/15   [2m3h44m [0m     
 [1m           [0m                                                         [2mdrift[0m      
 [1m [0m[1;37mTYLERMAS…[0m[1m [0m  trader      [32m⚓ docked[0m   X1-KU6-A1    600/600    0/80              
 [1m [0m[1;37mTYLERMAS…[0m[1m [0m  trader      [32m⚓ docked[0m   X1-KU6-A1    600/600    0/80              
                                                                                
  Contract: [36m░░░░░░░░░░░░░░░░░░░░░░░░░░░░░░[0m [1;36m0[0m[1m/[0m[1;36m70[0m IRON → X1-KU6-E56 [1m([0m[1;32m0[0m[32m%[0m[1m)[0m
[1;2;92m19:52:45[0m [36mTYLERMASTERY2-[0m[1;36m1[0m [33m🌡 cooldown 34s[0m
[1;2;92m19:52:45[0m [35m🔭 TYLERMASTERY2-[0m[1;35m4[0m[35m: [0m[1;35m1[0m[35m [0m[1;35msurvey[0m[1;35m([0m[35ms[0m[1;35m)[0m[35m added [0m[1;35m([0m[1;35m0x[0m[35m IRON hits[0m[1;35m)[0m[35m | pool: [0m[1;35m21[0m
[1;2;92m19:52:46[0m [33mTYLERMASTERY2-[0m[1;33m4[0m [33m🌡 cooldown 69s[0m
[1;2;92m19:52:50[0m [96mTYLERMASTERY2-[0m[1;96m6[0m [33m⏳ in transit [0m[1;33m([0m[33m~3h 45m[0m[1;33m)[0m[33m...[0m
[1;2;92m19:52:54[0m [95mTYLERMASTERY2-[0m[1;95m8[0m [31m⚠ no fuel available locally, emergency DRIFT to [0m
[31mX1-KU6-B7[0m
[1;2;92m19:52:54[0m [35mTYLERMASTERY2-[0m[1;35m3[0m [33m⏳ in transit [0m[1;33m([0m[33m~17m 47s[0m[1;33m)[0m[33m...[0m
[1;2;92m19:52:55[0m [34mTYLERMASTERY2-[0m[1;34m5[0m [33m⏳ in transit [0m[1;33m([0m[33m~12m 35s[0m[1;33m)[0m[33m...[0m
[1;2;92m19:52:56[0m [36mTYLERMASTERY2-[0m[1;36m1[0m [33m🌡 cooldown 23s[0m
[1;2;92m19:52:56[0m [95mTYLERMASTERY2-[0m[1;95m8[0m [33m⏳ in transit [0m[1;33m([0m[33m~3h 50m[0m[1;33m)[0m[33m...[0m
[1;2;92m19:52:57[0m [33mTYLERMASTERY2-[0m[1;33m4[0m [33m🌡 cooldown 58s[0m
[1;2;92m19:52:59[0m [93mTYLERMASTERY2-[0m[1;93m9[0m [33m⏳ in transit [0m[1;33m([0m[33m~3h 44m[0m[1;33m)[0m[33m...[0m
[1;2;92m19:53:07[0m [36mTYLERMASTERY2-[0m[1;36m1[0m [33m🌡 cooldown 11s[0m
[1;2;92m19:53:09[0m [33mTYLERMASTERY2-[0m[1;33m4[0m [33m🌡 cooldown 46s[0m
[1;2;92m19:53:14[0m [32mTYLERMASTERY2-[0m[1;32m2[0m [33m⏳ in transit [0m[1;33m([0m[33m~1m 48s[0m[1;33m)[0m[33m...[0m
[1;2;92m19:53:19[0m [33mTYLERMASTERY2-[0m[1;33m4[0m [33m🌡 cooldown 36s[0m
[1;2;92m19:53:20[0m [32mTYLERMASTERY2-[0m[1;32m2[0m [33m⏳ in transit [0m[1;33m([0m[33m~1m 42s[0m[1;33m)[0m[33m...[0m
[1;2;92m19:53:28[0m [32mTYLERMASTERY2-[0m[1;32m2[0m [33m⏳ in transit [0m[1;33m([0m[33m~1m 34s[0m[1;33m)[0m[33m...[0m
[1;2;92m19:53:34[0m [33mTYLERMASTERY2-[0m[1;33m4[0m [33m🌡 cooldown 21s[0m
[1;2;92m19:53:35[0m   [36mTYLERMASTERY2-[0m[1;36m1[0m: 5x PRECIOUS_STONES | __SELL_ONLY__: [1;36m0[0m | Cargo: [1;36m16[0m/[1;36m40[0m
| CD: 80s
[1;2;92m19:53:35[0m [32mTYLERMASTERY2-[0m[1;32m2[0m [33m⏳ in transit [0m[1;33m([0m[33m~1m 27s[0m[1;33m)[0m[33m...[0m
[1;2;92m19:53:36[0m [36mTYLERMASTERY2-[0m[1;36m1[0m [33m🌡 cooldown 78s[0m
[1;2;92m19:53:36[0m [37mTYLERMASTERY2-A[0m [2mno profitable arbitrage found — waiting 5min[0m
[1;2;92m19:53:36[0m [37mTYLERMASTERY2-B[0m [2mno profitable arbitrage found — waiting 5min[0m
[1;2;92m19:53:38[0m [92mTYLERMASTERY2-[0m[1;92m7[0m [33m⏳ in transit [0m[1;33m([0m[33m~3h 45m[0m[1;33m)[0m[33m...[0m
[3m                      [0m[1;3mFleet Status[0m[3m  [0m[3;32m1,591,298 cr[0m[3m  [0m[2;3m19:53:38[0m[3m                      [0m
                                                                                
 [1m [0m[1mShip     [0m[1m [0m [1m [0m[1mRole     [0m[1m [0m [1m [0m[1mStatus   [0m[1m [0m [1m [0m[1mLocation  [0m[1m [0m [1m [0m[1m   Fuel[0m[1m [0m [1m [0m[1mCargo[0m[1m [0m [1m [0m[1mETA      [0m[1m [0m 
 ━━━━━━━━━━━━━━━━━━━━━━━━━━━━━━━━━━━━━━━━━━━━━━━━━━━━━━━━━━━━━━━━━━━━━━━━━━━━━━ 
 [1m [0m[1;36mTYLERMAS…[0m[1m [0m  miner       [36m↑ orbit[0m     X1-KU6-B47   385/400   16/40              
 [1m [0m[1;32mTYLERMAS…[0m[1m [0m  fleet-mgr   [33m✈ transit[0m   X1-KU6-C51         —     0/0   1m24s      
 [1m [0m[1;35mTYLERMAS…[0m[1m [0m  miner       [33m✈ transit[0m   X1-KU6-A2      64/80    0/15   [2m17m3s [0m     
 [1m           [0m                                                         [2mdrift[0m      
 [1m [0m[1;33mTYLERMAS…[0m[1m [0m  surveyor    [36m↑ orbit[0m     X1-KU6-B46     21/80     0/0              
 [1m [0m[1;34mTYLERMAS…[0m[1m [0m  hauler      [33m✈ transit[0m   X1-KU6-B7      7/600    0/80   11m52s     
 [1m [0m[1;96mTYLERMAS…[0m[1m [0m  siphoner    [33m✈ transit[0m   X1-KU6-C50     79/80   15/15   [2m3h44m [0m     
 [1m           [0m                                                         [2mdrift[0m      
 [1m [0m[1;92mTYLERMAS…[0m[1m [0m  siphoner    [33m✈ transit[0m   X1-KU6-C50     79/80   15/15   [2m3h45m [0m     
 [1m           [0m                                                         [2mdrift[0m      
 [1m [0m[1;95mTYLERMAS…[0m[1m [0m  siphoner    [33m✈ transit[0m   X1-KU6-B7      38/80   15/15   [2m3h49m [0m     
 [1m           [0m                                                         [2mdrift[0m      
 [1m [0m[1;93mTYLERMAS…[0m[1m [0m  siphoner    [33m✈ transit[0m   X1-KU6-C50     79/80   15/15   [2m3h43m [0m     
 [1m           [0m                                                         [2mdrift[0m      
 [1m [0m[1;37mTYLERMAS…[0m[1m [0m  trader      [32m⚓ docked[0m   X1-KU6-A1    600/600    0/80              
 [1m [0m[1;37mTYLERMAS…[0m[1m [0m  trader      [32m⚓ docked[0m   X1-KU6-A1    600/600    0/80              
                                                                                
  Contract: [36m░░░░░░░░░░░░░░░░░░░░░░░░░░░░░░[0m [1;36m0[0m[1m/[0m[1;36m70[0m IRON → X1-KU6-E56 [1m([0m[1;32m0[0m[32m%[0m[1m)[0m
[1;2;92m19:53:41[0m [32mTYLERMASTERY2-[0m[1;32m2[0m [33m⏳ in transit [0m[1;33m([0m[33m~1m 22s[0m[1;33m)[0m[33m...[0m
[1;2;92m19:53:44[0m [33mTYLERMASTERY2-[0m[1;33m4[0m [33m🌡 cooldown 11s[0m
[1;2;92m19:53:46[0m [36mTYLERMASTERY2-[0m[1;36m1[0m [33m🌡 cooldown 67s[0m
[1;2;92m19:53:46[0m [32mTYLERMASTERY2-[0m[1;32m2[0m [33m⏳ in transit [0m[1;33m([0m[33m~1m 16s[0m[1;33m)[0m[33m...[0m
[1;2;92m19:53:52[0m [32mTYLERMASTERY2-[0m[1;32m2[0m [33m⏳ in transit [0m[1;33m([0m[33m~1m 11s[0m[1;33m)[0m[33m...[0m
[1;2;92m19:53:55[0m [35m🔭 TYLERMASTERY2-[0m[1;35m4[0m[35m: [0m[1;35m1[0m[35m [0m[1;35msurvey[0m[1;35m([0m[35ms[0m[1;35m)[0m[35m added [0m[1;35m([0m[1;35m0x[0m[35m IRON hits[0m[1;35m)[0m[35m | pool: [0m[1;35m20[0m
[1;2;92m19:53:57[0m [36mTYLERMASTERY2-[0m[1;36m1[0m [33m🌡 cooldown 57s[0m
[1;2;92m19:53:57[0m [95mTYLERMASTERY2-[0m[1;95m8[0m [33m⏳ in transit [0m[1;33m([0m[33m~3h 49m[0m[1;33m)[0m[33m...[0m
[1;2;92m19:53:58[0m [34mTYLERMASTERY2-[0m[1;34m5[0m [33m⏳ in transit [0m[1;33m([0m[33m~11m 33s[0m[1;33m)[0m[33m...[0m
[1;2;92m19:54:00[0m [32mTYLERMASTERY2-[0m[1;32m2[0m [33m⏳ in transit [0m[1;33m([0m[33m~1m 2s[0m[1;33m)[0m[33m...[0m
[1;2;92m19:54:01[0m [96mTYLERMASTERY2-[0m[1;96m6[0m [33m⏳ in transit [0m[1;33m([0m[33m~3h 44m[0m[1;33m)[0m[33m...[0m
[1;2;92m19:54:01[0m [35mTYLERMASTERY2-[0m[1;35m3[0m [33m⏳ in transit [0m[1;33m([0m[33m~16m 41s[0m[1;33m)[0m[33m...[0m
[1;2;92m19:54:03[0m [33mTYLERMASTERY2-[0m[1;33m4[0m [33m🌡 cooldown 61s[0m
[1;2;92m19:54:10[0m [32mTYLERMASTERY2-[0m[1;32m2[0m [33m⏳ in transit [0m[1;33m([0m[33m~53s[0m[1;33m)[0m[33m...[0m
[1;2;92m19:54:10[0m [36mTYLERMASTERY2-[0m[1;36m1[0m [33m🌡 cooldown 43s[0m
[1;2;92m19:54:14[0m [33mTYLERMASTERY2-[0m[1;33m4[0m [33m🌡 cooldown 51s[0m
[1;2;92m19:54:17[0m [32mTYLERMASTERY2-[0m[1;32m2[0m [33m⏳ in transit [0m[1;33m([0m[33m~46s[0m[1;33m)[0m[33m...[0m
[1;2;92m19:54:21[0m [93mTYLERMASTERY2-[0m[1;93m9[0m [33m⏳ in transit [0m[1;33m([0m[33m~3h 43m[0m[1;33m)[0m[33m...[0m
[1;2;92m19:54:24[0m [32mTYLERMASTERY2-[0m[1;32m2[0m [33m⏳ in transit [0m[1;33m([0m[33m~39s[0m[1;33m)[0m[33m...[0m
[1;2;92m19:54:25[0m [36mTYLERMASTERY2-[0m[1;36m1[0m [33m🌡 cooldown 29s[0m
[1;2;92m19:54:32[0m [32mTYLERMASTERY2-[0m[1;32m2[0m [33m⏳ in transit [0m[1;33m([0m[33m~31s[0m[1;33m)[0m[33m...[0m
[1;2;92m19:54:33[0m [33mTYLERMASTERY2-[0m[1;33m4[0m [33m🌡 cooldown 32s[0m
[1;2;92m19:54:35[0m [36mTYLERMASTERY2-[0m[1;36m1[0m [33m🌡 cooldown 18s[0m
[1;2;92m19:54:37[0m [32mTYLERMASTERY2-[0m[1;32m2[0m [33m⏳ in transit [0m[1;33m([0m[33m~25s[0m[1;33m)[0m[33m...[0m
[3m                      [0m[1;3mFleet Status[0m[3m  [0m[3;32m1,591,298 cr[0m[3m  [0m[2;3m19:54:39[0m[3m                      [0m
                                                                                
 [1m [0m[1mShip     [0m[1m [0m [1m [0m[1mRole     [0m[1m [0m [1m [0m[1mStatus   [0m[1m [0m [1m [0m[1mLocation  [0m[1m [0m [1m [0m[1m   Fuel[0m[1m [0m [1m [0m[1mCargo[0m[1m [0m [1m [0m[1mETA      [0m[1m [0m 
 ━━━━━━━━━━━━━━━━━━━━━━━━━━━━━━━━━━━━━━━━━━━━━━━━━━━━━━━━━━━━━━━━━━━━━━━━━━━━━━ 
 [1m [0m[1;36mTYLERMAS…[0m[1m [0m  miner       [36m↑ orbit[0m     X1-KU6-B47   385/400   16/40              
 [1m [0m[1;32mTYLERMAS…[0m[1m [0m  fleet-mgr   [33m✈ transit[0m   X1-KU6-C51         —     0/0   23s        
 [1m [0m[1;35mTYLERMAS…[0m[1m [0m  miner       [33m✈ transit[0m   X1-KU6-A2      64/80    0/15   [2m16m2s [0m     
 [1m           [0m                                                         [2mdrift[0m      
 [1m [0m[1;33mTYLERMAS…[0m[1m [0m  surveyor    [36m↑ orbit[0m     X1-KU6-B46     21/80     0/0              
 [1m [0m[1;34mTYLERMAS…[0m[1m [0m  hauler      [33m✈ transit[0m   X1-KU6-B7      7/600    0/80   10m51s     
 [1m [0m[1;96mTYLERMAS…[0m[1m [0m  siphoner    [33m✈ transit[0m   X1-KU6-C50     79/80   15/15   [2m3h43m [0m     
 [1m           [0m                                                         [2mdrift[0m      
 [1m [0m[1;92mTYLERMAS…[0m[1m [0m  siphoner    [33m✈ transit[0m   X1-KU6-C50     79/80   15/15   [2m3h44m [0m     
 [1m           [0m                                                         [2mdrift[0m      
 [1m [0m[1;95mTYLERMAS…[0m[1m [0m  siphoner    [33m✈ transit[0m   X1-KU6-B7      38/80   15/15   [2m3h48m [0m     
 [1m           [0m                                                         [2mdrift[0m      
 [1m [0m[1;93mTYLERMAS…[0m[1m [0m  siphoner    [33m✈ transit[0m   X1-KU6-C50     79/80   15/15   [2m3h42m [0m     
 [1m           [0m                                                         [2mdrift[0m      
 [1m [0m[1;37mTYLERMAS…[0m[1m [0m  trader      [32m⚓ docked[0m   X1-KU6-A1    600/600    0/80              
 [1m [0m[1;37mTYLERMAS…[0m[1m [0m  trader      [32m⚓ docked[0m   X1-KU6-A1    600/600    0/80              
                                                                                
  Contract: [36m░░░░░░░░░░░░░░░░░░░░░░░░░░░░░░[0m [1;36m0[0m[1m/[0m[1;36m70[0m IRON → X1-KU6-E56 [1m([0m[1;32m0[0m[32m%[0m[1m)[0m
[1;2;92m19:54:43[0m [32mTYLERMASTERY2-[0m[1;32m2[0m [33m⏳ in transit [0m[1;33m([0m[33m~20s[0m[1;33m)[0m[33m...[0m
[1;2;92m19:54:43[0m [92mTYLERMASTERY2-[0m[1;92m7[0m [33m⏳ in transit [0m[1;33m([0m[33m~3h 44m[0m[1;33m)[0m[33m...[0m
[1;2;92m19:54:43[0m [33mTYLERMASTERY2-[0m[1;33m4[0m [33m🌡 cooldown 21s[0m
[1;2;92m19:54:46[0m [36mTYLERMASTERY2-[0m[1;36m1[0m [33m🌡 cooldown 8s[0m
[1;2;92m19:54:48[0m [32mTYLERMASTERY2-[0m[1;32m2[0m [33m⏳ in transit [0m[1;33m([0m[33m~14s[0m[1;33m)[0m[33m...[0m
[1;2;92m19:54:54[0m [33mTYLERMASTERY2-[0m[1;33m4[0m [33m🌡 cooldown 11s[0m
[1;2;92m19:54:55[0m [32mTYLERMASTERY2-[0m[1;32m2[0m [33m⏳ in transit [0m[1;33m([0m[33m~7s[0m[1;33m)[0m[33m...[0m
[1;2;92m19:55:00[0m [95mTYLERMASTERY2-[0m[1;95m8[0m [33m⏳ in transit [0m[1;33m([0m[33m~3h 48m[0m[1;33m)[0m[33m...[0m
[1;2;92m19:55:01[0m [32mTYLERMASTERY2-[0m[1;32m2[0m [33m⏳ in transit [0m[1;33m([0m[33m~2s[0m[1;33m)[0m[33m...[0m
[1;2;92m19:55:05[0m   [36mTYLERMASTERY2-[0m[1;36m1[0m: 7x PRECIOUS_STONES | __SELL_ONLY__: [1;36m0[0m | Cargo: [1;36m23[0m/[1;36m40[0m
| CD: 80s
[1;2;92m19:55:05[0m [36mTYLERMASTERY2-[0m[1;36m1[0m   [33m⚠ Impact with Extracted Debris: Large chunks of [0m
[33mdebris from the extraction process collided with the ship's frame, causing minor[0m
[33mdents and potential breaches. Automated navigational protocols and debris [0m
[33mtracking systems helped mitigate significant damage.[0m
[1;2;92m19:55:06[0m [35mTYLERMASTERY2-[0m[1;35m3[0m [33m⏳ in transit [0m[1;33m([0m[33m~15m 36s[0m[1;33m)[0m[33m...[0m
[1;2;92m19:55:06[0m [34mTYLERMASTERY2-[0m[1;34m5[0m [33m⏳ in transit [0m[1;33m([0m[33m~10m 24s[0m[1;33m)[0m[33m...[0m
[1;2;92m19:55:07[0m [32mTYLERMASTERY2-[0m[1;32m2[0m [32m✓[0m arrived at [1mX1-KU6-C51[0m
[1;2;92m19:55:08[0m [96mTYLERMASTERY2-[0m[1;96m6[0m [33m⏳ in transit [0m[1;33m([0m[33m~3h 43m[0m[1;33m)[0m[33m...[0m
[1;2;92m19:55:12[0m [35m🔭 TYLERMASTERY2-[0m[1;35m4[0m[35m: [0m[1;35m1[0m[35m [0m[1;35msurvey[0m[1;35m([0m[35ms[0m[1;35m)[0m[35m added [0m[1;35m([0m[1;35m0x[0m[35m IRON hits[0m[1;35m)[0m[35m | pool: [0m[1;35m20[0m
[1;2;92m19:55:16[0m [32mTYLERMASTERY2-[0m[1;32m2[0m [36m⚓ docked[0m
[1;2;92m19:55:20[0m [36mTYLERMASTERY2-[0m[1;36m1[0m [33m🌡 cooldown 58s[0m
[1;2;92m19:55:21[0m [33mTYLERMASTERY2-[0m[1;33m4[0m [33m🌡 cooldown 60s[0m
[1;2;92m19:55:28[0m [93mTYLERMASTERY2-[0m[1;93m9[0m [33m⏳ in transit [0m[1;33m([0m[33m~3h 41m[0m[1;33m)[0m[33m...[0m
[1;2;92m19:55:34[0m [36mTYLERMASTERY2-[0m[1;36m1[0m [33m🌡 cooldown 44s[0m
[1;2;92m19:55:35[0m [32mTYLERMASTERY2-[0m[1;32m2[0m [36m↑ orbiting[0m
[1;2;92m19:55:35[0m [32mTYLERMASTERY2-[0m[1;32m2[0m [34m🚀 Navigating → X1-KU6-H62[0m
[1;2;92m19:55:36[0m [32mTYLERMASTERY2-[0m[1;32m2[0m [33m⏳ in transit [0m[1;33m([0m[33m~9m 0s[0m[1;33m)[0m[33m...[0m
[1;2;92m19:55:36[0m [33mTYLERMASTERY2-[0m[1;33m4[0m [33m🌡 cooldown 45s[0m
[3m                      [0m[1;3mFleet Status[0m[3m  [0m[3;32m1,591,298 cr[0m[3m  [0m[2;3m19:55:41[0m[3m                      [0m
                                                                                
 [1m [0m[1mShip     [0m[1m [0m [1m [0m[1mRole     [0m[1m [0m [1m [0m[1mStatus   [0m[1m [0m [1m [0m[1mLocation  [0m[1m [0m [1m [0m[1m   Fuel[0m[1m [0m [1m [0m[1mCargo[0m[1m [0m [1m [0m[1mETA      [0m[1m [0m 
 ━━━━━━━━━━━━━━━━━━━━━━━━━━━━━━━━━━━━━━━━━━━━━━━━━━━━━━━━━━━━━━━━━━━━━━━━━━━━━━ 
 [1m [0m[1;36mTYLERMAS…[0m[1m [0m  miner       [36m↑ orbit[0m     X1-KU6-B47   385/400   23/40              
 [1m [0m[1;32mTYLERMAS…[0m[1m [0m  fleet-mgr   [33m✈ transit[0m   X1-KU6-H62         —     0/0   8m55s      
 [1m [0m[1;35mTYLERMAS…[0m[1m [0m  miner       [33m✈ transit[0m   X1-KU6-A2      64/80    0/15   [2m15m1s [0m     
 [1m           [0m                                                         [2mdrift[0m      
 [1m [0m[1;33mTYLERMAS…[0m[1m [0m  surveyor    [36m↑ orbit[0m     X1-KU6-B46     21/80     0/0              
 [1m [0m[1;34mTYLERMAS…[0m[1m [0m  hauler      [33m✈ transit[0m   X1-KU6-B7      7/600    0/80   9m50s      
 [1m [0m[1;96mTYLERMAS…[0m[1m [0m  siphoner    [33m✈ transit[0m   X1-KU6-C50     79/80   15/15   [2m3h42m [0m     
 [1m           [0m                                                         [2mdrift[0m      
 [1m [0m[1;92mTYLERMAS…[0m[1m [0m  siphoner    [33m✈ transit[0m   X1-KU6-C50     79/80   15/15   [2m3h43m [0m     
 [1m           [0m                                                         [2mdrift[0m      
 [1m [0m[1;95mTYLERMAS…[0m[1m [0m  siphoner    [33m✈ transit[0m   X1-KU6-B7      38/80   15/15   [2m3h47m [0m     
 [1m           [0m                                                         [2mdrift[0m      
 [1m [0m[1;93mTYLERMAS…[0m[1m [0m  siphoner    [33m✈ transit[0m   X1-KU6-C50     79/80   15/15   [2m3h41m [0m     
 [1m           [0m                                                         [2mdrift[0m      
 [1m [0m[1;37mTYLERMAS…[0m[1m [0m  trader      [32m⚓ docked[0m   X1-KU6-A1    600/600    0/80              
 [1m [0m[1;37mTYLERMAS…[0m[1m [0m  trader      [32m⚓ docked[0m   X1-KU6-A1    600/600    0/80              
                                                                                
  Contract: [36m░░░░░░░░░░░░░░░░░░░░░░░░░░░░░░[0m [1;36m0[0m[1m/[0m[1;36m70[0m IRON → X1-KU6-E56 [1m([0m[1;32m0[0m[32m%[0m[1m)[0m
[1;2;92m19:55:44[0m [36mTYLERMASTERY2-[0m[1;36m1[0m [33m🌡 cooldown 34s[0m
[1;2;92m19:55:45[0m [92mTYLERMASTERY2-[0m[1;92m7[0m [33m⏳ in transit [0m[1;33m([0m[33m~3h 43m[0m[1;33m)[0m[33m...[0m
[1;2;92m19:55:46[0m [33mTYLERMASTERY2-[0m[1;33m4[0m [33m🌡 cooldown 35s[0m
[1;2;92m19:55:55[0m [36mTYLERMASTERY2-[0m[1;36m1[0m [33m🌡 cooldown 23s[0m
[1;2;92m19:55:57[0m [33mTYLERMASTERY2-[0m[1;33m4[0m [33m🌡 cooldown 24s[0m
[1;2;92m19:56:04[0m [95mTYLERMASTERY2-[0m[1;95m8[0m [33m⏳ in transit [0m[1;33m([0m[33m~3h 47m[0m[1;33m)[0m[33m...[0m
[1;2;92m19:56:07[0m [35mTYLERMASTERY2-[0m[1;35m3[0m [33m⏳ in transit [0m[1;33m([0m[33m~14m 35s[0m[1;33m)[0m[33m...[0m
[1;2;92m19:56:08[0m [36mTYLERMASTERY2-[0m[1;36m1[0m [33m🌡 cooldown 10s[0m
[1;2;92m19:56:10[0m [33mTYLERMASTERY2-[0m[1;33m4[0m [33m🌡 cooldown 11s[0m
[1;2;92m19:56:11[0m [34mTYLERMASTERY2-[0m[1;34m5[0m [33m⏳ in transit [0m[1;33m([0m[33m~9m 19s[0m[1;33m)[0m[33m...[0m
[1;2;92m19:56:16[0m [96mTYLERMASTERY2-[0m[1;96m6[0m [33m⏳ in transit [0m[1;33m([0m[33m~3h 42m[0m[1;33m)[0m[33m...[0m
[1;2;92m19:56:23[0m [35m🔭 TYLERMASTERY2-[0m[1;35m4[0m[35m: [0m[1;35m1[0m[35m [0m[1;35msurvey[0m[1;35m([0m[35ms[0m[1;35m)[0m[35m added [0m[1;35m([0m[1;35m0x[0m[35m IRON hits[0m[1;35m)[0m[35m | pool: [0m[1;35m18[0m
[1;2;92m19:56:29[0m [33mTYLERMASTERY2-[0m[1;33m4[0m [33m🌡 cooldown 63s[0m
[1;2;92m19:56:29[0m   [36mTYLERMASTERY2-[0m[1;36m1[0m: 5x SILICON_CRYSTALS | __SELL_ONLY__: [1;36m0[0m | Cargo: 
[1;36m28[0m/[1;36m40[0m | CD: 80s
[1;2;92m19:56:30[0m [93mTYLERMASTERY2-[0m[1;93m9[0m [33m⏳ in transit [0m[1;33m([0m[33m~3h 40m[0m[1;33m)[0m[33m...[0m
[1;2;92m19:56:36[0m [36mTYLERMASTERY2-[0m[1;36m1[0m [33m🌡 cooldown 70s[0m
[1;2;92m19:56:38[0m [32mTYLERMASTERY2-[0m[1;32m2[0m [33m⏳ in transit [0m[1;33m([0m[33m~7m 58s[0m[1;33m)[0m[33m...[0m
[1;2;92m19:56:40[0m [33mTYLERMASTERY2-[0m[1;33m4[0m [33m🌡 cooldown 52s[0m
[3m                      [0m[1;3mFleet Status[0m[3m  [0m[3;32m1,591,298 cr[0m[3m  [0m[2;3m19:56:42[0m[3m                      [0m
                                                                                
 [1m [0m[1mShip     [0m[1m [0m [1m [0m[1mRole     [0m[1m [0m [1m [0m[1mStatus   [0m[1m [0m [1m [0m[1mLocation  [0m[1m [0m [1m [0m[1m   Fuel[0m[1m [0m [1m [0m[1mCargo[0m[1m [0m [1m [0m[1mETA      [0m[1m [0m 
 ━━━━━━━━━━━━━━━━━━━━━━━━━━━━━━━━━━━━━━━━━━━━━━━━━━━━━━━━━━━━━━━━━━━━━━━━━━━━━━ 
 [1m [0m[1;36mTYLERMAS…[0m[1m [0m  miner       [36m↑ orbit[0m     X1-KU6-B47   385/400   28/40              
 [1m [0m[1;32mTYLERMAS…[0m[1m [0m  fleet-mgr   [33m✈ transit[0m   X1-KU6-H62         —     0/0   7m54s      
 [1m [0m[1;35mTYLERMAS…[0m[1m [0m  miner       [33m✈ transit[0m   X1-KU6-A2      64/80    0/15   [2m14m0s [0m     
 [1m           [0m                                                         [2mdrift[0m      
 [1m [0m[1;33mTYLERMAS…[0m[1m [0m  surveyor    [36m↑ orbit[0m     X1-KU6-B46     21/80     0/0              
 [1m [0m[1;34mTYLERMAS…[0m[1m [0m  hauler      [33m✈ transit[0m   X1-KU6-B7      7/600    0/80   8m49s      
 [1m [0m[1;96mTYLERMAS…[0m[1m [0m  siphoner    [33m✈ transit[0m   X1-KU6-C50     79/80   15/15   [2m3h41m [0m     
 [1m           [0m                                                         [2mdrift[0m      
 [1m [0m[1;92mTYLERMAS…[0m[1m [0m  siphoner    [33m✈ transit[0m   X1-KU6-C50     79/80   15/15   [2m3h42m [0m     
 [1m           [0m                                                         [2mdrift[0m      
 [1m [0m[1;95mTYLERMAS…[0m[1m [0m  siphoner    [33m✈ transit[0m   X1-KU6-B7      38/80   15/15   [2m3h46m [0m     
 [1m           [0m                                                         [2mdrift[0m      
 [1m [0m[1;93mTYLERMAS…[0m[1m [0m  siphoner    [33m✈ transit[0m   X1-KU6-C50     79/80   15/15   [2m3h40m [0m     
 [1m           [0m                                                         [2mdrift[0m      
 [1m [0m[1;37mTYLERMAS…[0m[1m [0m  trader      [32m⚓ docked[0m   X1-KU6-A1    600/600    0/80              
 [1m [0m[1;37mTYLERMAS…[0m[1m [0m  trader      [32m⚓ docked[0m   X1-KU6-A1    600/600    0/80              
                                                                                
  Contract: [36m░░░░░░░░░░░░░░░░░░░░░░░░░░░░░░[0m [1;36m0[0m[1m/[0m[1;36m70[0m IRON → X1-KU6-E56 [1m([0m[1;32m0[0m[32m%[0m[1m)[0m
[1;2;92m19:56:46[0m [92mTYLERMASTERY2-[0m[1;92m7[0m [33m⏳ in transit [0m[1;33m([0m[33m~3h 42m[0m[1;33m)[0m[33m...[0m
[1;2;92m19:56:46[0m [36mTYLERMASTERY2-[0m[1;36m1[0m [33m🌡 cooldown 60s[0m
[1;2;92m19:56:50[0m [33mTYLERMASTERY2-[0m[1;33m4[0m [33m🌡 cooldown 42s[0m
[1;2;92m19:56:57[0m [36mTYLERMASTERY2-[0m[1;36m1[0m [33m🌡 cooldown 50s[0m
[1;2;92m19:57:01[0m [33mTYLERMASTERY2-[0m[1;33m4[0m [33m🌡 cooldown 31s[0m
[1;2;92m19:57:07[0m [95mTYLERMASTERY2-[0m[1;95m8[0m [33m⏳ in transit [0m[1;33m([0m[33m~3h 46m[0m[1;33m)[0m[33m...[0m
[1;2;92m19:57:08[0m [35mTYLERMASTERY2-[0m[1;35m3[0m [33m⏳ in transit [0m[1;33m([0m[33m~13m 34s[0m[1;33m)[0m[33m...[0m
[1;2;92m19:57:09[0m [36mTYLERMASTERY2-[0m[1;36m1[0m [33m🌡 cooldown 38s[0m
[1;2;92m19:57:12[0m [34mTYLERMASTERY2-[0m[1;34m5[0m [33m⏳ in transit [0m[1;33m([0m[33m~8m 18s[0m[1;33m)[0m[33m...[0m
[1;2;92m19:57:16[0m [33mTYLERMASTERY2-[0m[1;33m4[0m [33m🌡 cooldown 16s[0m
[1;2;92m19:57:17[0m [96mTYLERMASTERY2-[0m[1;96m6[0m [33m⏳ in transit [0m[1;33m([0m[33m~3h 41m[0m[1;33m)[0m[33m...[0m
[1;2;92m19:57:19[0m [36mTYLERMASTERY2-[0m[1;36m1[0m [33m🌡 cooldown 27s[0m
[1;2;92m19:57:29[0m [33mTYLERMASTERY2-[0m[1;33m4[0m [33m🌡 cooldown 3s[0m
[1;2;92m19:57:33[0m [36mTYLERMASTERY2-[0m[1;36m1[0m [33m🌡 cooldown 14s[0m
[1;2;92m19:57:33[0m [93mTYLERMASTERY2-[0m[1;93m9[0m [33m⏳ in transit [0m[1;33m([0m[33m~3h 39m[0m[1;33m)[0m[33m...[0m
[1;2;92m19:57:36[0m [35m🔭 TYLERMASTERY2-[0m[1;35m4[0m[35m: [0m[1;35m1[0m[35m [0m[1;35msurvey[0m[1;35m([0m[35ms[0m[1;35m)[0m[35m added [0m[1;35m([0m[1;35m0x[0m[35m IRON hits[0m[1;35m)[0m[35m | pool: [0m[1;35m17[0m
[1;2;92m19:57:37[0m [33mTYLERMASTERY2-[0m[1;33m4[0m [33m🌡 cooldown 69s[0m
[3m                      [0m[1;3mFleet Status[0m[3m  [0m[3;32m1,591,298 cr[0m[3m  [0m[2;3m19:57:43[0m[3m                      [0m
                                                                                
 [1m [0m[1mShip     [0m[1m [0m [1m [0m[1mRole     [0m[1m [0m [1m [0m[1mStatus   [0m[1m [0m [1m [0m[1mLocation  [0m[1m [0m [1m [0m[1m   Fuel[0m[1m [0m [1m [0m[1mCargo[0m[1m [0m [1m [0m[1mETA      [0m[1m [0m 
 ━━━━━━━━━━━━━━━━━━━━━━━━━━━━━━━━━━━━━━━━━━━━━━━━━━━━━━━━━━━━━━━━━━━━━━━━━━━━━━ 
 [1m [0m[1;36mTYLERMAS…[0m[1m [0m  miner       [36m↑ orbit[0m     X1-KU6-B47   385/400   28/40              
 [1m [0m[1;32mTYLERMAS…[0m[1m [0m  fleet-mgr   [33m✈ transit[0m   X1-KU6-H62         —     0/0   6m53s      
 [1m [0m[1;35mTYLERMAS…[0m[1m [0m  miner       [33m✈ transit[0m   X1-KU6-A2      64/80    0/15   [2m12m59s [0m    
 [1m           [0m                                                         [2mdrift[0m      
 [1m [0m[1;33mTYLERMAS…[0m[1m [0m  surveyor    [36m↑ orbit[0m     X1-KU6-B46     21/80     0/0              
 [1m [0m[1;34mTYLERMAS…[0m[1m [0m  hauler      [33m✈ transit[0m   X1-KU6-B7      7/600    0/80   7m48s      
 [1m [0m[1;96mTYLERMAS…[0m[1m [0m  siphoner    [33m✈ transit[0m   X1-KU6-C50     79/80   15/15   [2m3h40m [0m     
 [1m           [0m                                                         [2mdrift[0m      
 [1m [0m[1;92mTYLERMAS…[0m[1m [0m  siphoner    [33m✈ transit[0m   X1-KU6-C50     79/80   15/15   [2m3h41m [0m     
 [1m           [0m                                                         [2mdrift[0m      
 [1m [0m[1;95mTYLERMAS…[0m[1m [0m  siphoner    [33m✈ transit[0m   X1-KU6-B7      38/80   15/15   [2m3h45m [0m     
 [1m           [0m                                                         [2mdrift[0m      
 [1m [0m[1;93mTYLERMAS…[0m[1m [0m  siphoner    [33m✈ transit[0m   X1-KU6-C50     79/80   15/15   [2m3h39m [0m     
 [1m           [0m                                                         [2mdrift[0m      
 [1m [0m[1;37mTYLERMAS…[0m[1m [0m  trader      [32m⚓ docked[0m   X1-KU6-A1    600/600    0/80              
 [1m [0m[1;37mTYLERMAS…[0m[1m [0m  trader      [32m⚓ docked[0m   X1-KU6-A1    600/600    0/80              
                                                                                
  Contract: [36m░░░░░░░░░░░░░░░░░░░░░░░░░░░░░░[0m [1;36m0[0m[1m/[0m[1;36m70[0m IRON → X1-KU6-E56 [1m([0m[1;32m0[0m[32m%[0m[1m)[0m
[1;2;92m19:57:43[0m [36mTYLERMASTERY2-[0m[1;36m1[0m [33m🌡 cooldown 3s[0m
[1;2;92m19:57:46[0m [32mTYLERMASTERY2-[0m[1;32m2[0m [33m⏳ in transit [0m[1;33m([0m[33m~6m 50s[0m[1;33m)[0m[33m...[0m
[1;2;92m19:57:47[0m [33mTYLERMASTERY2-[0m[1;33m4[0m [33m🌡 cooldown 58s[0m
[1;2;92m19:57:47[0m   [36mTYLERMASTERY2-[0m[1;36m1[0m: 3x SILICON_CRYSTALS | __SELL_ONLY__: [1;36m0[0m | Cargo: 
[1;36m31[0m/[1;36m40[0m | CD: 80s
[1;2;92m19:57:47[0m [36mTYLERMASTERY2-[0m[1;36m1[0m   [33m⚠ Impact with Extracted Debris: Large chunks of [0m
[33mdebris from the extraction process collided with the ship's frame, causing minor[0m
[33mdents and potential breaches. Automated navigational protocols and debris [0m
[33mtracking systems helped mitigate significant damage.[0m
[1;2;92m19:57:48[0m [36mTYLERMASTERY2-[0m[1;36m1[0m [33m🌡 cooldown 79s[0m
[1;2;92m19:57:49[0m [92mTYLERMASTERY2-[0m[1;92m7[0m [33m⏳ in transit [0m[1;33m([0m[33m~3h 41m[0m[1;33m)[0m[33m...[0m
[1;2;92m19:57:59[0m [36mTYLERMASTERY2-[0m[1;36m1[0m [33m🌡 cooldown 69s[0m
[1;2;92m19:58:04[0m [33mTYLERMASTERY2-[0m[1;33m4[0m [33m🌡 cooldown 42s[0m
[1;2;92m19:58:09[0m [35mTYLERMASTERY2-[0m[1;35m3[0m [33m⏳ in transit [0m[1;33m([0m[33m~12m 33s[0m[1;33m)[0m[33m...[0m
[1;2;92m19:58:12[0m [36mTYLERMASTERY2-[0m[1;36m1[0m [33m🌡 cooldown 55s[0m
[1;2;92m19:58:13[0m [95mTYLERMASTERY2-[0m[1;95m8[0m [33m⏳ in transit [0m[1;33m([0m[33m~3h 45m[0m[1;33m)[0m[33m...[0m
[1;2;92m19:58:15[0m [34mTYLERMASTERY2-[0m[1;34m5[0m [33m⏳ in transit [0m[1;33m([0m[33m~7m 16s[0m[1;33m)[0m[33m...[0m
[1;2;92m19:58:15[0m [33mTYLERMASTERY2-[0m[1;33m4[0m [33m🌡 cooldown 30s[0m
[1;2;92m19:58:18[0m [96mTYLERMASTERY2-[0m[1;96m6[0m [33m⏳ in transit [0m[1;33m([0m[33m~3h 40m[0m[1;33m)[0m[33m...[0m
[1;2;92m19:58:27[0m [36mTYLERMASTERY2-[0m[1;36m1[0m [33m🌡 cooldown 40s[0m
[1;2;92m19:58:32[0m [33mTYLERMASTERY2-[0m[1;33m4[0m [33m🌡 cooldown 14s[0m
[1;2;92m19:58:36[0m [37mTYLERMASTERY2-A[0m [2mno profitable arbitrage found — waiting 5min[0m
[1;2;92m19:58:36[0m [37mTYLERMASTERY2-B[0m [2mno profitable arbitrage found — waiting 5min[0m
[1;2;92m19:58:37[0m [93mTYLERMASTERY2-[0m[1;93m9[0m [33m⏳ in transit [0m[1;33m([0m[33m~3h 38m[0m[1;33m)[0m[33m...[0m
[1;2;92m19:58:38[0m [36mTYLERMASTERY2-[0m[1;36m1[0m [33m🌡 cooldown 30s[0m
[1;2;92m19:58:42[0m [33mTYLERMASTERY2-[0m[1;33m4[0m [33m🌡 cooldown 3s[0m
[3m                      [0m[1;3mFleet Status[0m[3m  [0m[3;32m1,591,298 cr[0m[3m  [0m[2;3m19:58:44[0m[3m                      [0m
                                                                                
 [1m [0m[1mShip     [0m[1m [0m [1m [0m[1mRole     [0m[1m [0m [1m [0m[1mStatus   [0m[1m [0m [1m [0m[1mLocation  [0m[1m [0m [1m [0m[1m   Fuel[0m[1m [0m [1m [0m[1mCargo[0m[1m [0m [1m [0m[1mETA      [0m[1m [0m 
 ━━━━━━━━━━━━━━━━━━━━━━━━━━━━━━━━━━━━━━━━━━━━━━━━━━━━━━━━━━━━━━━━━━━━━━━━━━━━━━ 
 [1m [0m[1;36mTYLERMAS…[0m[1m [0m  miner       [36m↑ orbit[0m     X1-KU6-B47   385/400   31/40              
 [1m [0m[1;32mTYLERMAS…[0m[1m [0m  fleet-mgr   [33m✈ transit[0m   X1-KU6-H62         —     0/0   5m52s      
 [1m [0m[1;35mTYLERMAS…[0m[1m [0m  miner       [33m✈ transit[0m   X1-KU6-A2      64/80    0/15   [2m11m58s [0m    
 [1m           [0m                                                         [2mdrift[0m      
 [1m [0m[1;33mTYLERMAS…[0m[1m [0m  surveyor    [36m↑ orbit[0m     X1-KU6-B46     21/80     0/0              
 [1m [0m[1;34mTYLERMAS…[0m[1m [0m  hauler      [33m✈ transit[0m   X1-KU6-B7      7/600    0/80   6m47s      
 [1m [0m[1;96mTYLERMAS…[0m[1m [0m  siphoner    [33m✈ transit[0m   X1-KU6-C50     79/80   15/15   [2m3h39m [0m     
 [1m           [0m                                                         [2mdrift[0m      
 [1m [0m[1;92mTYLERMAS…[0m[1m [0m  siphoner    [33m✈ transit[0m   X1-KU6-C50     79/80   15/15   [2m3h40m [0m     
 [1m           [0m                                                         [2mdrift[0m      
 [1m [0m[1;95mTYLERMAS…[0m[1m [0m  siphoner    [33m✈ transit[0m   X1-KU6-B7      38/80   15/15   [2m3h44m [0m     
 [1m           [0m                                                         [2mdrift[0m      
 [1m [0m[1;93mTYLERMAS…[0m[1m [0m  siphoner    [33m✈ transit[0m   X1-KU6-C50     79/80   15/15   [2m3h38m [0m     
 [1m           [0m                                                         [2mdrift[0m      
 [1m [0m[1;37mTYLERMAS…[0m[1m [0m  trader      [32m⚓ docked[0m   X1-KU6-A1    600/600    0/80              
 [1m [0m[1;37mTYLERMAS…[0m[1m [0m  trader      [32m⚓ docked[0m   X1-KU6-A1    600/600    0/80              
                                                                                
  Contract: [36m░░░░░░░░░░░░░░░░░░░░░░░░░░░░░░[0m [1;36m0[0m[1m/[0m[1;36m70[0m IRON → X1-KU6-E56 [1m([0m[1;32m0[0m[32m%[0m[1m)[0m
[1;2;92m19:58:46[0m [35m🔭 TYLERMASTERY2-[0m[1;35m4[0m[35m: [0m[1;35m1[0m[35m [0m[1;35msurvey[0m[1;35m([0m[35ms[0m[1;35m)[0m[35m added [0m[1;35m([0m[1;35m0x[0m[35m IRON hits[0m[1;35m)[0m[35m | pool: [0m[1;35m16[0m
[1;2;92m19:58:47[0m [33mTYLERMASTERY2-[0m[1;33m4[0m [33m🌡 cooldown 69s[0m
[1;2;92m19:58:48[0m [36mTYLERMASTERY2-[0m[1;36m1[0m [33m🌡 cooldown 19s[0m
[1;2;92m19:58:50[0m [92mTYLERMASTERY2-[0m[1;92m7[0m [33m⏳ in transit [0m[1;33m([0m[33m~3h 40m[0m[1;33m)[0m[33m...[0m
[1;2;92m19:58:54[0m [32mTYLERMASTERY2-[0m[1;32m2[0m [33m⏳ in transit [0m[1;33m([0m[33m~5m 42s[0m[1;33m)[0m[33m...[0m
[1;2;92m19:58:58[0m [33mTYLERMASTERY2-[0m[1;33m4[0m [33m🌡 cooldown 58s[0m
[1;2;92m19:58:59[0m [36mTYLERMASTERY2-[0m[1;36m1[0m [33m🌡 cooldown 9s[0m
[1;2;92m19:59:08[0m [33mTYLERMASTERY2-[0m[1;33m4[0m [33m🌡 cooldown 48s[0m
[1;2;92m19:59:13[0m [35mTYLERMASTERY2-[0m[1;35m3[0m [33m⏳ in transit [0m[1;33m([0m[33m~11m 29s[0m[1;33m)[0m[33m...[0m
[1;2;92m19:59:16[0m   [36mTYLERMASTERY2-[0m[1;36m1[0m: 5x PRECIOUS_STONES | __SELL_ONLY__: [1;36m0[0m | Cargo: [1;36m36[0m/[1;36m40[0m
| CD: 80s
[1;2;92m19:59:17[0m [95mTYLERMASTERY2-[0m[1;95m8[0m [33m⏳ in transit [0m[1;33m([0m[33m~3h 43m[0m[1;33m)[0m[33m...[0m
[1;2;92m19:59:18[0m [34mTYLERMASTERY2-[0m[1;34m5[0m [33m⏳ in transit [0m[1;33m([0m[33m~6m 12s[0m[1;33m)[0m[33m...[0m
[1;2;92m19:59:26[0m [33mTYLERMASTERY2-[0m[1;33m4[0m [33m🌡 cooldown 30s[0m
[1;2;92m19:59:26[0m [96mTYLERMASTERY2-[0m[1;96m6[0m [33m⏳ in transit [0m[1;33m([0m[33m~3h 38m[0m[1;33m)[0m[33m...[0m
[1;2;92m19:59:37[0m [93mTYLERMASTERY2-[0m[1;93m9[0m [33m⏳ in transit [0m[1;33m([0m[33m~3h 37m[0m[1;33m)[0m[33m...[0m
[1;2;92m19:59:38[0m [33mTYLERMASTERY2-[0m[1;33m4[0m [33m🌡 cooldown 18s[0m
[1;2;92m19:59:38[0m [36mTYLERMASTERY2-[0m[1;36m1[0m [34m🚀 Navigating → X1-KU6-B7[0m
[1;2;92m19:59:39[0m [36mTYLERMASTERY2-[0m[1;36m1[0m [33m⏳ in transit [0m[1;33m([0m[33m~25s[0m[1;33m)[0m[33m...[0m
[1;2;92m19:59:44[0m [36mTYLERMASTERY2-[0m[1;36m1[0m [33m⏳ in transit [0m[1;33m([0m[33m~20s[0m[1;33m)[0m[33m...[0m
[3m                      [0m[1;3mFleet Status[0m[3m  [0m[3;32m1,591,298 cr[0m[3m  [0m[2;3m19:59:45[0m[3m                      [0m
                                                                                
 [1m [0m[1mShip     [0m[1m [0m [1m [0m[1mRole     [0m[1m [0m [1m [0m[1mStatus   [0m[1m [0m [1m [0m[1mLocation  [0m[1m [0m [1m [0m[1m   Fuel[0m[1m [0m [1m [0m[1mCargo[0m[1m [0m [1m [0m[1mETA      [0m[1m [0m 
 ━━━━━━━━━━━━━━━━━━━━━━━━━━━━━━━━━━━━━━━━━━━━━━━━━━━━━━━━━━━━━━━━━━━━━━━━━━━━━━ 
 [1m [0m[1;36mTYLERMAS…[0m[1m [0m  miner       [33m✈ transit[0m   X1-KU6-B7    370/400   36/40   19s        
 [1m [0m[1;32mTYLERMAS…[0m[1m [0m  fleet-mgr   [33m✈ transit[0m   X1-KU6-H62         —     0/0   4m51s      
 [1m [0m[1;35mTYLERMAS…[0m[1m [0m  miner       [33m✈ transit[0m   X1-KU6-A2      64/80    0/15   [2m10m57s [0m    
 [1m           [0m                                                         [2mdrift[0m      
 [1m [0m[1;33mTYLERMAS…[0m[1m [0m  surveyor    [36m↑ orbit[0m     X1-KU6-B46     21/80     0/0              
 [1m [0m[1;34mTYLERMAS…[0m[1m [0m  hauler      [33m✈ transit[0m   X1-KU6-B7      7/600    0/80   5m46s      
 [1m [0m[1;96mTYLERMAS…[0m[1m [0m  siphoner    [33m✈ transit[0m   X1-KU6-C50     79/80   15/15   [2m3h38m [0m     
 [1m           [0m                                                         [2mdrift[0m      
 [1m [0m[1;92mTYLERMAS…[0m[1m [0m  siphoner    [33m✈ transit[0m   X1-KU6-C50     79/80   15/15   [2m3h39m [0m     
 [1m           [0m                                                         [2mdrift[0m      
 [1m [0m[1;95mTYLERMAS…[0m[1m [0m  siphoner    [33m✈ transit[0m   X1-KU6-B7      38/80   15/15   [2m3h43m [0m     
 [1m           [0m                                                         [2mdrift[0m      
 [1m [0m[1;93mTYLERMAS…[0m[1m [0m  siphoner    [33m✈ transit[0m   X1-KU6-C50     79/80   15/15   [2m3h37m [0m     
 [1m           [0m                                                         [2mdrift[0m      
 [1m [0m[1;37mTYLERMAS…[0m[1m [0m  trader      [32m⚓ docked[0m   X1-KU6-A1    600/600    0/80              
 [1m [0m[1;37mTYLERMAS…[0m[1m [0m  trader      [32m⚓ docked[0m   X1-KU6-A1    600/600    0/80              
                                                                                
  Contract: [36m░░░░░░░░░░░░░░░░░░░░░░░░░░░░░░[0m [1;36m0[0m[1m/[0m[1;36m70[0m IRON → X1-KU6-E56 [1m([0m[1;32m0[0m[32m%[0m[1m)[0m
[1;2;92m19:59:48[0m [33mTYLERMASTERY2-[0m[1;33m4[0m [33m🌡 cooldown 8s[0m
[1;2;92m19:59:50[0m [36mTYLERMASTERY2-[0m[1;36m1[0m [33m⏳ in transit [0m[1;33m([0m[33m~14s[0m[1;33m)[0m[33m...[0m
[1;2;92m19:59:55[0m [36mTYLERMASTERY2-[0m[1;36m1[0m [33m⏳ in transit [0m[1;33m([0m[33m~9s[0m[1;33m)[0m[33m...[0m
[1;2;92m19:59:55[0m [32mTYLERMASTERY2-[0m[1;32m2[0m [33m⏳ in transit [0m[1;33m([0m[33m~4m 41s[0m[1;33m)[0m[33m...[0m
[1;2;92m20:00:01[0m [36mTYLERMASTERY2-[0m[1;36m1[0m [33m⏳ in transit [0m[1;33m([0m[33m~3s[0m[1;33m)[0m[33m...[0m
[1;2;92m20:00:05[0m [92mTYLERMASTERY2-[0m[1;92m7[0m [33m⏳ in transit [0m[1;33m([0m[33m~3h 39m[0m[1;33m)[0m[33m...[0m
[1;2;92m20:00:06[0m [35m🔭 TYLERMASTERY2-[0m[1;35m4[0m[35m: [0m[1;35m1[0m[35m [0m[1;35msurvey[0m[1;35m([0m[35ms[0m[1;35m)[0m[35m added [0m[1;35m([0m[1;35m0x[0m[35m IRON hits[0m[1;35m)[0m[35m | pool: [0m[1;35m16[0m
[1;2;92m20:00:10[0m [33mTYLERMASTERY2-[0m[1;33m4[0m [33m🌡 cooldown 66s[0m
[1;2;92m20:00:11[0m [36mTYLERMASTERY2-[0m[1;36m1[0m [32m✓[0m arrived at [1mX1-KU6-B7[0m
[1;2;92m20:00:15[0m [35mTYLERMASTERY2-[0m[1;35m3[0m [33m⏳ in transit [0m[1;33m([0m[33m~10m 27s[0m[1;33m)[0m[33m...[0m
[1;2;92m20:00:18[0m [95mTYLERMASTERY2-[0m[1;95m8[0m [33m⏳ in transit [0m[1;33m([0m[33m~3h 42m[0m[1;33m)[0m[33m...[0m
[1;2;92m20:00:21[0m [33mTYLERMASTERY2-[0m[1;33m4[0m [33m🌡 cooldown 54s[0m
[1;2;92m20:00:21[0m [36mTYLERMASTERY2-[0m[1;36m1[0m [36m⚓ docked[0m
[1;2;92m20:00:27[0m [96mTYLERMASTERY2-[0m[1;96m6[0m [33m⏳ in transit [0m[1;33m([0m[33m~3h 37m[0m[1;33m)[0m[33m...[0m
[1;2;92m20:00:28[0m [32m⛽ Refueled to [0m[1;32m400[0m[32m/[0m[1;32m400[0m
[1;2;92m20:00:34[0m [34mTYLERMASTERY2-[0m[1;34m5[0m [33m⏳ in transit [0m[1;33m([0m[33m~4m 57s[0m[1;33m)[0m[33m...[0m
[1;2;92m20:00:36[0m [33mTYLERMASTERY2-[0m[1;33m4[0m [33m🌡 cooldown 39s[0m
[1;2;92m20:00:40[0m [93mTYLERMASTERY2-[0m[1;93m9[0m [33m⏳ in transit [0m[1;33m([0m[33m~3h 36m[0m[1;33m)[0m[33m...[0m
[1;2;92m20:00:47[0m [33mTYLERMASTERY2-[0m[1;33m4[0m [33m🌡 cooldown 29s[0m
[3m                      [0m[1;3mFleet Status[0m[3m  [0m[3;32m1,591,224 cr[0m[3m  [0m[2;3m20:00:51[0m[3m                      [0m
                                                                                
 [1m [0m[1mShip     [0m[1m [0m [1m [0m[1mRole     [0m[1m [0m [1m [0m[1mStatus   [0m[1m [0m [1m [0m[1mLocation  [0m[1m [0m [1m [0m[1m   Fuel[0m[1m [0m [1m [0m[1mCargo[0m[1m [0m [1m [0m[1mETA      [0m[1m [0m 
 ━━━━━━━━━━━━━━━━━━━━━━━━━━━━━━━━━━━━━━━━━━━━━━━━━━━━━━━━━━━━━━━━━━━━━━━━━━━━━━ 
 [1m [0m[1;36mTYLERMAS…[0m[1m [0m  miner       [32m⚓ docked[0m   X1-KU6-B7    400/400   36/40              
 [1m [0m[1;32mTYLERMAS…[0m[1m [0m  fleet-mgr   [33m✈ transit[0m   X1-KU6-H62         —     0/0   3m45s      
 [1m [0m[1;35mTYLERMAS…[0m[1m [0m  miner       [33m✈ transit[0m   X1-KU6-A2      64/80    0/15   [2m9m51s [0m     
 [1m           [0m                                                         [2mdrift[0m      
 [1m [0m[1;33mTYLERMAS…[0m[1m [0m  surveyor    [36m↑ orbit[0m     X1-KU6-B46     21/80     0/0              
 [1m [0m[1;34mTYLERMAS…[0m[1m [0m  hauler      [33m✈ transit[0m   X1-KU6-B7      7/600    0/80   4m39s      
 [1m [0m[1;96mTYLERMAS…[0m[1m [0m  siphoner    [33m✈ transit[0m   X1-KU6-C50     79/80   15/15   [2m3h37m [0m     
 [1m           [0m                                                         [2mdrift[0m      
 [1m [0m[1;92mTYLERMAS…[0m[1m [0m  siphoner    [33m✈ transit[0m   X1-KU6-C50     79/80   15/15   [2m3h38m [0m     
 [1m           [0m                                                         [2mdrift[0m      
 [1m [0m[1;95mTYLERMAS…[0m[1m [0m  siphoner    [33m✈ transit[0m   X1-KU6-B7      38/80   15/15   [2m3h42m [0m     
 [1m           [0m                                                         [2mdrift[0m      
 [1m [0m[1;93mTYLERMAS…[0m[1m [0m  siphoner    [33m✈ transit[0m   X1-KU6-C50     79/80   15/15   [2m3h36m [0m     
 [1m           [0m                                                         [2mdrift[0m      
 [1m [0m[1;37mTYLERMAS…[0m[1m [0m  trader      [32m⚓ docked[0m   X1-KU6-A1    600/600    0/80              
 [1m [0m[1;37mTYLERMAS…[0m[1m [0m  trader      [32m⚓ docked[0m   X1-KU6-A1    600/600    0/80              
                                                                                
  Contract: [36m░░░░░░░░░░░░░░░░░░░░░░░░░░░░░░[0m [1;36m0[0m[1m/[0m[1;36m70[0m IRON → X1-KU6-E56 [1m([0m[1;32m0[0m[32m%[0m[1m)[0m
[1;2;92m20:00:58[0m [32mTYLERMASTERY2-[0m[1;32m2[0m [33m⏳ in transit [0m[1;33m([0m[33m~3m 38s[0m[1;33m)[0m[33m...[0m
[1;2;92m20:01:00[0m [33mTYLERMASTERY2-[0m[1;33m4[0m [33m🌡 cooldown 15s[0m
[1;2;92m20:01:10[0m [92mTYLERMASTERY2-[0m[1;92m7[0m [33m⏳ in transit [0m[1;33m([0m[33m~3h 37m[0m[1;33m)[0m[33m...[0m
[1;2;92m20:01:22[0m [95mTYLERMASTERY2-[0m[1;95m8[0m [33m⏳ in transit [0m[1;33m([0m[33m~3h 41m[0m[1;33m)[0m[33m...[0m
[1;2;92m20:01:23[0m [35mTYLERMASTERY2-[0m[1;35m3[0m [33m⏳ in transit [0m[1;33m([0m[33m~9m 19s[0m[1;33m)[0m[33m...[0m
[1;2;92m20:01:24[0m [35m🔭 TYLERMASTERY2-[0m[1;35m4[0m[35m: [0m[1;35m1[0m[35m [0m[1;35msurvey[0m[1;35m([0m[35ms[0m[1;35m)[0m[35m added [0m[1;35m([0m[1;35m0x[0m[35m IRON hits[0m[1;35m)[0m[35m | pool: [0m[1;35m17[0m
[1;2;92m20:01:29[0m [96mTYLERMASTERY2-[0m[1;96m6[0m [33m⏳ in transit [0m[1;33m([0m[33m~3h 36m[0m[1;33m)[0m[33m...[0m
[1;2;92m20:01:31[0m [33mTYLERMASTERY2-[0m[1;33m4[0m [33m🌡 cooldown 63s[0m
[1;2;92m20:01:36[0m [34mTYLERMASTERY2-[0m[1;34m5[0m [33m⏳ in transit [0m[1;33m([0m[33m~3m 54s[0m[1;33m)[0m[33m...[0m
[1;2;92m20:01:39[0m [32m💰 Sold 17x PRECIOUS_STONES @ [0m[1;32m71[0m[32m/u = [0m[1;32m1[0m[32m,[0m[1;32m207[0m[32m cr[0m
[1;2;92m20:01:40[0m [32m💰 Sold 19x SILICON_CRYSTALS @ [0m[1;32m33[0m[32m/u = [0m[1;32m627[0m[32m cr[0m
[1;2;92m20:01:41[0m [93mTYLERMASTERY2-[0m[1;93m9[0m [33m⏳ in transit [0m[1;33m([0m[33m~3h 35m[0m[1;33m)[0m[33m...[0m
[1;2;92m20:01:41[0m [33mTYLERMASTERY2-[0m[1;33m4[0m [33m🌡 cooldown 52s[0m
[1;2;92m20:01:44[0m [36mTYLERMASTERY2-[0m[1;36m1[0m [36m↑ orbiting[0m
[1;2;92m20:01:44[0m [36mTYLERMASTERY2-[0m[1;36m1[0m [34m🚀 Navigating → X1-KU6-B47[0m
[1;2;92m20:01:45[0m [36mTYLERMASTERY2-[0m[1;36m1[0m [33m⏳ in transit [0m[1;33m([0m[33m~25s[0m[1;33m)[0m[33m...[0m
[1;2;92m20:01:50[0m [36mTYLERMASTERY2-[0m[1;36m1[0m [33m⏳ in transit [0m[1;33m([0m[33m~20s[0m[1;33m)[0m[33m...[0m
[1;2;92m20:01:54[0m [33mTYLERMASTERY2-[0m[1;33m4[0m [33m🌡 cooldown 39s[0m
[1;2;92m20:01:55[0m [36mTYLERMASTERY2-[0m[1;36m1[0m [33m⏳ in transit [0m[1;33m([0m[33m~14s[0m[1;33m)[0m[33m...[0m
[3m                      [0m[1;3mFleet Status[0m[3m  [0m[3;32m1,593,058 cr[0m[3m  [0m[2;3m20:01:59[0m[3m                      [0m
                                                                                
 [1m [0m[1mShip     [0m[1m [0m [1m [0m[1mRole     [0m[1m [0m [1m [0m[1mStatus   [0m[1m [0m [1m [0m[1mLocation  [0m[1m [0m [1m [0m[1m   Fuel[0m[1m [0m [1m [0m[1mCargo[0m[1m [0m [1m [0m[1mETA      [0m[1m [0m 
 ━━━━━━━━━━━━━━━━━━━━━━━━━━━━━━━━━━━━━━━━━━━━━━━━━━━━━━━━━━━━━━━━━━━━━━━━━━━━━━ 
 [1m [0m[1;36mTYLERMAS…[0m[1m [0m  miner       [33m✈ transit[0m   X1-KU6-B47   385/400    0/40   11s        
 [1m [0m[1;32mTYLERMAS…[0m[1m [0m  fleet-mgr   [33m✈ transit[0m   X1-KU6-H62         —     0/0   2m37s      
 [1m [0m[1;35mTYLERMAS…[0m[1m [0m  miner       [33m✈ transit[0m   X1-KU6-A2      64/80    0/15   [2m8m43s [0m     
 [1m           [0m                                                         [2mdrift[0m      
 [1m [0m[1;33mTYLERMAS…[0m[1m [0m  surveyor    [36m↑ orbit[0m     X1-KU6-B46     21/80     0/0              
 [1m [0m[1;34mTYLERMAS…[0m[1m [0m  hauler      [33m✈ transit[0m   X1-KU6-B7      7/600    0/80   3m32s      
 [1m [0m[1;96mTYLERMAS…[0m[1m [0m  siphoner    [33m✈ transit[0m   X1-KU6-C50     79/80   15/15   [2m3h36m [0m     
 [1m           [0m                                                         [2mdrift[0m      
 [1m [0m[1;92mTYLERMAS…[0m[1m [0m  siphoner    [33m✈ transit[0m   X1-KU6-C50     79/80   15/15   [2m3h37m [0m     
 [1m           [0m                                                         [2mdrift[0m      
 [1m [0m[1;95mTYLERMAS…[0m[1m [0m  siphoner    [33m✈ transit[0m   X1-KU6-B7      38/80   15/15   [2m3h41m [0m     
 [1m           [0m                                                         [2mdrift[0m      
 [1m [0m[1;93mTYLERMAS…[0m[1m [0m  siphoner    [33m✈ transit[0m   X1-KU6-C50     79/80   15/15   [2m3h35m [0m     
 [1m           [0m                                                         [2mdrift[0m      
 [1m [0m[1;37mTYLERMAS…[0m[1m [0m  trader      [32m⚓ docked[0m   X1-KU6-A1    600/600    0/80              
 [1m [0m[1;37mTYLERMAS…[0m[1m [0m  trader      [32m⚓ docked[0m   X1-KU6-A1    600/600    0/80              
                                                                                
  Contract: [36m░░░░░░░░░░░░░░░░░░░░░░░░░░░░░░[0m [1;36m0[0m[1m/[0m[1;36m70[0m IRON → X1-KU6-E56 [1m([0m[1;32m0[0m[32m%[0m[1m)[0m
[1;2;92m20:02:00[0m [32mTYLERMASTERY2-[0m[1;32m2[0m [33m⏳ in transit [0m[1;33m([0m[33m~2m 36s[0m[1;33m)[0m[33m...[0m
[1;2;92m20:02:02[0m [36mTYLERMASTERY2-[0m[1;36m1[0m [33m⏳ in transit [0m[1;33m([0m[33m~7s[0m[1;33m)[0m[33m...[0m
[1;2;92m20:02:05[0m [33mTYLERMASTERY2-[0m[1;33m4[0m [33m🌡 cooldown 28s[0m
[1;2;92m20:02:09[0m [36mTYLERMASTERY2-[0m[1;36m1[0m [32m✓[0m arrived at [1mX1-KU6-B47[0m
[1;2;92m20:02:15[0m [33mTYLERMASTERY2-[0m[1;33m4[0m [33m🌡 cooldown 18s[0m
[1;2;92m20:02:17[0m [92mTYLERMASTERY2-[0m[1;92m7[0m [33m⏳ in transit [0m[1;33m([0m[33m~3h 36m[0m[1;33m)[0m[33m...[0m
[1;2;92m20:02:23[0m [95mTYLERMASTERY2-[0m[1;95m8[0m [33m⏳ in transit [0m[1;33m([0m[33m~3h 40m[0m[1;33m)[0m[33m...[0m
[1;2;92m20:02:24[0m [35mTYLERMASTERY2-[0m[1;35m3[0m [33m⏳ in transit [0m[1;33m([0m[33m~8m 18s[0m[1;33m)[0m[33m...[0m
[1;2;92m20:02:27[0m [33mTYLERMASTERY2-[0m[1;33m4[0m [33m🌡 cooldown 6s[0m
[1;2;92m20:02:34[0m [96mTYLERMASTERY2-[0m[1;96m6[0m [33m⏳ in transit [0m[1;33m([0m[33m~3h 35m[0m[1;33m)[0m[33m...[0m
[1;2;92m20:02:36[0m [35m🔭 TYLERMASTERY2-[0m[1;35m4[0m[35m: [0m[1;35m1[0m[35m [0m[1;35msurvey[0m[1;35m([0m[35ms[0m[1;35m)[0m[35m added [0m[1;35m([0m[1;35m0x[0m[35m IRON hits[0m[1;35m)[0m[35m | pool: [0m[1;35m18[0m
[1;2;92m20:02:37[0m   [36mTYLERMASTERY2-[0m[1;36m1[0m: 6x AMMONIA_ICE | __SELL_ONLY__: [1;36m0[0m | Cargo: [1;36m6[0m/[1;36m40[0m | 
CD: 80s
[1;2;92m20:02:38[0m [33mTYLERMASTERY2-[0m[1;33m4[0m [33m🌡 cooldown 67s[0m
[1;2;92m20:02:38[0m [36mTYLERMASTERY2-[0m[1;36m1[0m [33m🌡 cooldown 79s[0m
[1;2;92m20:02:39[0m [34mTYLERMASTERY2-[0m[1;34m5[0m [33m⏳ in transit [0m[1;33m([0m[33m~2m 52s[0m[1;33m)[0m[33m...[0m
[1;2;92m20:02:44[0m [93mTYLERMASTERY2-[0m[1;93m9[0m [33m⏳ in transit [0m[1;33m([0m[33m~3h 34m[0m[1;33m)[0m[33m...[0m
[1;2;92m20:02:48[0m [33mTYLERMASTERY2-[0m[1;33m4[0m [33m🌡 cooldown 57s[0m
[1;2;92m20:02:49[0m [36mTYLERMASTERY2-[0m[1;36m1[0m [33m🌡 cooldown 69s[0m
[1;2;92m20:02:59[0m [33mTYLERMASTERY2-[0m[1;33m4[0m [33m🌡 cooldown 46s[0m
[1;2;92m20:03:00[0m [36mTYLERMASTERY2-[0m[1;36m1[0m [33m🌡 cooldown 57s[0m
[1;2;92m20:03:03[0m [32mTYLERMASTERY2-[0m[1;32m2[0m [33m⏳ in transit [0m[1;33m([0m[33m~1m 33s[0m[1;33m)[0m[33m...[0m
[1;2;92m20:03:10[0m [32mTYLERMASTERY2-[0m[1;32m2[0m [33m⏳ in transit [0m[1;33m([0m[33m~1m 26s[0m[1;33m)[0m[33m...[0m
[1;2;92m20:03:11[0m [33mTYLERMASTERY2-[0m[1;33m4[0m [33m🌡 cooldown 34s[0m
[1;2;92m20:03:12[0m [36mTYLERMASTERY2-[0m[1;36m1[0m [33m🌡 cooldown 45s[0m
[1;2;92m20:03:18[0m [92mTYLERMASTERY2-[0m[1;92m7[0m [33m⏳ in transit [0m[1;33m([0m[33m~3h 35m[0m[1;33m)[0m[33m...[0m
[3m                      [0m[1;3mFleet Status[0m[3m  [0m[3;32m1,593,058 cr[0m[3m  [0m[2;3m20:03:20[0m[3m                      [0m
                                                                                
 [1m [0m[1mShip     [0m[1m [0m [1m [0m[1mRole     [0m[1m [0m [1m [0m[1mStatus   [0m[1m [0m [1m [0m[1mLocation  [0m[1m [0m [1m [0m[1m   Fuel[0m[1m [0m [1m [0m[1mCargo[0m[1m [0m [1m [0m[1mETA      [0m[1m [0m 
 ━━━━━━━━━━━━━━━━━━━━━━━━━━━━━━━━━━━━━━━━━━━━━━━━━━━━━━━━━━━━━━━━━━━━━━━━━━━━━━ 
 [1m [0m[1;36mTYLERMAS…[0m[1m [0m  miner       [36m↑ orbit[0m     X1-KU6-B47   385/400    6/40              
 [1m [0m[1;32mTYLERMAS…[0m[1m [0m  fleet-mgr   [33m✈ transit[0m   X1-KU6-H62         —     0/0   1m16s      
 [1m [0m[1;35mTYLERMAS…[0m[1m [0m  miner       [33m✈ transit[0m   X1-KU6-A2      64/80    0/15   [2m7m22s [0m     
 [1m           [0m                                                         [2mdrift[0m      
 [1m [0m[1;33mTYLERMAS…[0m[1m [0m  surveyor    [36m↑ orbit[0m     X1-KU6-B46     21/80     0/0              
 [1m [0m[1;34mTYLERMAS…[0m[1m [0m  hauler      [33m✈ transit[0m   X1-KU6-B7      7/600    0/80   2m11s      
 [1m [0m[1;96mTYLERMAS…[0m[1m [0m  siphoner    [33m✈ transit[0m   X1-KU6-C50     79/80   15/15   [2m3h34m [0m     
 [1m           [0m                                                         [2mdrift[0m      
 [1m [0m[1;92mTYLERMAS…[0m[1m [0m  siphoner    [33m✈ transit[0m   X1-KU6-C50     79/80   15/15   [2m3h35m [0m     
 [1m           [0m                                                         [2mdrift[0m      
 [1m [0m[1;95mTYLERMAS…[0m[1m [0m  siphoner    [33m✈ transit[0m   X1-KU6-B7      38/80   15/15   [2m3h39m [0m     
 [1m           [0m                                                         [2mdrift[0m      
 [1m [0m[1;93mTYLERMAS…[0m[1m [0m  siphoner    [33m✈ transit[0m   X1-KU6-C50     79/80   15/15   [2m3h34m [0m     
 [1m           [0m                                                         [2mdrift[0m      
 [1m [0m[1;37mTYLERMAS…[0m[1m [0m  trader      [32m⚓ docked[0m   X1-KU6-A1    600/600    0/80              
 [1m [0m[1;37mTYLERMAS…[0m[1m [0m  trader      [32m⚓ docked[0m   X1-KU6-A1    600/600    0/80              
                                                                                
  Contract: [36m░░░░░░░░░░░░░░░░░░░░░░░░░░░░░░[0m [1;36m0[0m[1m/[0m[1;36m70[0m IRON → X1-KU6-E56 [1m([0m[1;32m0[0m[32m%[0m[1m)[0m
[1;2;92m20:03:21[0m [32mTYLERMASTERY2-[0m[1;32m2[0m [33m⏳ in transit [0m[1;33m([0m[33m~1m 15s[0m[1;33m)[0m[33m...[0m
[1;2;92m20:03:24[0m [95mTYLERMASTERY2-[0m[1;95m8[0m [33m⏳ in transit [0m[1;33m([0m[33m~3h 39m[0m[1;33m)[0m[33m...[0m
[1;2;92m20:03:28[0m [32mTYLERMASTERY2-[0m[1;32m2[0m [33m⏳ in transit [0m[1;33m([0m[33m~1m 8s[0m[1;33m)[0m[33m...[0m
[1;2;92m20:03:30[0m [36mTYLERMASTERY2-[0m[1;36m1[0m [33m🌡 cooldown 27s[0m
[1;2;92m20:03:30[0m [33mTYLERMASTERY2-[0m[1;33m4[0m [33m🌡 cooldown 15s[0m
[1;2;92m20:03:35[0m [32mTYLERMASTERY2-[0m[1;32m2[0m [33m⏳ in transit [0m[1;33m([0m[33m~1m 1s[0m[1;33m)[0m[33m...[0m
[1;2;92m20:03:36[0m [37mTYLERMASTERY2-A[0m [2mno profitable arbitrage found — waiting 5min[0m
[1;2;92m20:03:36[0m [37mTYLERMASTERY2-B[0m [2mno profitable arbitrage found — waiting 5min[0m
[1;2;92m20:03:36[0m [35mTYLERMASTERY2-[0m[1;35m3[0m [33m⏳ in transit [0m[1;33m([0m[33m~7m 5s[0m[1;33m)[0m[33m...[0m
[1;2;92m20:03:37[0m [96mTYLERMASTERY2-[0m[1;96m6[0m [33m⏳ in transit [0m[1;33m([0m[33m~3h 34m[0m[1;33m)[0m[33m...[0m
[1;2;92m20:03:40[0m [34mTYLERMASTERY2-[0m[1;34m5[0m [33m⏳ in transit [0m[1;33m([0m[33m~1m 51s[0m[1;33m)[0m[33m...[0m
[1;2;92m20:03:40[0m [32mTYLERMASTERY2-[0m[1;32m2[0m [33m⏳ in transit [0m[1;33m([0m[33m~56s[0m[1;33m)[0m[33m...[0m
[1;2;92m20:03:41[0m [36mTYLERMASTERY2-[0m[1;36m1[0m [33m🌡 cooldown 17s[0m
[1;2;92m20:03:41[0m [33mTYLERMASTERY2-[0m[1;33m4[0m [33m🌡 cooldown 4s[0m
[1;2;92m20:03:45[0m [34mTYLERMASTERY2-[0m[1;34m5[0m [33m⏳ in transit [0m[1;33m([0m[33m~1m 46s[0m[1;33m)[0m[33m...[0m
[1;2;92m20:03:45[0m [93mTYLERMASTERY2-[0m[1;93m9[0m [33m⏳ in transit [0m[1;33m([0m[33m~3h 33m[0m[1;33m)[0m[33m...[0m
[1;2;92m20:03:46[0m [35m🔭 TYLERMASTERY2-[0m[1;35m4[0m[35m: [0m[1;35m1[0m[35m [0m[1;35msurvey[0m[1;35m([0m[35ms[0m[1;35m)[0m[35m added [0m[1;35m([0m[1;35m0x[0m[35m IRON hits[0m[1;35m)[0m[35m | pool: [0m[1;35m19[0m
[1;2;92m20:03:46[0m [32mTYLERMASTERY2-[0m[1;32m2[0m [33m⏳ in transit [0m[1;33m([0m[33m~50s[0m[1;33m)[0m[33m...[0m
[1;2;92m20:03:46[0m [33mTYLERMASTERY2-[0m[1;33m4[0m [33m🌡 cooldown 69s[0m
[1;2;92m20:03:51[0m [34mTYLERMASTERY2-[0m[1;34m5[0m [33m⏳ in transit [0m[1;33m([0m[33m~1m 40s[0m[1;33m)[0m[33m...[0m
[1;2;92m20:03:51[0m [36mTYLERMASTERY2-[0m[1;36m1[0m [33m🌡 cooldown 6s[0m
[1;2;92m20:03:51[0m [32mTYLERMASTERY2-[0m[1;32m2[0m [33m⏳ in transit [0m[1;33m([0m[33m~45s[0m[1;33m)[0m[33m...[0m
[1;2;92m20:03:56[0m [34mTYLERMASTERY2-[0m[1;34m5[0m [33m⏳ in transit [0m[1;33m([0m[33m~1m 35s[0m[1;33m)[0m[33m...[0m
[1;2;92m20:03:57[0m [32mTYLERMASTERY2-[0m[1;32m2[0m [33m⏳ in transit [0m[1;33m([0m[33m~39s[0m[1;33m)[0m[33m...[0m
[1;2;92m20:03:58[0m [33mTYLERMASTERY2-[0m[1;33m4[0m [33m🌡 cooldown 57s[0m
[1;2;92m20:04:02[0m [32mTYLERMASTERY2-[0m[1;32m2[0m [33m⏳ in transit [0m[1;33m([0m[33m~34s[0m[1;33m)[0m[33m...[0m
[1;2;92m20:04:03[0m [34mTYLERMASTERY2-[0m[1;34m5[0m [33m⏳ in transit [0m[1;33m([0m[33m~1m 28s[0m[1;33m)[0m[33m...[0m
[1;2;92m20:04:08[0m [34mTYLERMASTERY2-[0m[1;34m5[0m [33m⏳ in transit [0m[1;33m([0m[33m~1m 22s[0m[1;33m)[0m[33m...[0m
[1;2;92m20:04:09[0m   [36mTYLERMASTERY2-[0m[1;36m1[0m: 4x SILICON_CRYSTALS | __SELL_ONLY__: [1;36m0[0m | Cargo: 
[1;36m10[0m/[1;36m40[0m | CD: 80s
[1;2;92m20:04:17[0m [34mTYLERMASTERY2-[0m[1;34m5[0m [33m⏳ in transit [0m[1;33m([0m[33m~1m 14s[0m[1;33m)[0m[33m...[0m
[1;2;92m20:04:18[0m [32mTYLERMASTERY2-[0m[1;32m2[0m [33m⏳ in transit [0m[1;33m([0m[33m~18s[0m[1;33m)[0m[33m...[0m
[1;2;92m20:04:18[0m [36mTYLERMASTERY2-[0m[1;36m1[0m [33m🌡 cooldown 68s[0m
[1;2;92m20:04:19[0m [33mTYLERMASTERY2-[0m[1;33m4[0m [33m🌡 cooldown 36s[0m
[1;2;92m20:04:22[0m [34mTYLERMASTERY2-[0m[1;34m5[0m [33m⏳ in transit [0m[1;33m([0m[33m~1m 8s[0m[1;33m)[0m[33m...[0m
[1;2;92m20:04:23[0m [32mTYLERMASTERY2-[0m[1;32m2[0m [33m⏳ in transit [0m[1;33m([0m[33m~13s[0m[1;33m)[0m[33m...[0m
[1;2;92m20:04:28[0m [36mTYLERMASTERY2-[0m[1;36m1[0m [33m🌡 cooldown 57s[0m
[1;2;92m20:04:29[0m [34mTYLERMASTERY2-[0m[1;34m5[0m [33m⏳ in transit [0m[1;33m([0m[33m~1m 2s[0m[1;33m)[0m[33m...[0m
[1;2;92m20:04:30[0m [32mTYLERMASTERY2-[0m[1;32m2[0m [33m⏳ in transit [0m[1;33m([0m[33m~6s[0m[1;33m)[0m[33m...[0m
[1;2;92m20:04:32[0m [92mTYLERMASTERY2-[0m[1;92m7[0m [33m⏳ in transit [0m[1;33m([0m[33m~3h 34m[0m[1;33m)[0m[33m...[0m
[1;2;92m20:04:33[0m [95mTYLERMASTERY2-[0m[1;95m8[0m [33m⏳ in transit [0m[1;33m([0m[33m~3h 38m[0m[1;33m)[0m[33m...[0m
[1;2;92m20:04:34[0m [33mTYLERMASTERY2-[0m[1;33m4[0m [33m🌡 cooldown 21s[0m
[1;2;92m20:04:37[0m [32mTYLERMASTERY2-[0m[1;32m2[0m [32m✓[0m arrived at [1mX1-KU6-H62[0m
[1;2;92m20:04:37[0m [35mTYLERMASTERY2-[0m[1;35m3[0m [33m⏳ in transit [0m[1;33m([0m[33m~6m 4s[0m[1;33m)[0m[33m...[0m
[1;2;92m20:04:37[0m [34mTYLERMASTERY2-[0m[1;34m5[0m [33m⏳ in transit [0m[1;33m([0m[33m~53s[0m[1;33m)[0m[33m...[0m
[3m                      [0m[1;3mFleet Status[0m[3m  [0m[3;32m1,593,058 cr[0m[3m  [0m[2;3m20:04:38[0m[3m                      [0m
                                                                                
 [1m [0m[1mShip     [0m[1m [0m [1m [0m[1mRole     [0m[1m [0m [1m [0m[1mStatus   [0m[1m [0m [1m [0m[1mLocation  [0m[1m [0m [1m [0m[1m   Fuel[0m[1m [0m [1m [0m[1mCargo[0m[1m [0m [1m [0m[1mETA      [0m[1m [0m 
 ━━━━━━━━━━━━━━━━━━━━━━━━━━━━━━━━━━━━━━━━━━━━━━━━━━━━━━━━━━━━━━━━━━━━━━━━━━━━━━ 
 [1m [0m[1;36mTYLERMAS…[0m[1m [0m  miner       [36m↑ orbit[0m     X1-KU6-B47   385/400   10/40              
 [1m [0m[1;32mTYLERMAS…[0m[1m [0m  fleet-mgr   [36m↑ orbit[0m     X1-KU6-H62         —     0/0              
 [1m [0m[1;35mTYLERMAS…[0m[1m [0m  miner       [33m✈ transit[0m   X1-KU6-A2      64/80    0/15   [2m6m4s [0m      
 [1m           [0m                                                         [2mdrift[0m      
 [1m [0m[1;33mTYLERMAS…[0m[1m [0m  surveyor    [36m↑ orbit[0m     X1-KU6-B46     21/80     0/0              
 [1m [0m[1;34mTYLERMAS…[0m[1m [0m  hauler      [33m✈ transit[0m   X1-KU6-B7      7/600    0/80   53s        
 [1m [0m[1;96mTYLERMAS…[0m[1m [0m  siphoner    [33m✈ transit[0m   X1-KU6-C50     79/80   15/15   [2m3h33m [0m     
 [1m           [0m                                                         [2mdrift[0m      
 [1m [0m[1;92mTYLERMAS…[0m[1m [0m  siphoner    [33m✈ transit[0m   X1-KU6-C50     79/80   15/15   [2m3h34m [0m     
 [1m           [0m                                                         [2mdrift[0m      
 [1m [0m[1;95mTYLERMAS…[0m[1m [0m  siphoner    [33m✈ transit[0m   X1-KU6-B7      38/80   15/15   [2m3h38m [0m     
 [1m           [0m                                                         [2mdrift[0m      
 [1m [0m[1;93mTYLERMAS…[0m[1m [0m  siphoner    [33m✈ transit[0m   X1-KU6-C50     79/80   15/15   [2m3h32m [0m     
 [1m           [0m                                                         [2mdrift[0m      
 [1m [0m[1;37mTYLERMAS…[0m[1m [0m  trader      [32m⚓ docked[0m   X1-KU6-A1    600/600    0/80              
 [1m [0m[1;37mTYLERMAS…[0m[1m [0m  trader      [32m⚓ docked[0m   X1-KU6-A1    600/600    0/80              
                                                                                
  Contract: [36m░░░░░░░░░░░░░░░░░░░░░░░░░░░░░░[0m [1;36m0[0m[1m/[0m[1;36m70[0m IRON → X1-KU6-E56 [1m([0m[1;32m0[0m[32m%[0m[1m)[0m
[1;2;92m20:04:38[0m [32mTYLERMASTERY2-[0m[1;32m2[0m [36m⚓ docked[0m
[1;2;92m20:04:39[0m [36mTYLERMASTERY2-[0m[1;36m1[0m [33m🌡 cooldown 47s[0m
[1;2;92m20:04:39[0m [33mFleet manager: skipping SHIP_MINING_DRONE at X1-KU6-H62 — fuel tank too[0m
[33msmall [0m[1;33m([0m[1;33m80[0m[33m < [0m[1;33m150[0m[1;33m)[0m
[1;2;92m20:04:39[0m [33mFleet manager: skipping SHIP_SURVEYOR at X1-KU6-H62 — fuel tank too [0m
[33msmall [0m[1;33m([0m[1;33m80[0m[33m < [0m[1;33m150[0m[1;33m)[0m
[1;2;92m20:04:39[0m [2mFleet manager: no suitable ships at any shipyard[0m
[1;2;92m20:04:42[0m [32mTYLERMASTERY2-[0m[1;32m2[0m [36m↑ orbiting[0m
[1;2;92m20:04:42[0m [32mTYLERMASTERY2-[0m[1;32m2[0m [34m🚀 Navigating → X1-KU6-A1[0m
[1;2;92m20:04:43[0m [32mTYLERMASTERY2-[0m[1;32m2[0m [33m⏳ in transit [0m[1;33m([0m[33m~2m 30s[0m[1;33m)[0m[33m...[0m
[1;2;92m20:04:43[0m [34mTYLERMASTERY2-[0m[1;34m5[0m [33m⏳ in transit [0m[1;33m([0m[33m~48s[0m[1;33m)[0m[33m...[0m
[1;2;92m20:04:44[0m [33mTYLERMASTERY2-[0m[1;33m4[0m [33m🌡 cooldown 11s[0m
[1;2;92m20:04:45[0m [96mTYLERMASTERY2-[0m[1;96m6[0m [33m⏳ in transit [0m[1;33m([0m[33m~3h 33m[0m[1;33m)[0m[33m...[0m
[1;2;92m20:04:48[0m [34mTYLERMASTERY2-[0m[1;34m5[0m [33m⏳ in transit [0m[1;33m([0m[33m~42s[0m[1;33m)[0m[33m...[0m
[1;2;92m20:04:51[0m [36mTYLERMASTERY2-[0m[1;36m1[0m [33m🌡 cooldown 35s[0m
[1;2;92m20:04:52[0m [93mTYLERMASTERY2-[0m[1;93m9[0m [33m⏳ in transit [0m[1;33m([0m[33m~3h 32m[0m[1;33m)[0m[33m...[0m
[1;2;92m20:04:54[0m [34mTYLERMASTERY2-[0m[1;34m5[0m [33m⏳ in transit [0m[1;33m([0m[33m~37s[0m[1;33m)[0m[33m...[0m
[1;2;92m20:04:58[0m [35m🔭 TYLERMASTERY2-[0m[1;35m4[0m[35m: [0m[1;35m1[0m[35m [0m[1;35msurvey[0m[1;35m([0m[35ms[0m[1;35m)[0m[35m added [0m[1;35m([0m[1;35m0x[0m[35m IRON hits[0m[1;35m)[0m[35m | pool: [0m[1;35m20[0m
[1;2;92m20:04:59[0m [34mTYLERMASTERY2-[0m[1;34m5[0m [33m⏳ in transit [0m[1;33m([0m[33m~31s[0m[1;33m)[0m[33m...[0m
[1;2;92m20:05:01[0m [36mTYLERMASTERY2-[0m[1;36m1[0m [33m🌡 cooldown 25s[0m
[1;2;92m20:05:06[0m [33mTYLERMASTERY2-[0m[1;33m4[0m [33m🌡 cooldown 61s[0m
[1;2;92m20:05:08[0m [34mTYLERMASTERY2-[0m[1;34m5[0m [33m⏳ in transit [0m[1;33m([0m[33m~23s[0m[1;33m)[0m[33m...[0m
[1;2;92m20:05:16[0m [32mTYLERMASTERY2-[0m[1;32m2[0m [33m⏳ in transit [0m[1;33m([0m[33m~1m 57s[0m[1;33m)[0m[33m...[0m
[1;2;92m20:05:19[0m [36mTYLERMASTERY2-[0m[1;36m1[0m [33m🌡 cooldown 7s[0m
[1;2;92m20:05:23[0m [33mTYLERMASTERY2-[0m[1;33m4[0m [33m🌡 cooldown 45s[0m
[1;2;92m20:05:24[0m [32mTYLERMASTERY2-[0m[1;32m2[0m [33m⏳ in transit [0m[1;33m([0m[33m~1m 48s[0m[1;33m)[0m[33m...[0m
[1;2;92m20:05:26[0m [34mTYLERMASTERY2-[0m[1;34m5[0m [33m⏳ in transit [0m[1;33m([0m[33m~5s[0m[1;33m)[0m[33m...[0m
[1;2;92m20:05:33[0m [34mTYLERMASTERY2-[0m[1;34m5[0m [32m✓[0m arrived at [1mX1-KU6-B7[0m
[1;2;92m20:05:33[0m [33mTYLERMASTERY2-[0m[1;33m4[0m [33m🌡 cooldown 35s[0m
[1;2;92m20:05:34[0m [92mTYLERMASTERY2-[0m[1;92m7[0m [33m⏳ in transit [0m[1;33m([0m[33m~3h 33m[0m[1;33m)[0m[33m...[0m
[1;2;92m20:05:38[0m [34mTYLERMASTERY2-[0m[1;34m5[0m [36m⚓ docked[0m
[1;2;92m20:05:38[0m [32mTYLERMASTERY2-[0m[1;32m2[0m [33m⏳ in transit [0m[1;33m([0m[33m~1m 34s[0m[1;33m)[0m[33m...[0m
[1;2;92m20:05:38[0m [95mTYLERMASTERY2-[0m[1;95m8[0m [33m⏳ in transit [0m[1;33m([0m[33m~3h 37m[0m[1;33m)[0m[33m...[0m
[3m                      [0m[1;3mFleet Status[0m[3m  [0m[3;32m1,593,058 cr[0m[3m  [0m[2;3m20:05:39[0m[3m                      [0m
                                                                                
 [1m [0m[1mShip     [0m[1m [0m [1m [0m[1mRole     [0m[1m [0m [1m [0m[1mStatus   [0m[1m [0m [1m [0m[1mLocation  [0m[1m [0m [1m [0m[1m   Fuel[0m[1m [0m [1m [0m[1mCargo[0m[1m [0m [1m [0m[1mETA      [0m[1m [0m 
 ━━━━━━━━━━━━━━━━━━━━━━━━━━━━━━━━━━━━━━━━━━━━━━━━━━━━━━━━━━━━━━━━━━━━━━━━━━━━━━ 
 [1m [0m[1;36mTYLERMAS…[0m[1m [0m  miner       [36m↑ orbit[0m     X1-KU6-B47   385/400   10/40              
 [1m [0m[1;32mTYLERMAS…[0m[1m [0m  fleet-mgr   [33m✈ transit[0m   X1-KU6-A1          —     0/0   1m34s      
 [1m [0m[1;35mTYLERMAS…[0m[1m [0m  miner       [33m✈ transit[0m   X1-KU6-A2      64/80    0/15   [2m5m3s [0m      
 [1m           [0m                                                         [2mdrift[0m      
 [1m [0m[1;33mTYLERMAS…[0m[1m [0m  surveyor    [36m↑ orbit[0m     X1-KU6-B46     21/80     0/0              
 [1m [0m[1;34mTYLERMAS…[0m[1m [0m  hauler      [36m↑ orbit[0m     X1-KU6-B7      7/600    0/80              
 [1m [0m[1;96mTYLERMAS…[0m[1m [0m  siphoner    [33m✈ transit[0m   X1-KU6-C50     79/80   15/15   [2m3h32m [0m     
 [1m           [0m                                                         [2mdrift[0m      
 [1m [0m[1;92mTYLERMAS…[0m[1m [0m  siphoner    [33m✈ transit[0m   X1-KU6-C50     79/80   15/15   [2m3h33m [0m     
 [1m           [0m                                                         [2mdrift[0m      
 [1m [0m[1;95mTYLERMAS…[0m[1m [0m  siphoner    [33m✈ transit[0m   X1-KU6-B7      38/80   15/15   [2m3h37m [0m     
 [1m           [0m                                                         [2mdrift[0m      
 [1m [0m[1;93mTYLERMAS…[0m[1m [0m  siphoner    [33m✈ transit[0m   X1-KU6-C50     79/80   15/15   [2m3h31m [0m     
 [1m           [0m                                                         [2mdrift[0m      
 [1m [0m[1;37mTYLERMAS…[0m[1m [0m  trader      [32m⚓ docked[0m   X1-KU6-A1    600/600    0/80              
 [1m [0m[1;37mTYLERMAS…[0m[1m [0m  trader      [32m⚓ docked[0m   X1-KU6-A1    600/600    0/80              
                                                                                
  Contract: [36m░░░░░░░░░░░░░░░░░░░░░░░░░░░░░░[0m [1;36m0[0m[1m/[0m[1;36m70[0m IRON → X1-KU6-E56 [1m([0m[1;32m0[0m[32m%[0m[1m)[0m
[1;2;92m20:05:39[0m   [36mTYLERMASTERY2-[0m[1;36m1[0m: 6x AMMONIA_ICE | __SELL_ONLY__: [1;36m0[0m | Cargo: [1;36m16[0m/[1;36m40[0m | 
CD: 80s
[1;2;92m20:05:39[0m [32m⛽ Refueled to [0m[1;32m600[0m[32m/[0m[1;32m600[0m
[1;2;92m20:05:39[0m [34mTYLERMASTERY2-[0m[1;34m5[0m [36mIRON will be purchased [0m[1;36m([0m[36mnon-mineable good @ [0m[1;36m0[0m[36m cr/u[0m[1;36m)[0m
[1;2;92m20:05:40[0m [36mTYLERMASTERY2-[0m[1;36m1[0m [33m🌡 cooldown 79s[0m
[1;2;92m20:05:41[0m [34mTYLERMASTERY2-[0m[1;34m5[0m [36m↑ orbiting[0m
[1;2;92m20:05:41[0m [34mTYLERMASTERY2-[0m[1;34m5[0m [34m🚀 Navigating → X1-KU6-H61[0m
[1;2;92m20:05:41[0m [35mTYLERMASTERY2-[0m[1;35m3[0m [33m⏳ in transit [0m[1;33m([0m[33m~5m 1s[0m[1;33m)[0m[33m...[0m
[1;2;92m20:05:42[0m [34mTYLERMASTERY2-[0m[1;34m5[0m [33m⏳ in transit [0m[1;33m([0m[33m~9m 24s[0m[1;33m)[0m[33m...[0m
[1;2;92m20:05:45[0m [33mTYLERMASTERY2-[0m[1;33m4[0m [33m🌡 cooldown 23s[0m
[1;2;92m20:05:47[0m [32mTYLERMASTERY2-[0m[1;32m2[0m [33m⏳ in transit [0m[1;33m([0m[33m~1m 26s[0m[1;33m)[0m[33m...[0m
[1;2;92m20:05:50[0m [36mTYLERMASTERY2-[0m[1;36m1[0m [33m🌡 cooldown 69s[0m
[1;2;92m20:05:56[0m [96mTYLERMASTERY2-[0m[1;96m6[0m [33m⏳ in transit [0m[1;33m([0m[33m~3h 32m[0m[1;33m)[0m[33m...[0m
[1;2;92m20:05:57[0m [33mTYLERMASTERY2-[0m[1;33m4[0m [33m🌡 cooldown 11s[0m
[1;2;92m20:06:00[0m [93mTYLERMASTERY2-[0m[1;93m9[0m [33m⏳ in transit [0m[1;33m([0m[33m~3h 31m[0m[1;33m)[0m[33m...[0m
[1;2;92m20:06:02[0m [32mTYLERMASTERY2-[0m[1;32m2[0m [33m⏳ in transit [0m[1;33m([0m[33m~1m 10s[0m[1;33m)[0m[33m...[0m
[1;2;92m20:06:02[0m [36mTYLERMASTERY2-[0m[1;36m1[0m [33m🌡 cooldown 57s[0m
[1;2;92m20:06:14[0m [35m🔭 TYLERMASTERY2-[0m[1;35m4[0m[35m: [0m[1;35m1[0m[35m [0m[1;35msurvey[0m[1;35m([0m[35ms[0m[1;35m)[0m[35m added [0m[1;35m([0m[1;35m0x[0m[35m IRON hits[0m[1;35m)[0m[35m | pool: [0m[1;35m21[0m
[1;2;92m20:06:17[0m [36mTYLERMASTERY2-[0m[1;36m1[0m [33m🌡 cooldown 42s[0m
[1;2;92m20:06:20[0m [33mTYLERMASTERY2-[0m[1;33m4[0m [33m🌡 cooldown 63s[0m
[1;2;92m20:06:23[0m [32mTYLERMASTERY2-[0m[1;32m2[0m [33m⏳ in transit [0m[1;33m([0m[33m~49s[0m[1;33m)[0m[33m...[0m
[1;2;92m20:06:29[0m [36mTYLERMASTERY2-[0m[1;36m1[0m [33m🌡 cooldown 30s[0m
[1;2;92m20:06:35[0m [32mTYLERMASTERY2-[0m[1;32m2[0m [33m⏳ in transit [0m[1;33m([0m[33m~38s[0m[1;33m)[0m[33m...[0m
[1;2;92m20:06:38[0m [92mTYLERMASTERY2-[0m[1;92m7[0m [33m⏳ in transit [0m[1;33m([0m[33m~3h 32m[0m[1;33m)[0m[33m...[0m
[1;2;92m20:06:38[0m [33mTYLERMASTERY2-[0m[1;33m4[0m [33m🌡 cooldown 45s[0m
[1;2;92m20:06:39[0m [36mTYLERMASTERY2-[0m[1;36m1[0m [33m🌡 cooldown 20s[0m
[3m                      [0m[1;3mFleet Status[0m[3m  [0m[3;32m1,592,614 cr[0m[3m  [0m[2;3m20:06:40[0m[3m                      [0m
                                                                                
 [1m [0m[1mShip     [0m[1m [0m [1m [0m[1mRole     [0m[1m [0m [1m [0m[1mStatus   [0m[1m [0m [1m [0m[1mLocation  [0m[1m [0m [1m [0m[1m   Fuel[0m[1m [0m [1m [0m[1mCargo[0m[1m [0m [1m [0m[1mETA      [0m[1m [0m 
 ━━━━━━━━━━━━━━━━━━━━━━━━━━━━━━━━━━━━━━━━━━━━━━━━━━━━━━━━━━━━━━━━━━━━━━━━━━━━━━ 
 [1m [0m[1;36mTYLERMAS…[0m[1m [0m  miner       [36m↑ orbit[0m     X1-KU6-B47   385/400   16/40              
 [1m [0m[1;32mTYLERMAS…[0m[1m [0m  fleet-mgr   [33m✈ transit[0m   X1-KU6-A1          —     0/0   33s        
 [1m [0m[1;35mTYLERMAS…[0m[1m [0m  miner       [33m✈ transit[0m   X1-KU6-A2      64/80    0/15   [2m4m2s [0m      
 [1m           [0m                                                         [2mdrift[0m      
 [1m [0m[1;33mTYLERMAS…[0m[1m [0m  surveyor    [36m↑ orbit[0m     X1-KU6-B46     21/80     0/0              
 [1m [0m[1;34mTYLERMAS…[0m[1m [0m  hauler      [33m✈ transit[0m   X1-KU6-H61   271/600    0/80   8m26s      
 [1m [0m[1;96mTYLERMAS…[0m[1m [0m  siphoner    [33m✈ transit[0m   X1-KU6-C50     79/80   15/15   [2m3h31m [0m     
 [1m           [0m                                                         [2mdrift[0m      
 [1m [0m[1;92mTYLERMAS…[0m[1m [0m  siphoner    [33m✈ transit[0m   X1-KU6-C50     79/80   15/15   [2m3h32m [0m     
 [1m           [0m                                                         [2mdrift[0m      
 [1m [0m[1;95mTYLERMAS…[0m[1m [0m  siphoner    [33m✈ transit[0m   X1-KU6-B7      38/80   15/15   [2m3h36m [0m     
 [1m           [0m                                                         [2mdrift[0m      
 [1m [0m[1;93mTYLERMAS…[0m[1m [0m  siphoner    [33m✈ transit[0m   X1-KU6-C50     79/80   15/15   [2m3h30m [0m     
 [1m           [0m                                                         [2mdrift[0m      
 [1m [0m[1;37mTYLERMAS…[0m[1m [0m  trader      [32m⚓ docked[0m   X1-KU6-A1    600/600    0/80              
 [1m [0m[1;37mTYLERMAS…[0m[1m [0m  trader      [32m⚓ docked[0m   X1-KU6-A1    600/600    0/80              
                                                                                
  Contract: [36m░░░░░░░░░░░░░░░░░░░░░░░░░░░░░░[0m [1;36m0[0m[1m/[0m[1;36m70[0m IRON → X1-KU6-E56 [1m([0m[1;32m0[0m[32m%[0m[1m)[0m
[1;2;92m20:06:40[0m [32mTYLERMASTERY2-[0m[1;32m2[0m [33m⏳ in transit [0m[1;33m([0m[33m~32s[0m[1;33m)[0m[33m...[0m
[1;2;92m20:06:43[0m [34mTYLERMASTERY2-[0m[1;34m5[0m [33m⏳ in transit [0m[1;33m([0m[33m~8m 23s[0m[1;33m)[0m[33m...[0m
[1;2;92m20:06:45[0m [95mTYLERMASTERY2-[0m[1;95m8[0m [33m⏳ in transit [0m[1;33m([0m[33m~3h 36m[0m[1;33m)[0m[33m...[0m
[1;2;92m20:06:46[0m [32mTYLERMASTERY2-[0m[1;32m2[0m [33m⏳ in transit [0m[1;33m([0m[33m~27s[0m[1;33m)[0m[33m...[0m
[1;2;92m20:06:48[0m [33mTYLERMASTERY2-[0m[1;33m4[0m [33m🌡 cooldown 35s[0m
[1;2;92m20:06:50[0m [36mTYLERMASTERY2-[0m[1;36m1[0m [33m🌡 cooldown 9s[0m
[1;2;92m20:06:51[0m [32mTYLERMASTERY2-[0m[1;32m2[0m [33m⏳ in transit [0m[1;33m([0m[33m~21s[0m[1;33m)[0m[33m...[0m
[1;2;92m20:06:52[0m [35mTYLERMASTERY2-[0m[1;35m3[0m [33m⏳ in transit [0m[1;33m([0m[33m~3m 50s[0m[1;33m)[0m[33m...[0m
[1;2;92m20:06:57[0m [32mTYLERMASTERY2-[0m[1;32m2[0m [33m⏳ in transit [0m[1;33m([0m[33m~16s[0m[1;33m)[0m[33m...[0m
[1;2;92m20:06:58[0m [96mTYLERMASTERY2-[0m[1;96m6[0m [33m⏳ in transit [0m[1;33m([0m[33m~3h 31m[0m[1;33m)[0m[33m...[0m
[1;2;92m20:06:59[0m [33mTYLERMASTERY2-[0m[1;33m4[0m [33m🌡 cooldown 24s[0m
[1;2;92m20:07:02[0m [32mTYLERMASTERY2-[0m[1;32m2[0m [33m⏳ in transit [0m[1;33m([0m[33m~10s[0m[1;33m)[0m[33m...[0m
[1;2;92m20:07:04[0m   [36mTYLERMASTERY2-[0m[1;36m1[0m: 6x AMMONIA_ICE | __SELL_ONLY__: [1;36m0[0m | Cargo: [1;36m22[0m/[1;36m40[0m | 
CD: 80s
[1;2;92m20:07:09[0m [32mTYLERMASTERY2-[0m[1;32m2[0m [33m⏳ in transit [0m[1;33m([0m[33m~4s[0m[1;33m)[0m[33m...[0m
[1;2;92m20:07:10[0m [93mTYLERMASTERY2-[0m[1;93m9[0m [33m⏳ in transit [0m[1;33m([0m[33m~3h 30m[0m[1;33m)[0m[33m...[0m
[1;2;92m20:07:12[0m [33mTYLERMASTERY2-[0m[1;33m4[0m [33m🌡 cooldown 11s[0m
[1;2;92m20:07:14[0m [36mTYLERMASTERY2-[0m[1;36m1[0m [33m🌡 cooldown 68s[0m
[1;2;92m20:07:24[0m [36mTYLERMASTERY2-[0m[1;36m1[0m [33m🌡 cooldown 57s[0m
[1;2;92m20:07:33[0m [32mTYLERMASTERY2-[0m[1;32m2[0m [32m✓[0m arrived at [1mX1-KU6-A1[0m
[1;2;92m20:07:38[0m [35m🔭 TYLERMASTERY2-[0m[1;35m4[0m[35m: [0m[1;35m1[0m[35m [0m[1;35msurvey[0m[1;35m([0m[35ms[0m[1;35m)[0m[35m added [0m[1;35m([0m[1;35m0x[0m[35m IRON hits[0m[1;35m)[0m[35m | pool: [0m[1;35m22[0m
[1;2;92m20:07:38[0m [36mTYLERMASTERY2-[0m[1;36m1[0m [33m🌡 cooldown 44s[0m
[1;2;92m20:07:38[0m [32mTYLERMASTERY2-[0m[1;32m2[0m [36m⚓ docked[0m
[1;2;92m20:07:39[0m [33mTYLERMASTERY2-[0m[1;33m4[0m [33m🌡 cooldown 69s[0m
[1;2;92m20:07:39[0m [92mTYLERMASTERY2-[0m[1;92m7[0m [33m⏳ in transit [0m[1;33m([0m[33m~3h 31m[0m[1;33m)[0m[33m...[0m
[3m                      [0m[1;3mFleet Status[0m[3m  [0m[3;32m1,592,614 cr[0m[3m  [0m[2;3m20:07:41[0m[3m                      [0m
                                                                                
 [1m [0m[1mShip     [0m[1m [0m [1m [0m[1mRole     [0m[1m [0m [1m [0m[1mStatus   [0m[1m [0m [1m [0m[1mLocation  [0m[1m [0m [1m [0m[1m   Fuel[0m[1m [0m [1m [0m[1mCargo[0m[1m [0m [1m [0m[1mETA      [0m[1m [0m 
 ━━━━━━━━━━━━━━━━━━━━━━━━━━━━━━━━━━━━━━━━━━━━━━━━━━━━━━━━━━━━━━━━━━━━━━━━━━━━━━ 
 [1m [0m[1;36mTYLERMAS…[0m[1m [0m  miner       [36m↑ orbit[0m     X1-KU6-B47   385/400   22/40              
 [1m [0m[1;32mTYLERMAS…[0m[1m [0m  fleet-mgr   [32m⚓ docked[0m   X1-KU6-A1          —     0/0              
 [1m [0m[1;35mTYLERMAS…[0m[1m [0m  miner       [33m✈ transit[0m   X1-KU6-A2      64/80    0/15   [2m3m1s [0m      
 [1m           [0m                                                         [2mdrift[0m      
 [1m [0m[1;33mTYLERMAS…[0m[1m [0m  surveyor    [36m↑ orbit[0m     X1-KU6-B46     21/80     0/0              
 [1m [0m[1;34mTYLERMAS…[0m[1m [0m  hauler      [33m✈ transit[0m   X1-KU6-H61   271/600    0/80   7m25s      
 [1m [0m[1;96mTYLERMAS…[0m[1m [0m  siphoner    [33m✈ transit[0m   X1-KU6-C50     79/80   15/15   [2m3h30m [0m     
 [1m           [0m                                                         [2mdrift[0m      
 [1m [0m[1;92mTYLERMAS…[0m[1m [0m  siphoner    [33m✈ transit[0m   X1-KU6-C50     79/80   15/15   [2m3h31m [0m     
 [1m           [0m                                                         [2mdrift[0m      
 [1m [0m[1;95mTYLERMAS…[0m[1m [0m  siphoner    [33m✈ transit[0m   X1-KU6-B7      38/80   15/15   [2m3h35m [0m     
 [1m           [0m                                                         [2mdrift[0m      
 [1m [0m[1;93mTYLERMAS…[0m[1m [0m  siphoner    [33m✈ transit[0m   X1-KU6-C50     79/80   15/15   [2m3h29m [0m     
 [1m           [0m                                                         [2mdrift[0m      
 [1m [0m[1;37mTYLERMAS…[0m[1m [0m  trader      [32m⚓ docked[0m   X1-KU6-A1    600/600    0/80              
 [1m [0m[1;37mTYLERMAS…[0m[1m [0m  trader      [32m⚓ docked[0m   X1-KU6-A1    600/600    0/80              
                                                                                
  Contract: [36m░░░░░░░░░░░░░░░░░░░░░░░░░░░░░░[0m [1;36m0[0m[1m/[0m[1;36m70[0m IRON → X1-KU6-E56 [1m([0m[1;32m0[0m[32m%[0m[1m)[0m
[1;2;92m20:07:45[0m [34mTYLERMASTERY2-[0m[1;34m5[0m [33m⏳ in transit [0m[1;33m([0m[33m~7m 21s[0m[1;33m)[0m[33m...[0m
[1;2;92m20:07:48[0m [36mTYLERMASTERY2-[0m[1;36m1[0m [33m🌡 cooldown 33s[0m
[1;2;92m20:07:49[0m [33mTYLERMASTERY2-[0m[1;33m4[0m [33m🌡 cooldown 58s[0m
[1;2;92m20:07:50[0m [95mTYLERMASTERY2-[0m[1;95m8[0m [33m⏳ in transit [0m[1;33m([0m[33m~3h 35m[0m[1;33m)[0m[33m...[0m
[1;2;92m20:07:56[0m [35mTYLERMASTERY2-[0m[1;35m3[0m [33m⏳ in transit [0m[1;33m([0m[33m~2m 46s[0m[1;33m)[0m[33m...[0m
[1;2;92m20:07:59[0m [36mTYLERMASTERY2-[0m[1;36m1[0m [33m🌡 cooldown 23s[0m
[1;2;92m20:08:00[0m [33mTYLERMASTERY2-[0m[1;33m4[0m [33m🌡 cooldown 48s[0m
[1;2;92m20:08:01[0m [96mTYLERMASTERY2-[0m[1;96m6[0m [33m⏳ in transit [0m[1;33m([0m[33m~3h 30m[0m[1;33m)[0m[33m...[0m
[1;2;92m20:08:10[0m [33mTYLERMASTERY2-[0m[1;33m4[0m [33m🌡 cooldown 37s[0m
[1;2;92m20:08:11[0m [36mTYLERMASTERY2-[0m[1;36m1[0m [33m🌡 cooldown 11s[0m
[1;2;92m20:08:19[0m [93mTYLERMASTERY2-[0m[1;93m9[0m [33m⏳ in transit [0m[1;33m([0m[33m~3h 29m[0m[1;33m)[0m[33m...[0m
[1;2;92m20:08:21[0m [33mTYLERMASTERY2-[0m[1;33m4[0m [33m🌡 cooldown 27s[0m
[1;2;92m20:08:28[0m   [36mTYLERMASTERY2-[0m[1;36m1[0m: 6x PRECIOUS_STONES | __SELL_ONLY__: [1;36m0[0m | Cargo: [1;36m28[0m/[1;36m40[0m
| CD: 80s
[1;2;92m20:08:34[0m [33mTYLERMASTERY2-[0m[1;33m4[0m [33m🌡 cooldown 13s[0m
[1;2;92m20:08:36[0m [37mTYLERMASTERY2-A[0m [2mno profitable arbitrage found — waiting 5min[0m
[1;2;92m20:08:36[0m [37mTYLERMASTERY2-B[0m [2mno profitable arbitrage found — waiting 5min[0m
[1;2;92m20:08:39[0m [36mTYLERMASTERY2-[0m[1;36m1[0m [33m🌡 cooldown 67s[0m
[3m                      [0m[1;3mFleet Status[0m[3m  [0m[3;32m1,592,614 cr[0m[3m  [0m[2;3m20:08:42[0m[3m                      [0m
                                                                                
 [1m [0m[1mShip     [0m[1m [0m [1m [0m[1mRole     [0m[1m [0m [1m [0m[1mStatus   [0m[1m [0m [1m [0m[1mLocation  [0m[1m [0m [1m [0m[1m   Fuel[0m[1m [0m [1m [0m[1mCargo[0m[1m [0m [1m [0m[1mETA      [0m[1m [0m 
 ━━━━━━━━━━━━━━━━━━━━━━━━━━━━━━━━━━━━━━━━━━━━━━━━━━━━━━━━━━━━━━━━━━━━━━━━━━━━━━ 
 [1m [0m[1;36mTYLERMAS…[0m[1m [0m  miner       [36m↑ orbit[0m     X1-KU6-B47   385/400   28/40              
 [1m [0m[1;32mTYLERMAS…[0m[1m [0m  fleet-mgr   [32m⚓ docked[0m   X1-KU6-A1          —     0/0              
 [1m [0m[1;35mTYLERMAS…[0m[1m [0m  miner       [33m✈ transit[0m   X1-KU6-A2      64/80    0/15   [2m2m0s [0m      
 [1m           [0m                                                         [2mdrift[0m      
 [1m [0m[1;33mTYLERMAS…[0m[1m [0m  surveyor    [36m↑ orbit[0m     X1-KU6-B46     21/80     0/0              
 [1m [0m[1;34mTYLERMAS…[0m[1m [0m  hauler      [33m✈ transit[0m   X1-KU6-H61   271/600    0/80   6m24s      
 [1m [0m[1;96mTYLERMAS…[0m[1m [0m  siphoner    [33m✈ transit[0m   X1-KU6-C50     79/80   15/15   [2m3h29m [0m     
 [1m           [0m                                                         [2mdrift[0m      
 [1m [0m[1;92mTYLERMAS…[0m[1m [0m  siphoner    [33m✈ transit[0m   X1-KU6-C50     79/80   15/15   [2m3h30m [0m     
 [1m           [0m                                                         [2mdrift[0m      
 [1m [0m[1;95mTYLERMAS…[0m[1m [0m  siphoner    [33m✈ transit[0m   X1-KU6-B7      38/80   15/15   [2m3h34m [0m     
 [1m           [0m                                                         [2mdrift[0m      
 [1m [0m[1;93mTYLERMAS…[0m[1m [0m  siphoner    [33m✈ transit[0m   X1-KU6-C50     79/80   15/15   [2m3h28m [0m     
 [1m           [0m                                                         [2mdrift[0m      
 [1m [0m[1;37mTYLERMAS…[0m[1m [0m  trader      [32m⚓ docked[0m   X1-KU6-A1    600/600    0/80              
 [1m [0m[1;37mTYLERMAS…[0m[1m [0m  trader      [32m⚓ docked[0m   X1-KU6-A1    600/600    0/80              
                                                                                
  Contract: [36m░░░░░░░░░░░░░░░░░░░░░░░░░░░░░░[0m [1;36m0[0m[1m/[0m[1;36m70[0m IRON → X1-KU6-E56 [1m([0m[1;32m0[0m[32m%[0m[1m)[0m
[1;2;92m20:08:44[0m [33mTYLERMASTERY2-[0m[1;33m4[0m [33m🌡 cooldown 3s[0m
[1;2;92m20:08:47[0m [92mTYLERMASTERY2-[0m[1;92m7[0m [33m⏳ in transit [0m[1;33m([0m[33m~3h 30m[0m[1;33m)[0m[33m...[0m
[1;2;92m20:08:48[0m [35m🔭 TYLERMASTERY2-[0m[1;35m4[0m[35m: [0m[1;35m1[0m[35m [0m[1;35msurvey[0m[1;35m([0m[35ms[0m[1;35m)[0m[35m added [0m[1;35m([0m[1;35m0x[0m[35m IRON hits[0m[1;35m)[0m[35m | pool: [0m[1;35m23[0m
[1;2;92m20:08:49[0m [34mTYLERMASTERY2-[0m[1;34m5[0m [33m⏳ in transit [0m[1;33m([0m[33m~6m 17s[0m[1;33m)[0m[33m...[0m
[1;2;92m20:08:49[0m [33mTYLERMASTERY2-[0m[1;33m4[0m [33m🌡 cooldown 69s[0m
[1;2;92m20:08:49[0m [36mTYLERMASTERY2-[0m[1;36m1[0m [33m🌡 cooldown 57s[0m
[1;2;92m20:08:54[0m [95mTYLERMASTERY2-[0m[1;95m8[0m [33m⏳ in transit [0m[1;33m([0m[33m~3h 34m[0m[1;33m)[0m[33m...[0m
[1;2;92m20:09:00[0m [33mTYLERMASTERY2-[0m[1;33m4[0m [33m🌡 cooldown 58s[0m
[1;2;92m20:09:00[0m [36mTYLERMASTERY2-[0m[1;36m1[0m [33m🌡 cooldown 47s[0m
[1;2;92m20:09:04[0m [35mTYLERMASTERY2-[0m[1;35m3[0m [33m⏳ in transit [0m[1;33m([0m[33m~1m 37s[0m[1;33m)[0m[33m...[0m
[1;2;92m20:09:09[0m [96mTYLERMASTERY2-[0m[1;96m6[0m [33m⏳ in transit [0m[1;33m([0m[33m~3h 29m[0m[1;33m)[0m[33m...[0m
[1;2;92m20:09:10[0m [33mTYLERMASTERY2-[0m[1;33m4[0m [33m🌡 cooldown 48s[0m
[1;2;92m20:09:10[0m [36mTYLERMASTERY2-[0m[1;36m1[0m [33m🌡 cooldown 36s[0m
[1;2;92m20:09:13[0m [35mTYLERMASTERY2-[0m[1;35m3[0m [33m⏳ in transit [0m[1;33m([0m[33m~1m 29s[0m[1;33m)[0m[33m...[0m
[1;2;92m20:09:18[0m [35mTYLERMASTERY2-[0m[1;35m3[0m [33m⏳ in transit [0m[1;33m([0m[33m~1m 24s[0m[1;33m)[0m[33m...[0m
[1;2;92m20:09:23[0m [2mFleet manager: contract negotiation skipped: [0m[1;2m[[0m[1;2;36m4511[0m[1;2m][0m[2m Agent TYLERMASTERY2[0m
[2malready has an active contract.[0m
[1;2;92m20:09:25[0m [33mTYLERMASTERY2-[0m[1;33m4[0m [33m🌡 cooldown 33s[0m
[1;2;92m20:09:32[0m [35mTYLERMASTERY2-[0m[1;35m3[0m [33m⏳ in transit [0m[1;33m([0m[33m~1m 9s[0m[1;33m)[0m[33m...[0m
[1;2;92m20:09:33[0m [93mTYLERMASTERY2-[0m[1;93m9[0m [33m⏳ in transit [0m[1;33m([0m[33m~3h 27m[0m[1;33m)[0m[33m...[0m
[1;2;92m20:09:34[0m [36mTYLERMASTERY2-[0m[1;36m1[0m [33m🌡 cooldown 13s[0m
[1;2;92m20:09:38[0m [35mTYLERMASTERY2-[0m[1;35m3[0m [33m⏳ in transit [0m[1;33m([0m[33m~1m 4s[0m[1;33m)[0m[33m...[0m
[1;2;92m20:09:38[0m [33mTYLERMASTERY2-[0m[1;33m4[0m [33m🌡 cooldown 19s[0m
[3m                      [0m[1;3mFleet Status[0m[3m  [0m[3;32m1,592,614 cr[0m[3m  [0m[2;3m20:09:43[0m[3m                      [0m
                                                                                
 [1m [0m[1mShip     [0m[1m [0m [1m [0m[1mRole     [0m[1m [0m [1m [0m[1mStatus   [0m[1m [0m [1m [0m[1mLocation  [0m[1m [0m [1m [0m[1m   Fuel[0m[1m [0m [1m [0m[1mCargo[0m[1m [0m [1m [0m[1mETA      [0m[1m [0m 
 ━━━━━━━━━━━━━━━━━━━━━━━━━━━━━━━━━━━━━━━━━━━━━━━━━━━━━━━━━━━━━━━━━━━━━━━━━━━━━━ 
 [1m [0m[1;36mTYLERMAS…[0m[1m [0m  miner       [36m↑ orbit[0m     X1-KU6-B47   385/400   28/40              
 [1m [0m[1;32mTYLERMAS…[0m[1m [0m  fleet-mgr   [32m⚓ docked[0m   X1-KU6-A1          —     0/0              
 [1m [0m[1;35mTYLERMAS…[0m[1m [0m  miner       [33m✈ transit[0m   X1-KU6-A2      64/80    0/15   [2m59s drift[0m  
 [1m [0m[1;33mTYLERMAS…[0m[1m [0m  surveyor    [36m↑ orbit[0m     X1-KU6-B46     21/80     0/0              
 [1m [0m[1;34mTYLERMAS…[0m[1m [0m  hauler      [33m✈ transit[0m   X1-KU6-H61   271/600    0/80   5m23s      
 [1m [0m[1;96mTYLERMAS…[0m[1m [0m  siphoner    [33m✈ transit[0m   X1-KU6-C50     79/80   15/15   [2m3h28m [0m     
 [1m           [0m                                                         [2mdrift[0m      
 [1m [0m[1;92mTYLERMAS…[0m[1m [0m  siphoner    [33m✈ transit[0m   X1-KU6-C50     79/80   15/15   [2m3h29m [0m     
 [1m           [0m                                                         [2mdrift[0m      
 [1m [0m[1;95mTYLERMAS…[0m[1m [0m  siphoner    [33m✈ transit[0m   X1-KU6-B7      38/80   15/15   [2m3h33m [0m     
 [1m           [0m                                                         [2mdrift[0m      
 [1m [0m[1;93mTYLERMAS…[0m[1m [0m  siphoner    [33m✈ transit[0m   X1-KU6-C50     79/80   15/15   [2m3h27m [0m     
 [1m           [0m                                                         [2mdrift[0m      
 [1m [0m[1;37mTYLERMAS…[0m[1m [0m  trader      [32m⚓ docked[0m   X1-KU6-A1    600/600    0/80              
 [1m [0m[1;37mTYLERMAS…[0m[1m [0m  trader      [32m⚓ docked[0m   X1-KU6-A1    600/600    0/80              
                                                                                
  Contract: [36m░░░░░░░░░░░░░░░░░░░░░░░░░░░░░░[0m [1;36m0[0m[1m/[0m[1;36m70[0m IRON → X1-KU6-E56 [1m([0m[1;32m0[0m[32m%[0m[1m)[0m
[1;2;92m20:09:43[0m [35mTYLERMASTERY2-[0m[1;35m3[0m [33m⏳ in transit [0m[1;33m([0m[33m~59s[0m[1;33m)[0m[33m...[0m
[1;2;92m20:09:44[0m [36mTYLERMASTERY2-[0m[1;36m1[0m [33m🌡 cooldown 2s[0m
[1;2;92m20:09:48[0m   [36mTYLERMASTERY2-[0m[1;36m1[0m: 6x AMMONIA_ICE | __SELL_ONLY__: [1;36m0[0m | Cargo: [1;36m34[0m/[1;36m40[0m | 
CD: 80s
[1;2;92m20:09:49[0m [36mTYLERMASTERY2-[0m[1;36m1[0m [33m🌡 cooldown 79s[0m
[1;2;92m20:09:49[0m [35mTYLERMASTERY2-[0m[1;35m3[0m [33m⏳ in transit [0m[1;33m([0m[33m~53s[0m[1;33m)[0m[33m...[0m
[1;2;92m20:09:49[0m [33mTYLERMASTERY2-[0m[1;33m4[0m [33m🌡 cooldown 9s[0m
[1;2;92m20:09:50[0m [34mTYLERMASTERY2-[0m[1;34m5[0m [33m⏳ in transit [0m[1;33m([0m[33m~5m 16s[0m[1;33m)[0m[33m...[0m
[1;2;92m20:09:51[0m [92mTYLERMASTERY2-[0m[1;92m7[0m [33m⏳ in transit [0m[1;33m([0m[33m~3h 29m[0m[1;33m)[0m[33m...[0m
[1;2;92m20:09:54[0m [35mTYLERMASTERY2-[0m[1;35m3[0m [33m⏳ in transit [0m[1;33m([0m[33m~48s[0m[1;33m)[0m[33m...[0m
[1;2;92m20:09:56[0m [95mTYLERMASTERY2-[0m[1;95m8[0m [33m⏳ in transit [0m[1;33m([0m[33m~3h 33m[0m[1;33m)[0m[33m...[0m
[1;2;92m20:09:59[0m [35m🔭 TYLERMASTERY2-[0m[1;35m4[0m[35m: [0m[1;35m1[0m[35m [0m[1;35msurvey[0m[1;35m([0m[35ms[0m[1;35m)[0m[35m added [0m[1;35m([0m[1;35m0x[0m[35m IRON hits[0m[1;35m)[0m[35m | pool: [0m[1;35m24[0m
[1;2;92m20:09:59[0m [36mTYLERMASTERY2-[0m[1;36m1[0m [33m🌡 cooldown 68s[0m
[1;2;92m20:10:04[0m [33mTYLERMASTERY2-[0m[1;33m4[0m [33m🌡 cooldown 64s[0m
[1;2;92m20:10:05[0m [35mTYLERMASTERY2-[0m[1;35m3[0m [33m⏳ in transit [0m[1;33m([0m[33m~36s[0m[1;33m)[0m[33m...[0m
[1;2;92m20:10:10[0m [96mTYLERMASTERY2-[0m[1;96m6[0m [33m⏳ in transit [0m[1;33m([0m[33m~3h 28m[0m[1;33m)[0m[33m...[0m
[1;2;92m20:10:11[0m [35mTYLERMASTERY2-[0m[1;35m3[0m [33m⏳ in transit [0m[1;33m([0m[33m~31s[0m[1;33m)[0m[33m...[0m
[1;2;92m20:10:11[0m [36mTYLERMASTERY2-[0m[1;36m1[0m [33m🌡 cooldown 57s[0m
[1;2;92m20:10:16[0m [33mTYLERMASTERY2-[0m[1;33m4[0m [33m🌡 cooldown 52s[0m
[1;2;92m20:10:18[0m [35mTYLERMASTERY2-[0m[1;35m3[0m [33m⏳ in transit [0m[1;33m([0m[33m~24s[0m[1;33m)[0m[33m...[0m
[1;2;92m20:10:23[0m [35mTYLERMASTERY2-[0m[1;35m3[0m [33m⏳ in transit [0m[1;33m([0m[33m~18s[0m[1;33m)[0m[33m...[0m
[1;2;92m20:10:24[0m [36mTYLERMASTERY2-[0m[1;36m1[0m [33m🌡 cooldown 43s[0m
[1;2;92m20:10:28[0m [33mTYLERMASTERY2-[0m[1;33m4[0m [33m🌡 cooldown 40s[0m
[1;2;92m20:10:34[0m [93mTYLERMASTERY2-[0m[1;93m9[0m [33m⏳ in transit [0m[1;33m([0m[33m~3h 26m[0m[1;33m)[0m[33m...[0m
[1;2;92m20:10:38[0m [33mTYLERMASTERY2-[0m[1;33m4[0m [33m🌡 cooldown 30s[0m
[1;2;92m20:10:39[0m [35mTYLERMASTERY2-[0m[1;35m3[0m [33m⏳ in transit [0m[1;33m([0m[33m~3s[0m[1;33m)[0m[33m...[0m
[1;2;92m20:10:39[0m [36mTYLERMASTERY2-[0m[1;36m1[0m [33m🌡 cooldown 28s[0m
[3m                      [0m[1;3mFleet Status[0m[3m  [0m[3;32m1,592,614 cr[0m[3m  [0m[2;3m20:10:44[0m[3m                      [0m
                                                                                
 [1m [0m[1mShip     [0m[1m [0m [1m [0m[1mRole     [0m[1m [0m [1m [0m[1mStatus   [0m[1m [0m [1m [0m[1mLocation  [0m[1m [0m [1m [0m[1m   Fuel[0m[1m [0m [1m [0m[1mCargo[0m[1m [0m [1m [0m[1mETA      [0m[1m [0m 
 ━━━━━━━━━━━━━━━━━━━━━━━━━━━━━━━━━━━━━━━━━━━━━━━━━━━━━━━━━━━━━━━━━━━━━━━━━━━━━━ 
 [1m [0m[1;36mTYLERMAS…[0m[1m [0m  miner       [36m↑ orbit[0m     X1-KU6-B47   385/400   34/40              
 [1m [0m[1;32mTYLERMAS…[0m[1m [0m  fleet-mgr   [32m⚓ docked[0m   X1-KU6-A1          —     0/0              
 [1m [0m[1;35mTYLERMAS…[0m[1m [0m  miner       [36m↑ orbit[0m     X1-KU6-A2      64/80    0/15              
 [1m [0m[1;33mTYLERMAS…[0m[1m [0m  surveyor    [36m↑ orbit[0m     X1-KU6-B46     21/80     0/0              
 [1m [0m[1;34mTYLERMAS…[0m[1m [0m  hauler      [33m✈ transit[0m   X1-KU6-H61   271/600    0/80   4m22s      
 [1m [0m[1;96mTYLERMAS…[0m[1m [0m  siphoner    [33m✈ transit[0m   X1-KU6-C50     79/80   15/15   [2m3h27m [0m     
 [1m           [0m                                                         [2mdrift[0m      
 [1m [0m[1;92mTYLERMAS…[0m[1m [0m  siphoner    [33m✈ transit[0m   X1-KU6-C50     79/80   15/15   [2m3h28m [0m     
 [1m           [0m                                                         [2mdrift[0m      
 [1m [0m[1;95mTYLERMAS…[0m[1m [0m  siphoner    [33m✈ transit[0m   X1-KU6-B7      38/80   15/15   [2m3h32m [0m     
 [1m           [0m                                                         [2mdrift[0m      
 [1m [0m[1;93mTYLERMAS…[0m[1m [0m  siphoner    [33m✈ transit[0m   X1-KU6-C50     79/80   15/15   [2m3h26m [0m     
 [1m           [0m                                                         [2mdrift[0m      
 [1m [0m[1;37mTYLERMAS…[0m[1m [0m  trader      [32m⚓ docked[0m   X1-KU6-A1    600/600    0/80              
 [1m [0m[1;37mTYLERMAS…[0m[1m [0m  trader      [32m⚓ docked[0m   X1-KU6-A1    600/600    0/80              
                                                                                
  Contract: [36m░░░░░░░░░░░░░░░░░░░░░░░░░░░░░░[0m [1;36m0[0m[1m/[0m[1;36m70[0m IRON → X1-KU6-E56 [1m([0m[1;32m0[0m[32m%[0m[1m)[0m
[1;2;92m20:10:44[0m [35mTYLERMASTERY2-[0m[1;35m3[0m [32m✓[0m arrived at [1mX1-KU6-A2[0m
[1;2;92m20:10:45[0m [35mTYLERMASTERY2-[0m[1;35m3[0m [2mreset to CRUISE mode[0m
[1;2;92m20:10:45[0m [35mTYLERMASTERY2-[0m[1;35m3[0m [34m🚀 Navigating → X1-KU6-B7[0m
[1;2;92m20:10:49[0m [33mTYLERMASTERY2-[0m[1;33m4[0m [33m🌡 cooldown 19s[0m
[1;2;92m20:10:50[0m [36mTYLERMASTERY2-[0m[1;36m1[0m [33m🌡 cooldown 18s[0m
[1;2;92m20:10:51[0m [34mTYLERMASTERY2-[0m[1;34m5[0m [33m⏳ in transit [0m[1;33m([0m[33m~4m 15s[0m[1;33m)[0m[33m...[0m
[1;2;92m20:10:52[0m [92mTYLERMASTERY2-[0m[1;92m7[0m [33m⏳ in transit [0m[1;33m([0m[33m~3h 28m[0m[1;33m)[0m[33m...[0m
[1;2;92m20:10:57[0m [95mTYLERMASTERY2-[0m[1;95m8[0m [33m⏳ in transit [0m[1;33m([0m[33m~3h 32m[0m[1;33m)[0m[33m...[0m
[1;2;92m20:11:00[0m [36mTYLERMASTERY2-[0m[1;36m1[0m [33m🌡 cooldown 7s[0m
[1;2;92m20:11:01[0m [33mTYLERMASTERY2-[0m[1;33m4[0m [33m🌡 cooldown 7s[0m
[1;2;92m20:11:14[0m [96mTYLERMASTERY2-[0m[1;96m6[0m [33m⏳ in transit [0m[1;33m([0m[33m~3h 27m[0m[1;33m)[0m[33m...[0m
[1;2;92m20:11:14[0m [35m🔭 TYLERMASTERY2-[0m[1;35m4[0m[35m: [0m[1;35m1[0m[35m [0m[1;35msurvey[0m[1;35m([0m[35ms[0m[1;35m)[0m[35m added [0m[1;35m([0m[1;35m0x[0m[35m IRON hits[0m[1;35m)[0m[35m | pool: [0m[1;35m24[0m
[1;2;92m20:11:16[0m   [36mTYLERMASTERY2-[0m[1;36m1[0m: 4x SILICON_CRYSTALS | __SELL_ONLY__: [1;36m0[0m | Cargo: 
[1;36m38[0m/[1;36m40[0m | CD: 80s
[1;2;92m20:11:32[0m [36mTYLERMASTERY2-[0m[1;36m1[0m [34m🚀 Navigating → X1-KU6-B7[0m
[1;2;92m20:11:35[0m [93mTYLERMASTERY2-[0m[1;93m9[0m [33m⏳ in transit [0m[1;33m([0m[33m~3h 25m[0m[1;33m)[0m[33m...[0m
[1;2;92m20:11:38[0m [33mTYLERMASTERY2-[0m[1;33m4[0m [33m🌡 cooldown 46s[0m
[1;2;92m20:11:39[0m [36mTYLERMASTERY2-[0m[1;36m1[0m [33m⏳ in transit [0m[1;33m([0m[33m~25s[0m[1;33m)[0m[33m...[0m
[1;2;92m20:11:42[0m [32mTYLERMASTERY2-[0m[1;32m2[0m [36m↑ orbiting[0m
[1;2;92m20:11:42[0m [32mTYLERMASTERY2-[0m[1;32m2[0m [34m🚀 Navigating → X1-KU6-A2[0m
[1;2;92m20:11:43[0m [32mTYLERMASTERY2-[0m[1;32m2[0m [33m⏳ in transit [0m[1;33m([0m[33m~17s[0m[1;33m)[0m[33m...[0m
[1;2;92m20:11:45[0m [36mTYLERMASTERY2-[0m[1;36m1[0m [33m⏳ in transit [0m[1;33m([0m[33m~19s[0m[1;33m)[0m[33m...[0m
[3m                      [0m[1;3mFleet Status[0m[3m  [0m[3;32m1,592,614 cr[0m[3m  [0m[2;3m20:11:45[0m[3m                      [0m
                                                                                
 [1m [0m[1mShip     [0m[1m [0m [1m [0m[1mRole     [0m[1m [0m [1m [0m[1mStatus   [0m[1m [0m [1m [0m[1mLocation  [0m[1m [0m [1m [0m[1m   Fuel[0m[1m [0m [1m [0m[1mCargo[0m[1m [0m [1m [0m[1mETA      [0m[1m [0m 
 ━━━━━━━━━━━━━━━━━━━━━━━━━━━━━━━━━━━━━━━━━━━━━━━━━━━━━━━━━━━━━━━━━━━━━━━━━━━━━━ 
 [1m [0m[1;36mTYLERMAS…[0m[1m [0m  miner       [33m✈ transit[0m   X1-KU6-B7    370/400   38/40   19s        
 [1m [0m[1;32mTYLERMAS…[0m[1m [0m  fleet-mgr   [33m✈ transit[0m   X1-KU6-A2          —     0/0   15s        
 [1m [0m[1;35mTYLERMAS…[0m[1m [0m  miner       [36m↑ orbit[0m     X1-KU6-A2      64/80    0/15              
 [1m [0m[1;33mTYLERMAS…[0m[1m [0m  surveyor    [36m↑ orbit[0m     X1-KU6-B46     21/80     0/0              
 [1m [0m[1;34mTYLERMAS…[0m[1m [0m  hauler      [33m✈ transit[0m   X1-KU6-H61   271/600    0/80   3m21s      
 [1m [0m[1;96mTYLERMAS…[0m[1m [0m  siphoner    [33m✈ transit[0m   X1-KU6-C50     79/80   15/15   [2m3h26m [0m     
 [1m           [0m                                                         [2mdrift[0m      
 [1m [0m[1;92mTYLERMAS…[0m[1m [0m  siphoner    [33m✈ transit[0m   X1-KU6-C50     79/80   15/15   [2m3h27m [0m     
 [1m           [0m                                                         [2mdrift[0m      
 [1m [0m[1;95mTYLERMAS…[0m[1m [0m  siphoner    [33m✈ transit[0m   X1-KU6-B7      38/80   15/15   [2m3h31m [0m     
 [1m           [0m                                                         [2mdrift[0m      
 [1m [0m[1;93mTYLERMAS…[0m[1m [0m  siphoner    [33m✈ transit[0m   X1-KU6-C50     79/80   15/15   [2m3h25m [0m     
 [1m           [0m                                                         [2mdrift[0m      
 [1m [0m[1;37mTYLERMAS…[0m[1m [0m  trader      [32m⚓ docked[0m   X1-KU6-A1    600/600    0/80              
 [1m [0m[1;37mTYLERMAS…[0m[1m [0m  trader      [32m⚓ docked[0m   X1-KU6-A1    600/600    0/80              
                                                                                
  Contract: [36m░░░░░░░░░░░░░░░░░░░░░░░░░░░░░░[0m [1;36m0[0m[1m/[0m[1;36m70[0m IRON → X1-KU6-E56 [1m([0m[1;32m0[0m[32m%[0m[1m)[0m
[1;2;92m20:11:48[0m [32mTYLERMASTERY2-[0m[1;32m2[0m [33m⏳ in transit [0m[1;33m([0m[33m~12s[0m[1;33m)[0m[33m...[0m
[1;2;92m20:11:49[0m [33mTYLERMASTERY2-[0m[1;33m4[0m [33m🌡 cooldown 35s[0m
[1;2;92m20:11:50[0m [36mTYLERMASTERY2-[0m[1;36m1[0m [33m⏳ in transit [0m[1;33m([0m[33m~14s[0m[1;33m)[0m[33m...[0m
[1;2;92m20:11:52[0m [34mTYLERMASTERY2-[0m[1;34m5[0m [33m⏳ in transit [0m[1;33m([0m[33m~3m 14s[0m[1;33m)[0m[33m...[0m
[1;2;92m20:11:54[0m [32mTYLERMASTERY2-[0m[1;32m2[0m [33m⏳ in transit [0m[1;33m([0m[33m~6s[0m[1;33m)[0m[33m...[0m
[1;2;92m20:11:58[0m [36mTYLERMASTERY2-[0m[1;36m1[0m [33m⏳ in transit [0m[1;33m([0m[33m~6s[0m[1;33m)[0m[33m...[0m
[1;2;92m20:12:00[0m [92mTYLERMASTERY2-[0m[1;92m7[0m [33m⏳ in transit [0m[1;33m([0m[33m~3h 27m[0m[1;33m)[0m[33m...[0m
[1;2;92m20:12:00[0m [33mTYLERMASTERY2-[0m[1;33m4[0m [33m🌡 cooldown 23s[0m
[1;2;92m20:12:03[0m [32mTYLERMASTERY2-[0m[1;32m2[0m [32m✓[0m arrived at [1mX1-KU6-A2[0m
[1;2;92m20:12:08[0m [35mTYLERMASTERY2-[0m[1;35m3[0m [33m⚠ insufficient fuel for X1-KU6-B7 — attempting local [0m
[33mrefuel[0m
[1;2;92m20:12:08[0m [36mTYLERMASTERY2-[0m[1;36m1[0m [32m✓[0m arrived at [1mX1-KU6-B7[0m
[1;2;92m20:12:10[0m [95mTYLERMASTERY2-[0m[1;95m8[0m [33m⏳ in transit [0m[1;33m([0m[33m~3h 31m[0m[1;33m)[0m[33m...[0m
[1;2;92m20:12:12[0m [33mTYLERMASTERY2-[0m[1;33m4[0m [33m🌡 cooldown 12s[0m
[1;2;92m20:12:13[0m [32mTYLERMASTERY2-[0m[1;32m2[0m [36m⚓ docked[0m
[1;2;92m20:12:15[0m [96mTYLERMASTERY2-[0m[1;96m6[0m [33m⏳ in transit [0m[1;33m([0m[33m~3h 26m[0m[1;33m)[0m[33m...[0m
[1;2;92m20:12:25[0m [35mTYLERMASTERY2-[0m[1;35m3[0m [36m⚓ docked[0m
[1;2;92m20:12:25[0m [35m🔭 TYLERMASTERY2-[0m[1;35m4[0m[35m: [0m[1;35m1[0m[35m [0m[1;35msurvey[0m[1;35m([0m[35ms[0m[1;35m)[0m[35m added [0m[1;35m([0m[1;35m0x[0m[35m IRON hits[0m[1;35m)[0m[35m | pool: [0m[1;35m23[0m
[1;2;92m20:12:30[0m [33mTYLERMASTERY2-[0m[1;33m4[0m [33m🌡 cooldown 64s[0m
[1;2;92m20:12:31[0m [32m⛽ Refueled to [0m[1;32m80[0m[32m/[0m[1;32m80[0m
[1;2;92m20:12:39[0m [93mTYLERMASTERY2-[0m[1;93m9[0m [33m⏳ in transit [0m[1;33m([0m[33m~3h 24m[0m[1;33m)[0m[33m...[0m
[1;2;92m20:12:39[0m [36mTYLERMASTERY2-[0m[1;36m1[0m [36m⚓ docked[0m
[1;2;92m20:12:40[0m [32mTYLERMASTERY2-[0m[1;32m2[0m [36m↑ orbiting[0m
[1;2;92m20:12:40[0m [32mTYLERMASTERY2-[0m[1;32m2[0m [34m🚀 Navigating → X1-KU6-C51[0m
[1;2;92m20:12:40[0m [32m⛽ Refueled to [0m[1;32m400[0m[32m/[0m[1;32m400[0m
[1;2;92m20:12:40[0m [33mTYLERMASTERY2-[0m[1;33m4[0m [33m🌡 cooldown 54s[0m
[1;2;92m20:12:41[0m [32mTYLERMASTERY2-[0m[1;32m2[0m [33m⏳ in transit [0m[1;33m([0m[33m~8m 21s[0m[1;33m)[0m[33m...[0m
[3m                      [0m[1;3mFleet Status[0m[3m  [0m[3;32m1,592,468 cr[0m[3m  [0m[2;3m20:12:50[0m[3m                      [0m
                                                                                
 [1m [0m[1mShip     [0m[1m [0m [1m [0m[1mRole     [0m[1m [0m [1m [0m[1mStatus   [0m[1m [0m [1m [0m[1mLocation  [0m[1m [0m [1m [0m[1m   Fuel[0m[1m [0m [1m [0m[1mCargo[0m[1m [0m [1m [0m[1mETA      [0m[1m [0m 
 ━━━━━━━━━━━━━━━━━━━━━━━━━━━━━━━━━━━━━━━━━━━━━━━━━━━━━━━━━━━━━━━━━━━━━━━━━━━━━━ 
 [1m [0m[1;36mTYLERMAS…[0m[1m [0m  miner       [32m⚓ docked[0m   X1-KU6-B7    400/400   38/40              
 [1m [0m[1;32mTYLERMAS…[0m[1m [0m  fleet-mgr   [33m✈ transit[0m   X1-KU6-C51         —     0/0   8m12s      
 [1m [0m[1;35mTYLERMAS…[0m[1m [0m  miner       [36m↑ orbit[0m     X1-KU6-A2      80/80    0/15              
 [1m [0m[1;33mTYLERMAS…[0m[1m [0m  surveyor    [36m↑ orbit[0m     X1-KU6-B46     21/80     0/0              
 [1m [0m[1;34mTYLERMAS…[0m[1m [0m  hauler      [33m✈ transit[0m   X1-KU6-H61   271/600    0/80   2m16s      
 [1m [0m[1;96mTYLERMAS…[0m[1m [0m  siphoner    [33m✈ transit[0m   X1-KU6-C50     79/80   15/15   [2m3h25m [0m     
 [1m           [0m                                                         [2mdrift[0m      
 [1m [0m[1;92mTYLERMAS…[0m[1m [0m  siphoner    [33m✈ transit[0m   X1-KU6-C50     79/80   15/15   [2m3h26m [0m     
 [1m           [0m                                                         [2mdrift[0m      
 [1m [0m[1;95mTYLERMAS…[0m[1m [0m  siphoner    [33m✈ transit[0m   X1-KU6-B7      38/80   15/15   [2m3h30m [0m     
 [1m           [0m                                                         [2mdrift[0m      
 [1m [0m[1;93mTYLERMAS…[0m[1m [0m  siphoner    [33m✈ transit[0m   X1-KU6-C50     79/80   15/15   [2m3h24m [0m     
 [1m           [0m                                                         [2mdrift[0m      
 [1m [0m[1;37mTYLERMAS…[0m[1m [0m  trader      [32m⚓ docked[0m   X1-KU6-A1    600/600    0/80              
 [1m [0m[1;37mTYLERMAS…[0m[1m [0m  trader      [32m⚓ docked[0m   X1-KU6-A1    600/600    0/80              
                                                                                
  Contract: [36m░░░░░░░░░░░░░░░░░░░░░░░░░░░░░░[0m [1;36m0[0m[1m/[0m[1;36m70[0m IRON → X1-KU6-E56 [1m([0m[1;32m0[0m[32m%[0m[1m)[0m
[1;2;92m20:12:52[0m [33mTYLERMASTERY2-[0m[1;33m4[0m [33m🌡 cooldown 42s[0m
[1;2;92m20:12:57[0m [34mTYLERMASTERY2-[0m[1;34m5[0m [33m⏳ in transit [0m[1;33m([0m[33m~2m 8s[0m[1;33m)[0m[33m...[0m
[1;2;92m20:13:05[0m [92mTYLERMASTERY2-[0m[1;92m7[0m [33m⏳ in transit [0m[1;33m([0m[33m~3h 26m[0m[1;33m)[0m[33m...[0m
[1;2;92m20:13:07[0m [33mTYLERMASTERY2-[0m[1;33m4[0m [33m🌡 cooldown 27s[0m
[1;2;92m20:13:11[0m [95mTYLERMASTERY2-[0m[1;95m8[0m [33m⏳ in transit [0m[1;33m([0m[33m~3h 30m[0m[1;33m)[0m[33m...[0m
[1;2;92m20:13:18[0m [96mTYLERMASTERY2-[0m[1;96m6[0m [33m⏳ in transit [0m[1;33m([0m[33m~3h 25m[0m[1;33m)[0m[33m...[0m
[1;2;92m20:13:22[0m [33mTYLERMASTERY2-[0m[1;33m4[0m [33m🌡 cooldown 12s[0m
[1;2;92m20:13:34[0m [34mTYLERMASTERY2-[0m[1;34m5[0m [33m⏳ in transit [0m[1;33m([0m[33m~1m 32s[0m[1;33m)[0m[33m...[0m
[1;2;92m20:13:36[0m [37mTYLERMASTERY2-A[0m [2mno profitable arbitrage found — waiting 5min[0m
[1;2;92m20:13:36[0m [37mTYLERMASTERY2-B[0m [2mno profitable arbitrage found — waiting 5min[0m
[1;2;92m20:13:37[0m [35m🔭 TYLERMASTERY2-[0m[1;35m4[0m[35m: [0m[1;35m1[0m[35m [0m[1;35msurvey[0m[1;35m([0m[35ms[0m[1;35m)[0m[35m added [0m[1;35m([0m[1;35m0x[0m[35m IRON hits[0m[1;35m)[0m[35m | pool: [0m[1;35m24[0m
[1;2;92m20:13:39[0m [34mTYLERMASTERY2-[0m[1;34m5[0m [33m⏳ in transit [0m[1;33m([0m[33m~1m 27s[0m[1;33m)[0m[33m...[0m
[1;2;92m20:13:39[0m [33mTYLERMASTERY2-[0m[1;33m4[0m [33m🌡 cooldown 67s[0m
[1;2;92m20:13:40[0m [93mTYLERMASTERY2-[0m[1;93m9[0m [33m⏳ in transit [0m[1;33m([0m[33m~3h 23m[0m[1;33m)[0m[33m...[0m
[1;2;92m20:13:43[0m [32mTYLERMASTERY2-[0m[1;32m2[0m [33m⏳ in transit [0m[1;33m([0m[33m~7m 19s[0m[1;33m)[0m[33m...[0m
[1;2;92m20:13:45[0m [34mTYLERMASTERY2-[0m[1;34m5[0m [33m⏳ in transit [0m[1;33m([0m[33m~1m 21s[0m[1;33m)[0m[33m...[0m
[1;2;92m20:13:46[0m [32m💰 Sold 6x PRECIOUS_STONES @ [0m[1;32m71[0m[32m/u = [0m[1;32m426[0m[32m cr[0m
[1;2;92m20:13:46[0m [32m💰 Sold 24x AMMONIA_ICE @ [0m[1;32m38[0m[32m/u = [0m[1;32m912[0m[32m cr[0m
[1;2;92m20:13:47[0m [32m💰 Sold 8x SILICON_CRYSTALS @ [0m[1;32m33[0m[32m/u = [0m[1;32m264[0m[32m cr[0m
[1;2;92m20:13:50[0m [33mTYLERMASTERY2-[0m[1;33m4[0m [33m🌡 cooldown 57s[0m
[1;2;92m20:13:56[0m [34mTYLERMASTERY2-[0m[1;34m5[0m [33m⏳ in transit [0m[1;33m([0m[33m~1m 10s[0m[1;33m)[0m[33m...[0m
[3m                          [0m[1;3mFleet Status[0m[3m  [0m[3;32m1,594,070 cr[0m[3m  [0m[2;3m20:13:57[0m[3m                          [0m
                                                                                        
 [1m [0m[1mShip           [0m[1m [0m [1m [0m[1mRole     [0m[1m [0m [1m [0m[1mStatus   [0m[1m [0m [1m [0m[1mLocation  [0m[1m [0m [1m [0m[1m   Fuel[0m[1m [0m [1m [0m[1mCargo[0m[1m [0m [1m [0m[1mETA        [0m[1m [0m 
 ━━━━━━━━━━━━━━━━━━━━━━━━━━━━━━━━━━━━━━━━━━━━━━━━━━━━━━━━━━━━━━━━━━━━━━━━━━━━━━━━━━━━━━ 
 [1m [0m[1;36mTYLERMASTERY2-1[0m[1m [0m  miner       [32m⚓ docked[0m   X1-KU6-B7    400/400    0/40                
 [1m [0m[1;32mTYLERMASTERY2-2[0m[1m [0m  fleet-mgr   [33m✈ transit[0m   X1-KU6-C51         —     0/0   7m5s         
 [1m [0m[1;35mTYLERMASTERY2-3[0m[1m [0m  miner       [36m↑ orbit[0m     X1-KU6-A2      80/80    0/15                
 [1m [0m[1;33mTYLERMASTERY2-4[0m[1m [0m  surveyor    [36m↑ orbit[0m     X1-KU6-B46     21/80     0/0                
 [1m [0m[1;34mTYLERMASTERY2-5[0m[1m [0m  hauler      [33m✈ transit[0m   X1-KU6-H61   271/600    0/80   1m9s         
 [1m [0m[1;96mTYLERMASTERY2-6[0m[1m [0m  siphoner    [33m✈ transit[0m   X1-KU6-C50     79/80   15/15   [2m3h24m drift[0m  
 [1m [0m[1;92mTYLERMASTERY2-7[0m[1m [0m  siphoner    [33m✈ transit[0m   X1-KU6-C50     79/80   15/15   [2m3h25m drift[0m  
 [1m [0m[1;95mTYLERMASTERY2-8[0m[1m [0m  siphoner    [33m✈ transit[0m   X1-KU6-B7      38/80   15/15   [2m3h29m drift[0m  
 [1m [0m[1;93mTYLERMASTERY2-9[0m[1m [0m  siphoner    [33m✈ transit[0m   X1-KU6-C50     79/80   15/15   [2m3h23m drift[0m  
 [1m [0m[1;37mTYLERMASTERY2-A[0m[1m [0m  trader      [32m⚓ docked[0m   X1-KU6-A1    600/600    0/80                
 [1m [0m[1;37mTYLERMASTERY2-B[0m[1m [0m  trader      [32m⚓ docked[0m   X1-KU6-A1    600/600    0/80                
                                                                                        
  Contract: [36m░░░░░░░░░░░░░░░░░░░░░░░░░░░░░░[0m [1;36m0[0m[1m/[0m[1;36m70[0m IRON → X1-KU6-E56 [1m([0m[1;32m0[0m[32m%[0m[1m)[0m
[1;2;92m20:14:04[0m [34mTYLERMASTERY2-[0m[1;34m5[0m [33m⏳ in transit [0m[1;33m([0m[33m~1m 2s[0m[1;33m)[0m[33m...[0m
[1;2;92m20:14:07[0m [92mTYLERMASTERY2-[0m[1;92m7[0m [33m⏳ in transit [0m[1;33m([0m[33m~3h 25m[0m[1;33m)[0m[33m...[0m
[1;2;92m20:14:10[0m [34mTYLERMASTERY2-[0m[1;34m5[0m [33m⏳ in transit [0m[1;33m([0m[33m~56s[0m[1;33m)[0m[33m...[0m
[1;2;92m20:14:11[0m [36mTYLERMASTERY2-[0m[1;36m1[0m [36m↑ orbiting[0m
[1;2;92m20:14:11[0m [36mTYLERMASTERY2-[0m[1;36m1[0m [34m🚀 Navigating → X1-KU6-B47[0m
[1;2;92m20:14:12[0m [36mTYLERMASTERY2-[0m[1;36m1[0m [33m⏳ in transit [0m[1;33m([0m[33m~25s[0m[1;33m)[0m[33m...[0m
[1;2;92m20:14:17[0m [36mTYLERMASTERY2-[0m[1;36m1[0m [33m⏳ in transit [0m[1;33m([0m[33m~19s[0m[1;33m)[0m[33m...[0m
[1;2;92m20:14:23[0m [36mTYLERMASTERY2-[0m[1;36m1[0m [33m⏳ in transit [0m[1;33m([0m[33m~14s[0m[1;33m)[0m[33m...[0m
[1;2;92m20:14:24[0m [35mTYLERMASTERY2-[0m[1;35m3[0m [31m⚠ no fuel available locally, emergency DRIFT to X1-KU6-B7[0m
[1;2;92m20:14:25[0m [95mTYLERMASTERY2-[0m[1;95m8[0m [33m⏳ in transit [0m[1;33m([0m[33m~3h 28m[0m[1;33m)[0m[33m...[0m
[1;2;92m20:14:26[0m [96mTYLERMASTERY2-[0m[1;96m6[0m [33m⏳ in transit [0m[1;33m([0m[33m~3h 23m[0m[1;33m)[0m[33m...[0m
[1;2;92m20:14:28[0m [36mTYLERMASTERY2-[0m[1;36m1[0m [33m⏳ in transit [0m[1;33m([0m[33m~9s[0m[1;33m)[0m[33m...[0m
[1;2;92m20:14:32[0m [35mTYLERMASTERY2-[0m[1;35m3[0m [33m⏳ in transit [0m[1;33m([0m[33m~2h 31m[0m[1;33m)[0m[33m...[0m
[1;2;92m20:14:34[0m [36mTYLERMASTERY2-[0m[1;36m1[0m [33m⏳ in transit [0m[1;33m([0m[33m~3s[0m[1;33m)[0m[33m...[0m
[1;2;92m20:14:35[0m [33mTYLERMASTERY2-[0m[1;33m4[0m [33m🌡 cooldown 11s[0m
[1;2;92m20:14:40[0m [34mTYLERMASTERY2-[0m[1;34m5[0m [33m⏳ in transit [0m[1;33m([0m[33m~26s[0m[1;33m)[0m[33m...[0m
[1;2;92m20:14:41[0m [36mTYLERMASTERY2-[0m[1;36m1[0m [32m✓[0m arrived at [1mX1-KU6-B47[0m
[1;2;92m20:14:43[0m   [36mTYLERMASTERY2-[0m[1;36m1[0m: 3x SILICON_CRYSTALS | __SELL_ONLY__: [1;36m0[0m | Cargo: [1;36m3[0m/[1;36m40[0m | CD: 80s
[1;2;92m20:14:44[0m [36mTYLERMASTERY2-[0m[1;36m1[0m [33m🌡 cooldown 79s[0m
[1;2;92m20:14:44[0m [32mTYLERMASTERY2-[0m[1;32m2[0m [33m⏳ in transit [0m[1;33m([0m[33m~6m 18s[0m[1;33m)[0m[33m...[0m
[1;2;92m20:14:45[0m [34mTYLERMASTERY2-[0m[1;34m5[0m [33m⏳ in transit [0m[1;33m([0m[33m~21s[0m[1;33m)[0m[33m...[0m
[1;2;92m20:14:46[0m [35m🔭 TYLERMASTERY2-[0m[1;35m4[0m[35m: [0m[1;35m1[0m[35m [0m[1;35msurvey[0m[1;35m([0m[35ms[0m[1;35m)[0m[35m added [0m[1;35m([0m[1;35m0x[0m[35m IRON hits[0m[1;35m)[0m[35m | pool: [0m[1;35m23[0m
[1;2;92m20:14:47[0m [33mTYLERMASTERY2-[0m[1;33m4[0m [33m🌡 cooldown 69s[0m
[1;2;92m20:14:51[0m [34mTYLERMASTERY2-[0m[1;34m5[0m [33m⏳ in transit [0m[1;33m([0m[33m~15s[0m[1;33m)[0m[33m...[0m
[1;2;92m20:14:54[0m [36mTYLERMASTERY2-[0m[1;36m1[0m [33m🌡 cooldown 69s[0m
[1;2;92m20:14:59[0m [33mTYLERMASTERY2-[0m[1;33m4[0m [33m🌡 cooldown 57s[0m
[1;2;92m20:15:00[0m [34mTYLERMASTERY2-[0m[1;34m5[0m [33m⏳ in transit [0m[1;33m([0m[33m~5s[0m[1;33m)[0m[33m...[0m
[1;2;92m20:15:05[0m [36mTYLERMASTERY2-[0m[1;36m1[0m [33m🌡 cooldown 58s[0m
[1;2;92m20:15:06[0m [34mTYLERMASTERY2-[0m[1;34m5[0m [32m✓[0m arrived at [1mX1-KU6-H61[0m
[1;2;92m20:15:12[0m [93mTYLERMASTERY2-[0m[1;93m9[0m [33m⏳ in transit [0m[1;33m([0m[33m~3h 22m[0m[1;33m)[0m[33m...[0m
[1;2;92m20:15:13[0m [92mTYLERMASTERY2-[0m[1;92m7[0m [33m⏳ in transit [0m[1;33m([0m[33m~3h 23m[0m[1;33m)[0m[33m...[0m
[3m                          [0m[1;3mFleet Status[0m[3m  [0m[3;32m1,594,070 cr[0m[3m  [0m[2;3m20:15:14[0m[3m                          [0m
                                                                                        
 [1m [0m[1mShip           [0m[1m [0m [1m [0m[1mRole     [0m[1m [0m [1m [0m[1mStatus   [0m[1m [0m [1m [0m[1mLocation  [0m[1m [0m [1m [0m[1m   Fuel[0m[1m [0m [1m [0m[1mCargo[0m[1m [0m [1m [0m[1mETA        [0m[1m [0m 
 ━━━━━━━━━━━━━━━━━━━━━━━━━━━━━━━━━━━━━━━━━━━━━━━━━━━━━━━━━━━━━━━━━━━━━━━━━━━━━━━━━━━━━━ 
 [1m [0m[1;36mTYLERMASTERY2-1[0m[1m [0m  miner       [36m↑ orbit[0m     X1-KU6-B47   385/400    3/40                
 [1m [0m[1;32mTYLERMASTERY2-2[0m[1m [0m  fleet-mgr   [33m✈ transit[0m   X1-KU6-C51         —     0/0   5m48s        
 [1m [0m[1;35mTYLERMASTERY2-3[0m[1m [0m  miner       [33m✈ transit[0m   X1-KU6-B7      79/80    0/15   [2m2h30m drift[0m  
 [1m [0m[1;33mTYLERMASTERY2-4[0m[1m [0m  surveyor    [36m↑ orbit[0m     X1-KU6-B46     21/80     0/0                
 [1m [0m[1;34mTYLERMASTERY2-5[0m[1m [0m  hauler      [33m✈ transit[0m   X1-KU6-H61   271/600    0/80   0s           
 [1m [0m[1;96mTYLERMASTERY2-6[0m[1m [0m  siphoner    [33m✈ transit[0m   X1-KU6-C50     79/80   15/15   [2m3h23m drift[0m  
 [1m [0m[1;92mTYLERMASTERY2-7[0m[1m [0m  siphoner    [33m✈ transit[0m   X1-KU6-C50     79/80   15/15   [2m3h23m drift[0m  
 [1m [0m[1;95mTYLERMASTERY2-8[0m[1m [0m  siphoner    [33m✈ transit[0m   X1-KU6-B7      38/80   15/15   [2m3h28m drift[0m  
 [1m [0m[1;93mTYLERMASTERY2-9[0m[1m [0m  siphoner    [33m✈ transit[0m   X1-KU6-C50     79/80   15/15   [2m3h22m drift[0m  
 [1m [0m[1;37mTYLERMASTERY2-A[0m[1m [0m  trader      [32m⚓ docked[0m   X1-KU6-A1    600/600    0/80                
 [1m [0m[1;37mTYLERMASTERY2-B[0m[1m [0m  trader      [32m⚓ docked[0m   X1-KU6-A1    600/600    0/80                
                                                                                        
  Contract: [36m░░░░░░░░░░░░░░░░░░░░░░░░░░░░░░[0m [1;36m0[0m[1m/[0m[1;36m70[0m IRON → X1-KU6-E56 [1m([0m[1;32m0[0m[32m%[0m[1m)[0m
[1;2;92m20:15:17[0m [36mTYLERMASTERY2-[0m[1;36m1[0m [33m🌡 cooldown 46s[0m
[1;2;92m20:15:18[0m [34mTYLERMASTERY2-[0m[1;34m5[0m [1;36m4[0m[36m empty loads — switching to buy IRON from X1-KU6-H61[0m
[1;2;92m20:15:18[0m [33mTYLERMASTERY2-[0m[1;33m4[0m [33m🌡 cooldown 37s[0m
[1;2;92m20:15:27[0m [36mTYLERMASTERY2-[0m[1;36m1[0m [33m🌡 cooldown 36s[0m
[1;2;92m20:15:28[0m [34mTYLERMASTERY2-[0m[1;34m5[0m [36m⚓ docked[0m
[1;2;92m20:15:32[0m [33mTYLERMASTERY2-[0m[1;33m4[0m [33m🌡 cooldown 24s[0m
[1;2;92m20:15:33[0m [96mTYLERMASTERY2-[0m[1;96m6[0m [33m⏳ in transit [0m[1;33m([0m[33m~3h 22m[0m[1;33m)[0m[33m...[0m
[1;2;92m20:15:38[0m [35mTYLERMASTERY2-[0m[1;35m3[0m [33m⏳ in transit [0m[1;33m([0m[33m~2h 30m[0m[1;33m)[0m[33m...[0m
[1;2;92m20:15:41[0m [95mTYLERMASTERY2-[0m[1;95m8[0m [33m⏳ in transit [0m[1;33m([0m[33m~3h 27m[0m[1;33m)[0m[33m...[0m
[1;2;92m20:15:41[0m [36mTYLERMASTERY2-[0m[1;36m1[0m [33m🌡 cooldown 22s[0m
[1;2;92m20:15:41[0m [34mTYLERMASTERY2-[0m[1;34m5[0m [32m🛒 bought 6[0m[1;32m0x[0m[32m IRON @ [0m[1;32m89[0m[32m cr/u | Credits: [0m[1;32m1[0m[32m,[0m[1;32m588[0m[32m,[0m[1;32m730[0m
[1;2;92m20:15:41[0m [34mTYLERMASTERY2-[0m[1;34m5[0m [32m🛒 bought 1[0m[1;32m0x[0m[32m IRON @ [0m[1;32m89[0m[32m cr/u | Credits: [0m[1;32m1[0m[32m,[0m[1;32m587[0m[32m,[0m[1;32m800[0m
[1;2;92m20:15:42[0m [33mTYLERMASTERY2-[0m[1;33m4[0m [33m🌡 cooldown 14s[0m
[1;2;92m20:15:43[0m [34mTYLERMASTERY2-[0m[1;34m5[0m [2mrefuel hop → X1-KU6-B6 [0m[1;2m([0m[2men route to X1-KU6-B7[0m[1;2m)[0m
[1;2;92m20:15:44[0m [34mTYLERMASTERY2-[0m[1;34m5[0m [36m↑ orbiting[0m
[1;2;92m20:15:44[0m [34mTYLERMASTERY2-[0m[1;34m5[0m [34m🚀 Navigating → X1-KU6-B6[0m
[1;2;92m20:15:45[0m [34mTYLERMASTERY2-[0m[1;34m5[0m [33m⏳ in transit [0m[1;33m([0m[33m~5m 18s[0m[1;33m)[0m[33m...[0m
[1;2;92m20:15:46[0m [32mTYLERMASTERY2-[0m[1;32m2[0m [33m⏳ in transit [0m[1;33m([0m[33m~5m 15s[0m[1;33m)[0m[33m...[0m
[1;2;92m20:15:51[0m [36mTYLERMASTERY2-[0m[1;36m1[0m [33m🌡 cooldown 11s[0m
[1;2;92m20:15:53[0m [33mTYLERMASTERY2-[0m[1;33m4[0m [33m🌡 cooldown 3s[0m
[1;2;92m20:15:59[0m [35m🔭 TYLERMASTERY2-[0m[1;35m4[0m[35m: [0m[1;35m1[0m[35m [0m[1;35msurvey[0m[1;35m([0m[35ms[0m[1;35m)[0m[35m added [0m[1;35m([0m[1;35m0x[0m[35m IRON hits[0m[1;35m)[0m[35m | pool: [0m[1;35m24[0m
[1;2;92m20:16:13[0m   [36mTYLERMASTERY2-[0m[1;36m1[0m: 4x SILICON_CRYSTALS | __SELL_ONLY__: [1;36m0[0m | Cargo: [1;36m7[0m/[1;36m40[0m | CD: 80s
[1;2;92m20:16:14[0m [93mTYLERMASTERY2-[0m[1;93m9[0m [33m⏳ in transit [0m[1;33m([0m[33m~3h 21m[0m[1;33m)[0m[33m...[0m
[1;2;92m20:16:15[0m [92mTYLERMASTERY2-[0m[1;92m7[0m [33m⏳ in transit [0m[1;33m([0m[33m~3h 22m[0m[1;33m)[0m[33m...[0m
[1;2;92m20:16:16[0m [33mTYLERMASTERY2-[0m[1;33m4[0m [33m🌡 cooldown 53s[0m
[1;2;92m20:16:25[0m [36mTYLERMASTERY2-[0m[1;36m1[0m [33m🌡 cooldown 61s[0m
[3m                          [0m[1;3mFleet Status[0m[3m  [0m[3;32m1,587,800 cr[0m[3m  [0m[2;3m20:16:26[0m[3m                          [0m
                                                                                        
 [1m [0m[1mShip           [0m[1m [0m [1m [0m[1mRole     [0m[1m [0m [1m [0m[1mStatus   [0m[1m [0m [1m [0m[1mLocation  [0m[1m [0m [1m [0m[1m   Fuel[0m[1m [0m [1m [0m[1mCargo[0m[1m [0m [1m [0m[1mETA        [0m[1m [0m 
 ━━━━━━━━━━━━━━━━━━━━━━━━━━━━━━━━━━━━━━━━━━━━━━━━━━━━━━━━━━━━━━━━━━━━━━━━━━━━━━━━━━━━━━ 
 [1m [0m[1;36mTYLERMASTERY2-1[0m[1m [0m  miner       [36m↑ orbit[0m     X1-KU6-B47   385/400    7/40                
 [1m [0m[1;32mTYLERMASTERY2-2[0m[1m [0m  fleet-mgr   [33m✈ transit[0m   X1-KU6-C51         —     0/0   4m36s        
 [1m [0m[1;35mTYLERMASTERY2-3[0m[1m [0m  miner       [33m✈ transit[0m   X1-KU6-B7      79/80    0/15   [2m2h29m drift[0m  
 [1m [0m[1;33mTYLERMASTERY2-4[0m[1m [0m  surveyor    [36m↑ orbit[0m     X1-KU6-B46     21/80     0/0                
 [1m [0m[1;34mTYLERMASTERY2-5[0m[1m [0m  hauler      [33m✈ transit[0m   X1-KU6-B6     89/600   70/80   4m37s        
 [1m [0m[1;96mTYLERMASTERY2-6[0m[1m [0m  siphoner    [33m✈ transit[0m   X1-KU6-C50     79/80   15/15   [2m3h21m drift[0m  
 [1m [0m[1;92mTYLERMASTERY2-7[0m[1m [0m  siphoner    [33m✈ transit[0m   X1-KU6-C50     79/80   15/15   [2m3h22m drift[0m  
 [1m [0m[1;95mTYLERMASTERY2-8[0m[1m [0m  siphoner    [33m✈ transit[0m   X1-KU6-B7      38/80   15/15   [2m3h26m drift[0m  
 [1m [0m[1;93mTYLERMASTERY2-9[0m[1m [0m  siphoner    [33m✈ transit[0m   X1-KU6-C50     79/80   15/15   [2m3h20m drift[0m  
 [1m [0m[1;37mTYLERMASTERY2-A[0m[1m [0m  trader      [32m⚓ docked[0m   X1-KU6-A1    600/600    0/80                
 [1m [0m[1;37mTYLERMASTERY2-B[0m[1m [0m  trader      [32m⚓ docked[0m   X1-KU6-A1    600/600    0/80                
                                                                                        
  Contract: [36m░░░░░░░░░░░░░░░░░░░░░░░░░░░░░░[0m [1;36m0[0m[1m/[0m[1;36m70[0m IRON → X1-KU6-E56 [1m([0m[1;32m0[0m[32m%[0m[1m)[0m
[1;2;92m20:16:29[0m [33mTYLERMASTERY2-[0m[1;33m4[0m [33m🌡 cooldown 40s[0m
[1;2;92m20:16:39[0m [35mTYLERMASTERY2-[0m[1;35m3[0m [33m⏳ in transit [0m[1;33m([0m[33m~2h 29m[0m[1;33m)[0m[33m...[0m
[1;2;92m20:16:40[0m [96mTYLERMASTERY2-[0m[1;96m6[0m [33m⏳ in transit [0m[1;33m([0m[33m~3h 21m[0m[1;33m)[0m[33m...[0m
[1;2;92m20:16:41[0m [36mTYLERMASTERY2-[0m[1;36m1[0m [33m🌡 cooldown 44s[0m
[1;2;92m20:16:41[0m [33mTYLERMASTERY2-[0m[1;33m4[0m [33m🌡 cooldown 28s[0m
[1;2;92m20:16:48[0m [34mTYLERMASTERY2-[0m[1;34m5[0m [33m⏳ in transit [0m[1;33m([0m[33m~4m 16s[0m[1;33m)[0m[33m...[0m
[1;2;92m20:16:52[0m [36mTYLERMASTERY2-[0m[1;36m1[0m [33m🌡 cooldown 34s[0m
[1;2;92m20:16:52[0m [33mTYLERMASTERY2-[0m[1;33m4[0m [33m🌡 cooldown 17s[0m
[1;2;92m20:16:52[0m [95mTYLERMASTERY2-[0m[1;95m8[0m [33m⏳ in transit [0m[1;33m([0m[33m~3h 26m[0m[1;33m)[0m[33m...[0m
[1;2;92m20:16:59[0m [32mTYLERMASTERY2-[0m[1;32m2[0m [33m⏳ in transit [0m[1;33m([0m[33m~4m 3s[0m[1;33m)[0m[33m...[0m
[1;2;92m20:17:02[0m [33mTYLERMASTERY2-[0m[1;33m4[0m [33m🌡 cooldown 7s[0m
[1;2;92m20:17:02[0m [36mTYLERMASTERY2-[0m[1;36m1[0m [33m🌡 cooldown 24s[0m
[1;2;92m20:17:13[0m [36mTYLERMASTERY2-[0m[1;36m1[0m [33m🌡 cooldown 13s[0m
[1;2;92m20:17:14[0m [35m🔭 TYLERMASTERY2-[0m[1;35m4[0m[35m: [0m[1;35m1[0m[35m [0m[1;35msurvey[0m[1;35m([0m[35ms[0m[1;35m)[0m[35m added [0m[1;35m([0m[1;35m0x[0m[35m IRON hits[0m[1;35m)[0m[35m | pool: [0m[1;35m25[0m
[1;2;92m20:17:19[0m [92mTYLERMASTERY2-[0m[1;92m7[0m [33m⏳ in transit [0m[1;33m([0m[33m~3h 21m[0m[1;33m)[0m[33m...[0m
[1;2;92m20:17:25[0m [93mTYLERMASTERY2-[0m[1;93m9[0m [33m⏳ in transit [0m[1;33m([0m[33m~3h 19m[0m[1;33m)[0m[33m...[0m
[1;2;92m20:17:28[0m [33mTYLERMASTERY2-[0m[1;33m4[0m [33m🌡 cooldown 56s[0m
[1;2;92m20:17:39[0m [33mTYLERMASTERY2-[0m[1;33m4[0m [33m🌡 cooldown 45s[0m
[1;2;92m20:17:41[0m   [36mTYLERMASTERY2-[0m[1;36m1[0m: 5x SILICON_CRYSTALS | __SELL_ONLY__: [1;36m0[0m | Cargo: [1;36m12[0m/[1;36m40[0m | CD: 80s
[1;2;92m20:17:41[0m [35mTYLERMASTERY2-[0m[1;35m3[0m [33m⏳ in transit [0m[1;33m([0m[33m~2h 28m[0m[1;33m)[0m[33m...[0m
[1;2;92m20:17:42[0m [36mTYLERMASTERY2-[0m[1;36m1[0m [33m🌡 cooldown 79s[0m
[3m                          [0m[1;3mFleet Status[0m[3m  [0m[3;32m1,587,800 cr[0m[3m  [0m[2;3m20:17:43[0m[3m                          [0m
                                                                                        
 [1m [0m[1mShip           [0m[1m [0m [1m [0m[1mRole     [0m[1m [0m [1m [0m[1mStatus   [0m[1m [0m [1m [0m[1mLocation  [0m[1m [0m [1m [0m[1m   Fuel[0m[1m [0m [1m [0m[1mCargo[0m[1m [0m [1m [0m[1mETA        [0m[1m [0m 
 ━━━━━━━━━━━━━━━━━━━━━━━━━━━━━━━━━━━━━━━━━━━━━━━━━━━━━━━━━━━━━━━━━━━━━━━━━━━━━━━━━━━━━━ 
 [1m [0m[1;36mTYLERMASTERY2-1[0m[1m [0m  miner       [36m↑ orbit[0m     X1-KU6-B47   385/400   12/40                
 [1m [0m[1;32mTYLERMASTERY2-2[0m[1m [0m  fleet-mgr   [33m✈ transit[0m   X1-KU6-C51         —     0/0   3m18s        
 [1m [0m[1;35mTYLERMASTERY2-3[0m[1m [0m  miner       [33m✈ transit[0m   X1-KU6-B7      79/80    0/15   [2m2h28m drift[0m  
 [1m [0m[1;33mTYLERMASTERY2-4[0m[1m [0m  surveyor    [36m↑ orbit[0m     X1-KU6-B46     21/80     0/0                
 [1m [0m[1;34mTYLERMASTERY2-5[0m[1m [0m  hauler      [33m✈ transit[0m   X1-KU6-B6     89/600   70/80   3m20s        
 [1m [0m[1;96mTYLERMASTERY2-6[0m[1m [0m  siphoner    [33m✈ transit[0m   X1-KU6-C50     79/80   15/15   [2m3h20m drift[0m  
 [1m [0m[1;92mTYLERMASTERY2-7[0m[1m [0m  siphoner    [33m✈ transit[0m   X1-KU6-C50     79/80   15/15   [2m3h21m drift[0m  
 [1m [0m[1;95mTYLERMASTERY2-8[0m[1m [0m  siphoner    [33m✈ transit[0m   X1-KU6-B7      38/80   15/15   [2m3h25m drift[0m  
 [1m [0m[1;93mTYLERMASTERY2-9[0m[1m [0m  siphoner    [33m✈ transit[0m   X1-KU6-C50     79/80   15/15   [2m3h19m drift[0m  
 [1m [0m[1;37mTYLERMASTERY2-A[0m[1m [0m  trader      [32m⚓ docked[0m   X1-KU6-A1    600/600    0/80                
 [1m [0m[1;37mTYLERMASTERY2-B[0m[1m [0m  trader      [32m⚓ docked[0m   X1-KU6-A1    600/600    0/80                
                                                                                        
  Contract: [36m░░░░░░░░░░░░░░░░░░░░░░░░░░░░░░[0m [1;36m0[0m[1m/[0m[1;36m70[0m IRON → X1-KU6-E56 [1m([0m[1;32m0[0m[32m%[0m[1m)[0m
[1;2;92m20:17:46[0m [96mTYLERMASTERY2-[0m[1;96m6[0m [33m⏳ in transit [0m[1;33m([0m[33m~3h 20m[0m[1;33m)[0m[33m...[0m
[1;2;92m20:17:49[0m [33mTYLERMASTERY2-[0m[1;33m4[0m [33m🌡 cooldown 35s[0m
[1;2;92m20:17:50[0m [34mTYLERMASTERY2-[0m[1;34m5[0m [33m⏳ in transit [0m[1;33m([0m[33m~3m 13s[0m[1;33m)[0m[33m...[0m
[1;2;92m20:17:52[0m [36mTYLERMASTERY2-[0m[1;36m1[0m [33m🌡 cooldown 69s[0m
[1;2;92m20:17:54[0m [95mTYLERMASTERY2-[0m[1;95m8[0m [33m⏳ in transit [0m[1;33m([0m[33m~3h 25m[0m[1;33m)[0m[33m...[0m
[1;2;92m20:17:59[0m [33mTYLERMASTERY2-[0m[1;33m4[0m [33m🌡 cooldown 24s[0m
[1;2;92m20:18:01[0m [32mTYLERMASTERY2-[0m[1;32m2[0m [33m⏳ in transit [0m[1;33m([0m[33m~3m 1s[0m[1;33m)[0m[33m...[0m
[1;2;92m20:18:03[0m [36mTYLERMASTERY2-[0m[1;36m1[0m [33m🌡 cooldown 58s[0m
[1;2;92m20:18:10[0m [33mTYLERMASTERY2-[0m[1;33m4[0m [33m🌡 cooldown 14s[0m
[1;2;92m20:18:20[0m [33mTYLERMASTERY2-[0m[1;33m4[0m [33m🌡 cooldown 3s[0m
[1;2;92m20:18:22[0m [92mTYLERMASTERY2-[0m[1;92m7[0m [33m⏳ in transit [0m[1;33m([0m[33m~3h 20m[0m[1;33m)[0m[33m...[0m
[1;2;92m20:18:25[0m [36mTYLERMASTERY2-[0m[1;36m1[0m [33m🌡 cooldown 36s[0m
[1;2;92m20:18:27[0m [93mTYLERMASTERY2-[0m[1;93m9[0m [33m⏳ in transit [0m[1;33m([0m[33m~3h 18m[0m[1;33m)[0m[33m...[0m
[1;2;92m20:18:28[0m [35m🔭 TYLERMASTERY2-[0m[1;35m4[0m[35m: [0m[1;35m1[0m[35m [0m[1;35msurvey[0m[1;35m([0m[35ms[0m[1;35m)[0m[35m added [0m[1;35m([0m[1;35m0x[0m[35m IRON hits[0m[1;35m)[0m[35m | pool: [0m[1;35m26[0m
[1;2;92m20:18:35[0m [36mTYLERMASTERY2-[0m[1;36m1[0m [33m🌡 cooldown 26s[0m
[1;2;92m20:18:35[0m [33mTYLERMASTERY2-[0m[1;33m4[0m [33m🌡 cooldown 63s[0m
[1;2;92m20:18:42[0m [35m💹 TYLERMASTERY2-A: COPPER X1-KU6-H61→X1-KU6-F58 buy [0m[1;35m171[0m[35m/u sell [0m[1;35m321[0m[35m/u [0m[1;35m([0m[35m+[0m[1;35m150[0m[35m/u[0m[1;35m)[0m[35m × 80u = est +[0m[1;35m12[0m[35m,[0m[1;35m000[0m[35m cr[0m
[1;2;92m20:18:42[0m [35m💹 TYLERMASTERY2-B: COPPER X1-KU6-H61→X1-KU6-F58 buy [0m[1;35m171[0m[35m/u sell [0m[1;35m321[0m[35m/u [0m[1;35m([0m[35m+[0m[1;35m150[0m[35m/u[0m[1;35m)[0m[35m × 80u = est +[0m[1;35m12[0m[35m,[0m[1;35m000[0m[35m cr[0m
[1;2;92m20:18:44[0m [37mTYLERMASTERY2-B[0m [36m↑ orbiting[0m
[1;2;92m20:18:44[0m [37mTYLERMASTERY2-B[0m [34m🚀 Navigating → X1-KU6-H61[0m
[1;2;92m20:18:44[0m [37mTYLERMASTERY2-A[0m [36m↑ orbiting[0m
[1;2;92m20:18:44[0m [37mTYLERMASTERY2-A[0m [34m🚀 Navigating → X1-KU6-H61[0m
[1;2;92m20:18:45[0m [37mTYLERMASTERY2-B[0m [33m⏳ in transit [0m[1;33m([0m[33m~1m 36s[0m[1;33m)[0m[33m...[0m
[3m                          [0m[1;3mFleet Status[0m[3m  [0m[3;32m1,587,800 cr[0m[3m  [0m[2;3m20:18:45[0m[3m                          [0m
                                                                                        
 [1m [0m[1mShip           [0m[1m [0m [1m [0m[1mRole     [0m[1m [0m [1m [0m[1mStatus   [0m[1m [0m [1m [0m[1mLocation  [0m[1m [0m [1m [0m[1m   Fuel[0m[1m [0m [1m [0m[1mCargo[0m[1m [0m [1m [0m[1mETA        [0m[1m [0m 
 ━━━━━━━━━━━━━━━━━━━━━━━━━━━━━━━━━━━━━━━━━━━━━━━━━━━━━━━━━━━━━━━━━━━━━━━━━━━━━━━━━━━━━━ 
 [1m [0m[1;36mTYLERMASTERY2-1[0m[1m [0m  miner       [36m↑ orbit[0m     X1-KU6-B47   385/400   12/40                
 [1m [0m[1;32mTYLERMASTERY2-2[0m[1m [0m  fleet-mgr   [33m✈ transit[0m   X1-KU6-C51         —     0/0   2m17s        
 [1m [0m[1;35mTYLERMASTERY2-3[0m[1m [0m  miner       [33m✈ transit[0m   X1-KU6-B7      79/80    0/15   [2m2h27m drift[0m  
 [1m [0m[1;33mTYLERMASTERY2-4[0m[1m [0m  surveyor    [36m↑ orbit[0m     X1-KU6-B46     21/80     0/0                
 [1m [0m[1;34mTYLERMASTERY2-5[0m[1m [0m  hauler      [33m✈ transit[0m   X1-KU6-B6     89/600   70/80   2m19s        
 [1m [0m[1;96mTYLERMASTERY2-6[0m[1m [0m  siphoner    [33m✈ transit[0m   X1-KU6-C50     79/80   15/15   [2m3h19m drift[0m  
 [1m [0m[1;92mTYLERMASTERY2-7[0m[1m [0m  siphoner    [33m✈ transit[0m   X1-KU6-C50     79/80   15/15   [2m3h20m drift[0m  
 [1m [0m[1;95mTYLERMASTERY2-8[0m[1m [0m  siphoner    [33m✈ transit[0m   X1-KU6-B7      38/80   15/15   [2m3h24m drift[0m  
 [1m [0m[1;93mTYLERMASTERY2-9[0m[1m [0m  siphoner    [33m✈ transit[0m   X1-KU6-C50     79/80   15/15   [2m3h18m drift[0m  
 [1m [0m[1;37mTYLERMASTERY2-A[0m[1m [0m  trader      [36m↑ orbit[0m     X1-KU6-A1    600/600    0/80                
 [1m [0m[1;37mTYLERMASTERY2-B[0m[1m [0m  trader      [36m↑ orbit[0m     X1-KU6-A1    600/600    0/80                
                                                                                        
  Contract: [36m░░░░░░░░░░░░░░░░░░░░░░░░░░░░░░[0m [1;36m0[0m[1m/[0m[1;36m70[0m IRON → X1-KU6-E56 [1m([0m[1;32m0[0m[32m%[0m[1m)[0m
[1;2;92m20:18:45[0m [37mTYLERMASTERY2-A[0m [33m⏳ in transit [0m[1;33m([0m[33m~1m 36s[0m[1;33m)[0m[33m...[0m
[1;2;92m20:18:45[0m [35mTYLERMASTERY2-[0m[1;35m3[0m [33m⏳ in transit [0m[1;33m([0m[33m~2h 27m[0m[1;33m)[0m[33m...[0m
[1;2;92m20:18:45[0m [36mTYLERMASTERY2-[0m[1;36m1[0m [33m🌡 cooldown 16s[0m
[1;2;92m20:18:50[0m [33mTYLERMASTERY2-[0m[1;33m4[0m [33m🌡 cooldown 48s[0m
[1;2;92m20:18:50[0m [37mTYLERMASTERY2-B[0m [33m⏳ in transit [0m[1;33m([0m[33m~1m 31s[0m[1;33m)[0m[33m...[0m
[1;2;92m20:18:52[0m [37mTYLERMASTERY2-A[0m [33m⏳ in transit [0m[1;33m([0m[33m~1m 29s[0m[1;33m)[0m[33m...[0m
[1;2;92m20:18:55[0m [34mTYLERMASTERY2-[0m[1;34m5[0m [33m⏳ in transit [0m[1;33m([0m[33m~2m 8s[0m[1;33m)[0m[33m...[0m
[1;2;92m20:18:56[0m [96mTYLERMASTERY2-[0m[1;96m6[0m [33m⏳ in transit [0m[1;33m([0m[33m~3h 19m[0m[1;33m)[0m[33m...[0m
[1;2;92m20:18:56[0m [36mTYLERMASTERY2-[0m[1;36m1[0m [33m🌡 cooldown 5s[0m
[1;2;92m20:18:58[0m [37mTYLERMASTERY2-B[0m [33m⏳ in transit [0m[1;33m([0m[33m~1m 22s[0m[1;33m)[0m[33m...[0m
[1;2;92m20:19:03[0m [32mTYLERMASTERY2-[0m[1;32m2[0m [33m⏳ in transit [0m[1;33m([0m[33m~1m 59s[0m[1;33m)[0m[33m...[0m
[1;2;92m20:19:05[0m [37mTYLERMASTERY2-B[0m [33m⏳ in transit [0m[1;33m([0m[33m~1m 15s[0m[1;33m)[0m[33m...[0m
[1;2;92m20:19:07[0m [95mTYLERMASTERY2-[0m[1;95m8[0m [33m⏳ in transit [0m[1;33m([0m[33m~3h 24m[0m[1;33m)[0m[33m...[0m
[1;2;92m20:19:10[0m [32mTYLERMASTERY2-[0m[1;32m2[0m [33m⏳ in transit [0m[1;33m([0m[33m~1m 52s[0m[1;33m)[0m[33m...[0m
[1;2;92m20:19:11[0m [37mTYLERMASTERY2-B[0m [33m⏳ in transit [0m[1;33m([0m[33m~1m 10s[0m[1;33m)[0m[33m...[0m
[1;2;92m20:19:13[0m [37mTYLERMASTERY2-A[0m [33m⏳ in transit [0m[1;33m([0m[33m~1m 8s[0m[1;33m)[0m[33m...[0m
[1;2;92m20:19:15[0m [32mTYLERMASTERY2-[0m[1;32m2[0m [33m⏳ in transit [0m[1;33m([0m[33m~1m 46s[0m[1;33m)[0m[33m...[0m
[1;2;92m20:19:17[0m [33mTYLERMASTERY2-[0m[1;33m4[0m [33m🌡 cooldown 20s[0m
[1;2;92m20:19:19[0m [37mTYLERMASTERY2-B[0m [33m⏳ in transit [0m[1;33m([0m[33m~1m 2s[0m[1;33m)[0m[33m...[0m
[1;2;92m20:19:21[0m [32mTYLERMASTERY2-[0m[1;32m2[0m [33m⏳ in transit [0m[1;33m([0m[33m~1m 41s[0m[1;33m)[0m[33m...[0m
[1;2;92m20:19:24[0m [37mTYLERMASTERY2-B[0m [33m⏳ in transit [0m[1;33m([0m[33m~56s[0m[1;33m)[0m[33m...[0m
[1;2;92m20:19:25[0m [34mTYLERMASTERY2-[0m[1;34m5[0m [33m⏳ in transit [0m[1;33m([0m[33m~1m 38s[0m[1;33m)[0m[33m...[0m
[1;2;92m20:19:27[0m [32mTYLERMASTERY2-[0m[1;32m2[0m [33m⏳ in transit [0m[1;33m([0m[33m~1m 35s[0m[1;33m)[0m[33m...[0m
[1;2;92m20:19:28[0m [92mTYLERMASTERY2-[0m[1;92m7[0m [33m⏳ in transit [0m[1;33m([0m[33m~3h 19m[0m[1;33m)[0m[33m...[0m
[1;2;92m20:19:30[0m   [36mTYLERMASTERY2-[0m[1;36m1[0m: 5x SILICON_CRYSTALS | __SELL_ONLY__: [1;36m0[0m | Cargo: [1;36m17[0m/[1;36m40[0m | CD: 80s
[1;2;92m20:19:31[0m [33mTYLERMASTERY2-[0m[1;33m4[0m [33m🌡 cooldown 7s[0m
[1;2;92m20:19:32[0m [32mTYLERMASTERY2-[0m[1;32m2[0m [33m⏳ in transit [0m[1;33m([0m[33m~1m 30s[0m[1;33m)[0m[33m...[0m
[1;2;92m20:19:34[0m [37mTYLERMASTERY2-B[0m [33m⏳ in transit [0m[1;33m([0m[33m~47s[0m[1;33m)[0m[33m...[0m
[1;2;92m20:19:34[0m [37mTYLERMASTERY2-A[0m [33m⏳ in transit [0m[1;33m([0m[33m~47s[0m[1;33m)[0m[33m...[0m
[1;2;92m20:19:35[0m [34mTYLERMASTERY2-[0m[1;34m5[0m [33m⏳ in transit [0m[1;33m([0m[33m~1m 28s[0m[1;33m)[0m[33m...[0m
[1;2;92m20:19:35[0m [93mTYLERMASTERY2-[0m[1;93m9[0m [33m⏳ in transit [0m[1;33m([0m[33m~3h 17m[0m[1;33m)[0m[33m...[0m
[1;2;92m20:19:36[0m [36mTYLERMASTERY2-[0m[1;36m1[0m [33m🌡 cooldown 62s[0m
[1;2;92m20:19:37[0m [32mTYLERMASTERY2-[0m[1;32m2[0m [33m⏳ in transit [0m[1;33m([0m[33m~1m 24s[0m[1;33m)[0m[33m...[0m
[1;2;92m20:19:40[0m [37mTYLERMASTERY2-B[0m [33m⏳ in transit [0m[1;33m([0m[33m~41s[0m[1;33m)[0m[33m...[0m
[1;2;92m20:19:40[0m [37mTYLERMASTERY2-A[0m [33m⏳ in transit [0m[1;33m([0m[33m~41s[0m[1;33m)[0m[33m...[0m
[1;2;92m20:19:41[0m [34mTYLERMASTERY2-[0m[1;34m5[0m [33m⏳ in transit [0m[1;33m([0m[33m~1m 23s[0m[1;33m)[0m[33m...[0m
[1;2;92m20:19:41[0m [35m🔭 TYLERMASTERY2-[0m[1;35m4[0m[35m: [0m[1;35m1[0m[35m [0m[1;35msurvey[0m[1;35m([0m[35ms[0m[1;35m)[0m[35m added [0m[1;35m([0m[1;35m0x[0m[35m IRON hits[0m[1;35m)[0m[35m | pool: [0m[1;35m27[0m
[1;2;92m20:19:42[0m [33mTYLERMASTERY2-[0m[1;33m4[0m [33m🌡 cooldown 69s[0m
[1;2;92m20:19:43[0m [32mTYLERMASTERY2-[0m[1;32m2[0m [33m⏳ in transit [0m[1;33m([0m[33m~1m 19s[0m[1;33m)[0m[33m...[0m
[1;2;92m20:19:45[0m [37mTYLERMASTERY2-B[0m [33m⏳ in transit [0m[1;33m([0m[33m~36s[0m[1;33m)[0m[33m...[0m
[1;2;92m20:19:45[0m [37mTYLERMASTERY2-A[0m [33m⏳ in transit [0m[1;33m([0m[33m~36s[0m[1;33m)[0m[33m...[0m
[3m                          [0m[1;3mFleet Status[0m[3m  [0m[3;32m1,587,800 cr[0m[3m  [0m[2;3m20:19:46[0m[3m                          [0m
                                                                                        
 [1m [0m[1mShip           [0m[1m [0m [1m [0m[1mRole     [0m[1m [0m [1m [0m[1mStatus   [0m[1m [0m [1m [0m[1mLocation  [0m[1m [0m [1m [0m[1m   Fuel[0m[1m [0m [1m [0m[1mCargo[0m[1m [0m [1m [0m[1mETA        [0m[1m [0m 
 ━━━━━━━━━━━━━━━━━━━━━━━━━━━━━━━━━━━━━━━━━━━━━━━━━━━━━━━━━━━━━━━━━━━━━━━━━━━━━━━━━━━━━━ 
 [1m [0m[1;36mTYLERMASTERY2-1[0m[1m [0m  miner       [36m↑ orbit[0m     X1-KU6-B47   385/400   17/40                
 [1m [0m[1;32mTYLERMASTERY2-2[0m[1m [0m  fleet-mgr   [33m✈ transit[0m   X1-KU6-C51         —     0/0   1m16s        
 [1m [0m[1;35mTYLERMASTERY2-3[0m[1m [0m  miner       [33m✈ transit[0m   X1-KU6-B7      79/80    0/15   [2m2h26m drift[0m  
 [1m [0m[1;33mTYLERMASTERY2-4[0m[1m [0m  surveyor    [36m↑ orbit[0m     X1-KU6-B46     21/80     0/0                
 [1m [0m[1;34mTYLERMASTERY2-5[0m[1m [0m  hauler      [33m✈ transit[0m   X1-KU6-B6     89/600   70/80   1m17s        
 [1m [0m[1;96mTYLERMASTERY2-6[0m[1m [0m  siphoner    [33m✈ transit[0m   X1-KU6-C50     79/80   15/15   [2m3h18m drift[0m  
 [1m [0m[1;92mTYLERMASTERY2-7[0m[1m [0m  siphoner    [33m✈ transit[0m   X1-KU6-C50     79/80   15/15   [2m3h19m drift[0m  
 [1m [0m[1;95mTYLERMASTERY2-8[0m[1m [0m  siphoner    [33m✈ transit[0m   X1-KU6-B7      38/80   15/15   [2m3h23m drift[0m  
 [1m [0m[1;93mTYLERMASTERY2-9[0m[1m [0m  siphoner    [33m✈ transit[0m   X1-KU6-C50     79/80   15/15   [2m3h17m drift[0m  
 [1m [0m[1;37mTYLERMASTERY2-A[0m[1m [0m  trader      [33m✈ transit[0m   X1-KU6-H61   551/600    0/80   35s          
 [1m [0m[1;37mTYLERMASTERY2-B[0m[1m [0m  trader      [33m✈ transit[0m   X1-KU6-H61   551/600    0/80   35s          
                                                                                        
  Contract: [36m░░░░░░░░░░░░░░░░░░░░░░░░░░░░░░[0m [1;36m0[0m[1m/[0m[1;36m70[0m IRON → X1-KU6-E56 [1m([0m[1;32m0[0m[32m%[0m[1m)[0m
[1;2;92m20:19:46[0m [34mTYLERMASTERY2-[0m[1;34m5[0m [33m⏳ in transit [0m[1;33m([0m[33m~1m 17s[0m[1;33m)[0m[33m...[0m
[1;2;92m20:19:47[0m [36mTYLERMASTERY2-[0m[1;36m1[0m [33m🌡 cooldown 51s[0m
[1;2;92m20:19:48[0m [32mTYLERMASTERY2-[0m[1;32m2[0m [33m⏳ in transit [0m[1;33m([0m[33m~1m 13s[0m[1;33m)[0m[33m...[0m
[1;2;92m20:19:50[0m [37mTYLERMASTERY2-B[0m [33m⏳ in transit [0m[1;33m([0m[33m~30s[0m[1;33m)[0m[33m...[0m
[1;2;92m20:19:50[0m [37mTYLERMASTERY2-A[0m [33m⏳ in transit [0m[1;33m([0m[33m~30s[0m[1;33m)[0m[33m...[0m
[1;2;92m20:19:52[0m [34mTYLERMASTERY2-[0m[1;34m5[0m [33m⏳ in transit [0m[1;33m([0m[33m~1m 12s[0m[1;33m)[0m[33m...[0m
[1;2;92m20:19:53[0m [33mTYLERMASTERY2-[0m[1;33m4[0m [33m🌡 cooldown 58s[0m
[1;2;92m20:19:54[0m [32mTYLERMASTERY2-[0m[1;32m2[0m [33m⏳ in transit [0m[1;33m([0m[33m~1m 8s[0m[1;33m)[0m[33m...[0m
[1;2;92m20:19:56[0m [37mTYLERMASTERY2-A[0m [33m⏳ in transit [0m[1;33m([0m[33m~25s[0m[1;33m)[0m[33m...[0m
[1;2;92m20:19:58[0m [34mTYLERMASTERY2-[0m[1;34m5[0m [33m⏳ in transit [0m[1;33m([0m[33m~1m 5s[0m[1;33m)[0m[33m...[0m
[1;2;92m20:19:59[0m [35mTYLERMASTERY2-[0m[1;35m3[0m [33m⏳ in transit [0m[1;33m([0m[33m~2h 26m[0m[1;33m)[0m[33m...[0m
[1;2;92m20:20:00[0m [37mTYLERMASTERY2-B[0m [33m⏳ in transit [0m[1;33m([0m[33m~20s[0m[1;33m)[0m[33m...[0m
[1;2;92m20:20:01[0m [96mTYLERMASTERY2-[0m[1;96m6[0m [33m⏳ in transit [0m[1;33m([0m[33m~3h 18m[0m[1;33m)[0m[33m...[0m
[1;2;92m20:20:01[0m [37mTYLERMASTERY2-A[0m [33m⏳ in transit [0m[1;33m([0m[33m~19s[0m[1;33m)[0m[33m...[0m
[1;2;92m20:20:02[0m [32mTYLERMASTERY2-[0m[1;32m2[0m [33m⏳ in transit [0m[1;33m([0m[33m~1m 0s[0m[1;33m)[0m[33m...[0m
[1;2;92m20:20:05[0m [33mTYLERMASTERY2-[0m[1;33m4[0m [33m🌡 cooldown 46s[0m
[1;2;92m20:20:08[0m [34mTYLERMASTERY2-[0m[1;34m5[0m [33m⏳ in transit [0m[1;33m([0m[33m~55s[0m[1;33m)[0m[33m...[0m
[1;2;92m20:20:09[0m [95mTYLERMASTERY2-[0m[1;95m8[0m [33m⏳ in transit [0m[1;33m([0m[33m~3h 23m[0m[1;33m)[0m[33m...[0m
[1;2;92m20:20:10[0m [36mTYLERMASTERY2-[0m[1;36m1[0m [33m🌡 cooldown 28s[0m
[1;2;92m20:20:13[0m [37mTYLERMASTERY2-A[0m [33m⏳ in transit [0m[1;33m([0m[33m~8s[0m[1;33m)[0m[33m...[0m
[1;2;92m20:20:13[0m [32mTYLERMASTERY2-[0m[1;32m2[0m [33m⏳ in transit [0m[1;33m([0m[33m~49s[0m[1;33m)[0m[33m...[0m
[1;2;92m20:20:14[0m [34mTYLERMASTERY2-[0m[1;34m5[0m [33m⏳ in transit [0m[1;33m([0m[33m~50s[0m[1;33m)[0m[33m...[0m
[1;2;92m20:20:18[0m [33mTYLERMASTERY2-[0m[1;33m4[0m [33m🌡 cooldown 33s[0m
[1;2;92m20:20:18[0m [37mTYLERMASTERY2-A[0m [33m⏳ in transit [0m[1;33m([0m[33m~3s[0m[1;33m)[0m[33m...[0m
[1;2;92m20:20:19[0m [34mTYLERMASTERY2-[0m[1;34m5[0m [33m⏳ in transit [0m[1;33m([0m[33m~44s[0m[1;33m)[0m[33m...[0m
[1;2;92m20:20:20[0m [32mTYLERMASTERY2-[0m[1;32m2[0m [33m⏳ in transit [0m[1;33m([0m[33m~42s[0m[1;33m)[0m[33m...[0m
[1;2;92m20:20:20[0m [36mTYLERMASTERY2-[0m[1;36m1[0m [33m🌡 cooldown 18s[0m
[1;2;92m20:20:21[0m [37mTYLERMASTERY2-B[0m [32m✓[0m arrived at [1mX1-KU6-H61[0m
[1;2;92m20:20:23[0m [37mTYLERMASTERY2-A[0m [32m✓[0m arrived at [1mX1-KU6-H61[0m
[1;2;92m20:20:25[0m [34mTYLERMASTERY2-[0m[1;34m5[0m [33m⏳ in transit [0m[1;33m([0m[33m~39s[0m[1;33m)[0m[33m...[0m
[1;2;92m20:20:27[0m [32mTYLERMASTERY2-[0m[1;32m2[0m [33m⏳ in transit [0m[1;33m([0m[33m~35s[0m[1;33m)[0m[33m...[0m
[1;2;92m20:20:31[0m [33mTYLERMASTERY2-[0m[1;33m4[0m [33m🌡 cooldown 20s[0m
[1;2;92m20:20:32[0m [37mTYLERMASTERY2-B[0m [36m⚓ docked[0m
[1;2;92m20:20:34[0m [36mTYLERMASTERY2-[0m[1;36m1[0m [33m🌡 cooldown 4s[0m
[1;2;92m20:20:36[0m [92mTYLERMASTERY2-[0m[1;92m7[0m [33m⏳ in transit [0m[1;33m([0m[33m~3h 18m[0m[1;33m)[0m[33m...[0m
[1;2;92m20:20:38[0m [32mTYLERMASTERY2-[0m[1;32m2[0m [33m⏳ in transit [0m[1;33m([0m[33m~24s[0m[1;33m)[0m[33m...[0m
[1;2;92m20:20:42[0m [34mTYLERMASTERY2-[0m[1;34m5[0m [33m⏳ in transit [0m[1;33m([0m[33m~22s[0m[1;33m)[0m[33m...[0m
[1;2;92m20:20:42[0m [37mTYLERMASTERY2-A[0m [36m⚓ docked[0m
[1;2;92m20:20:42[0m [33mTYLERMASTERY2-[0m[1;33m4[0m [33m🌡 cooldown 9s[0m
[1;2;92m20:20:42[0m [32m⛽ Refueled to [0m[1;32m600[0m[32m/[0m[1;32m600[0m
[1;2;92m20:20:42[0m [93mTYLERMASTERY2-[0m[1;93m9[0m [33m⏳ in transit [0m[1;33m([0m[33m~3h 16m[0m[1;33m)[0m[33m...[0m
[1;2;92m20:20:42[0m   [36mTYLERMASTERY2-[0m[1;36m1[0m: 4x AMMONIA_ICE | __SELL_ONLY__: [1;36m0[0m | Cargo: [1;36m21[0m/[1;36m40[0m | CD: 80s
[1;2;92m20:20:43[0m [32m⛽ Refueled to [0m[1;32m600[0m[32m/[0m[1;32m600[0m
[1;2;92m20:20:43[0m [36mTYLERMASTERY2-[0m[1;36m1[0m [33m🌡 cooldown 79s[0m
[1;2;92m20:20:44[0m [32mTYLERMASTERY2-[0m[1;32m2[0m [33m⏳ in transit [0m[1;33m([0m[33m~18s[0m[1;33m)[0m[33m...[0m
[1;2;92m20:20:48[0m [34mTYLERMASTERY2-[0m[1;34m5[0m [33m⏳ in transit [0m[1;33m([0m[33m~15s[0m[1;33m)[0m[33m...[0m
[1;2;92m20:20:52[0m [32mTYLERMASTERY2-[0m[1;32m2[0m [33m⏳ in transit [0m[1;33m([0m[33m~10s[0m[1;33m)[0m[33m...[0m
[1;2;92m20:20:55[0m [34mTYLERMASTERY2-[0m[1;34m5[0m [33m⏳ in transit [0m[1;33m([0m[33m~8s[0m[1;33m)[0m[33m...[0m
[1;2;92m20:21:01[0m [36mTYLERMASTERY2-[0m[1;36m1[0m [33m🌡 cooldown 61s[0m
[1;2;92m20:21:02[0m [32mTYLERMASTERY2-[0m[1;32m2[0m [32m✓[0m arrived at [1mX1-KU6-C51[0m
[1;2;92m20:21:03[0m [35mTYLERMASTERY2-[0m[1;35m3[0m [33m⏳ in transit [0m[1;33m([0m[33m~2h 24m[0m[1;33m)[0m[33m...[0m
[36m╭───────────────────────────────────────────────────────────────────────────────────────────────────────────────────────────────────────────────────────────────────────────────────╮[0m
[36m│[0m [1;36mSpaceTraders Automation[0m                                                                                                                                                           [36m│[0m
[36m│[0m Goal: Complete contracts → buy ships → upgrade → repeat indefinitely                                                                                                              [36m│[0m
[36m╰───────────────────────────────────────────────────────────────────────────────────────────────────────────────────────────────────────────────────────────────────────────────────╯[0m
[1;2;92m20:21:10[0m [36mAgent: TYLERMASTERY2 | HQ: X1-KU6-A1 | System: X1-KU6[0m
[1;2;92m20:21:10[0m [36mLoaded config from DB: [0m[36mASTEROID[0m[36m=[0m[36mX1[0m[36m-KU6-B46 | [0m[36mBASE[0m[36m=[0m[36mX1[0m[36m-KU6-B7[0m
[1;2;92m20:21:10[0m [36mShipyards: [0m[1;36m[[0m[36m'X1-KU6-A2'[0m[36m, [0m[36m'X1-KU6-C51'[0m[36m, [0m[36m'X1-KU6-H62'[0m[1;36m][0m[36m | HQ: X1-KU6-A1[0m
[1;2;92m20:21:10[0m [2mWarm-loaded [0m[1;2;36m28[0m[2m markets, [0m[1;2;36m47[0m[2m goods from DB[0m
[1;2;92m20:21:10[0m [2mWarm-loaded [0m[1;2;36m26[0m[2m active [0m[1;2;35msurvey[0m[1;2m([0m[2ms[0m[1;2m)[0m[2m from DB[0m
[1;2;92m20:21:10[0m [2mScanning system for markets[0m[2;33m...[0m
[1;2;92m20:21:36[0m [2mFound [0m[1;2;36m28[0m[2m [0m[1;2;35mmarket[0m[1;2m([0m[2ms[0m[1;2m)[0m[2m: X1-KU6-A1, X1-KU6-CD5E, X1-KU6-B6, X1-KU6-B7, X1-KU6-C52, X1-KU6-D53, X1-KU6-E55, X1-KU6-F57, X1-KU6-G59, X1-KU6-H61, X1-KU6-I65, X1-KU6-I66, [0m
[2mX1-KU6-J67, X1-KU6-J68, X1-KU6-K90, X1-KU6-A2, X1-KU6-A3, X1-KU6-A4, X1-KU6-C51, X1-KU6-D54, X1-KU6-E56, X1-KU6-F58, X1-KU6-H62, X1-KU6-H63, X1-KU6-H64, X1-KU6-K92, X1-KU6-K93, [0m
[2mX1-KU6-K94[0m
[1;2;92m20:22:33[0m [2mGood sources: [0m[1;2;36m47[0m[2m goods indexed, [0m[1;2;36m45[0m[2m buyable goods across [0m[1;2;36m28[0m[2m markets[0m
[1;2;92m20:22:35[0m [1m─── Loop [0m[1;36m1[0m[1m | Credits: [0m[1;36m1[0m[1m,[0m[1;36m587[0m[1m,[0m[1;36m656[0m[1m | Ships: [0m[1;36m11[0m[1m ───[0m
[1;2;92m20:22:44[0m [33m⚠ Resuming accepted contract cmq8ri0lsgytvri6zaxgcw1qe [0m[1;33m([0m[33mpayout [0m[1;33m13[0m[33m,[0m[1;33m558[0m[33m cr[0m[1;33m)[0m[33m — no choice[0m
[33m╭─[0m[33m───────────────────────────────────────────────────────────────────────────────[0m[33m Working Contract [0m[33m────────────────────────────────────────────────────────────────────────────────[0m[33m─╮[0m
[33m│[0m [1mContract:[0m cmq8ri0lsgytvri6zaxgcw1qe                                                                                                                                               [33m│[0m
[33m│[0m [1mType:[0m PROCUREMENT                                                                                                                                                                 [33m│[0m
[33m│[0m [1mPayment:[0m 5,272 + 13,558 cr                                                                                                                                                        [33m│[0m
[33m│[0m [1mAccepted:[0m True                                                                                                                                                                    [33m│[0m
[33m╰───────────────────────────────────────────────────────────────────────────────────────────────────────────────────────────────────────────────────────────────────────────────────╯[0m
[1;2;92m20:22:44[0m   Deliver: 7[1;36m0x[0m IRON → X1-KU6-E56 [1m([0m[1;36m0[0m done[1m)[0m
[1;2;92m20:22:45[0m [36mDirect-buy contract: hauler TYLERMASTERY2-[0m[1;36m5[0m[36m handles buy/deliver; [0m[1;36m2[0m[36m [0m[1;36mminer[0m[1;36m([0m[36ms[0m[1;36m)[0m[36m mine for income[0m
[1;2;92m20:22:45[0m [1mLaunching [0m[1;36m2[0m[1m miner [0m[1;35mthread[0m[1m([0m[1ms[0m[1m)[0m[1m: [0m[1m[[0m[1;32m'TYLERMASTERY2-1'[0m[1m, [0m[1;32m'TYLERMASTERY2-3'[0m[1m][0m
[1;2;92m20:22:45[0m [35mLaunching [0m[1;35m1[0m[35m surveyor [0m[1;35mthread[0m[1;35m([0m[35ms[0m[1;35m)[0m[35m: [0m[1;35m[[0m[35m'TYLERMASTERY2-4'[0m[1;35m][0m
[1;2;92m20:22:45[0m [34mLaunching [0m[1;34m1[0m[34m [0m[1;34mhauler[0m[1;34m([0m[34ms[0m[1;34m)[0m[34m as contract [0m[1;34mbuyer[0m[1;34m([0m[34ms[0m[1;34m)[0m[34m: [0m[1;34m[[0m[34m'TYLERMASTERY2-5'[0m[1;34m][0m
[1;2;92m20:22:45[0m [34mLaunching [0m[1;34m2[0m[34m [0m[1;34mhauler[0m[1;34m([0m[34ms[0m[1;34m)[0m[34m as [0m[1;34mtrader[0m[1;34m([0m[34ms[0m[1;34m)[0m[34m [0m[1;34m([0m[34mdirect-buy contract[0m[1;34m)[0m[34m: [0m[1;34m[[0m[34m'TYLERMASTERY2-A'[0m[34m, [0m[34m'TYLERMASTERY2-B'[0m[1;34m][0m
[1;2;92m20:22:45[0m [34mLaunching [0m[1;34m4[0m[34m siphoner [0m[1;34mthread[0m[1;34m([0m[34ms[0m[1;34m)[0m[34m: [0m[1;34m[[0m[34m'TYLERMASTERY2-6'[0m[34m, [0m[34m'TYLERMASTERY2-7'[0m[34m, [0m[34m'TYLERMASTERY2-8'[0m[34m, [0m[34m'TYLERMASTERY2-9'[0m[1;34m][0m
[1;2;92m20:22:45[0m [33mTYLERMASTERY2-[0m[1;33m4[0m [35m🔭 surveyor thread started[0m
[1;2;92m20:22:45[0m [37mTYLERMASTERY2-A[0m [35m💹 trader thread started[0m
[1;2;92m20:22:45[0m [37mTYLERMASTERY2-B[0m [35m💹 trader thread started[0m
[1;2;92m20:22:45[0m [96mTYLERMASTERY2-[0m[1;96m6[0m [34m🌀 siphon thread started[0m
[1;2;92m20:22:45[0m [92mTYLERMASTERY2-[0m[1;92m7[0m [34m🌀 siphon thread started[0m
[1;2;92m20:22:45[0m [95mTYLERMASTERY2-[0m[1;95m8[0m [34m🌀 siphon thread started[0m
[1;2;92m20:22:45[0m [93mTYLERMASTERY2-[0m[1;93m9[0m [34m🌀 siphon thread started[0m
[1;2;92m20:22:45[0m [2m⚙  Fleet manager thread started[0m
[1;2;92m20:22:45[0m [93mTYLERMASTERY2-[0m[1;93m9[0m [34m🌀 targeting gas giant X1-KU6-C50[0m
[1;2;92m20:22:45[0m [92mTYLERMASTERY2-[0m[1;92m7[0m [34m🌀 targeting gas giant X1-KU6-C50[0m
[1;2;92m20:22:45[0m [96mTYLERMASTERY2-[0m[1;96m6[0m [34m🌀 targeting gas giant X1-KU6-C50[0m
[1;2;92m20:22:45[0m [95mTYLERMASTERY2-[0m[1;95m8[0m [34m🌀 targeting gas giant X1-KU6-C50[0m
[1;2;92m20:22:45[0m [2mAsteroid cache: [0m[1;2;36m63[0m[2m candidates loaded[0m
[1;2;92m20:22:45[0m [36mTYLERMASTERY2-[0m[1;36m1[0m [36msell-only → X1-KU6-B47 [0m[1;36m([0m[36mdist [0m[1;36m15[0m[36m, fuel cap [0m[1;36m400[0m[1;36m)[0m
[1;2;92m20:22:45[0m [36mTYLERMASTERY2-[0m[1;36m1[0m [36m⚓ thread started | mining: __SELL_ONLY__ → X1-KU6-B7[0m
[1;2;92m20:22:46[0m [35mTYLERMASTERY2-[0m[1;35m3[0m [36msell-only → X1-KU6-B47 [0m[1;36m([0m[36mdist [0m[1;36m15[0m[36m, fuel cap [0m[1;36m80[0m[1;36m)[0m
[1;2;92m20:22:46[0m [35mTYLERMASTERY2-[0m[1;35m3[0m [36m⚓ thread started | mining: __SELL_ONLY__ → X1-KU6-B7[0m
[1;2;92m20:22:46[0m [34mTYLERMASTERY2-[0m[1;34m5[0m [36msell-only → X1-KU6-B47 [0m[1;36m([0m[36mdist [0m[1;36m15[0m[36m, fuel cap [0m[1;36m600[0m[1;36m)[0m
[1;2;92m20:22:46[0m [34mTYLERMASTERY2-[0m[1;34m5[0m [36m⚓ thread started | mining: IRON → X1-KU6-E56[0m
[1;2;92m20:22:46[0m [95mTYLERMASTERY2-[0m[1;95m8[0m [33mno reachable intermediate waypoint en route to X1-KU6-C50 — will drift[0m
[1;2;92m20:22:46[0m [34mTYLERMASTERY2-[0m[1;34m5[0m [2mpreflight refuel at X1-KU6-B7 [0m[1;2m([0m[2;33mwp[0m[2m=[0m[2;35mX1[0m[2m-KU6-B6, [0m[2;33mfuel[0m[2m=[0m[1;2;36m89[0m[2m/[0m[1;2;36m600[0m[1;2m)[0m
[1;2;92m20:22:46[0m [93mTYLERMASTERY2-[0m[1;93m9[0m [33m⏳ in transit [0m[1;33m([0m[33m~3h 14m[0m[1;33m)[0m[33m...[0m
[1;2;92m20:22:49[0m [96mTYLERMASTERY2-[0m[1;96m6[0m [33m⏳ in transit [0m[1;33m([0m[33m~3h 15m[0m[1;33m)[0m[33m...[0m
[1;2;92m20:22:52[0m [35m💹 TYLERMASTERY2-A: ELECTRONICS X1-KU6-F58→X1-KU6-D53 buy [0m[1;35m2[0m[35m,[0m[1;35m865[0m[35m/u sell [0m[1;35m3[0m[35m,[0m[1;35m046[0m[35m/u [0m[1;35m([0m[35m+[0m[1;35m181[0m[35m/u[0m[1;35m)[0m[35m × 80u = est +[0m[1;35m14[0m[35m,[0m[1;35m480[0m[35m cr[0m
[1;2;92m20:22:52[0m [35m💹 TYLERMASTERY2-B: ELECTRONICS X1-KU6-F58→X1-KU6-D53 buy [0m[1;35m2[0m[35m,[0m[1;35m865[0m[35m/u sell [0m[1;35m3[0m[35m,[0m[1;35m046[0m[35m/u [0m[1;35m([0m[35m+[0m[1;35m181[0m[35m/u[0m[1;35m)[0m[35m × 80u = est +[0m[1;35m14[0m[35m,[0m[1;35m480[0m[35m cr[0m
[1;2;92m20:22:57[0m [34mTYLERMASTERY2-[0m[1;34m5[0m [33mno reachable intermediate waypoint en route to X1-KU6-B7 — will drift[0m
[1;2;92m20:22:58[0m [92mTYLERMASTERY2-[0m[1;92m7[0m [33m⏳ in transit [0m[1;33m([0m[33m~3h 16m[0m[1;33m)[0m[33m...[0m
[1;2;92m20:23:01[0m [95mTYLERMASTERY2-[0m[1;95m8[0m [33m⏳ in transit [0m[1;33m([0m[33m~3h 20m[0m[1;33m)[0m[33m...[0m
[1;2;92m20:23:07[0m 📡 Surveying asteroid for better yields[33m...[0m
[1;2;92m20:23:08[0m [35mTYLERMASTERY2-[0m[1;35m3[0m [33m⏳ in transit [0m[1;33m([0m[33m~2h 22m[0m[1;33m)[0m[33m...[0m
[1;2;92m20:23:09[0m [35m🔭 TYLERMASTERY2-[0m[1;35m4[0m[35m: [0m[1;35m1[0m[35m [0m[1;35msurvey[0m[1;35m([0m[35ms[0m[1;35m)[0m[35m added [0m[1;35m([0m[1;35m0x[0m[35m IRON hits[0m[1;35m)[0m[35m | pool: [0m[1;35m26[0m
[1;2;92m20:23:16[0m [33mTYLERMASTERY2-[0m[1;33m4[0m [33m🌡 cooldown 63s[0m
[1;2;92m20:23:28[0m [2mNo focused survey found, using generic survey[0m
[1;2;92m20:23:29[0m [37mTYLERMASTERY2-A[0m [36m↑ orbiting[0m
[1;2;92m20:23:29[0m [37mTYLERMASTERY2-A[0m [34m🚀 Navigating → X1-KU6-F58[0m
[1;2;92m20:23:33[0m [33mTYLERMASTERY2-[0m[1;33m4[0m [33m🌡 cooldown 45s[0m
[1;2;92m20:23:36[0m [36mTYLERMASTERY2-[0m[1;36m1[0m [33m🌡 cooldown 82s[0m
[1;2;92m20:23:38[0m [34mTYLERMASTERY2-[0m[1;34m5[0m [34m🚀 Navigating → X1-KU6-B7[0m
[1;2;92m20:23:39[0m [37mTYLERMASTERY2-B[0m [36m↑ orbiting[0m
[1;2;92m20:23:39[0m [37mTYLERMASTERY2-B[0m [34m🚀 Navigating → X1-KU6-F58[0m
[1;2;92m20:23:41[0m [37mTYLERMASTERY2-A[0m [33m⏳ in transit [0m[1;33m([0m[33m~1m 21s[0m[1;33m)[0m[33m...[0m
[1;2;92m20:23:43[0m [37mTYLERMASTERY2-B[0m [33m⏳ in transit [0m[1;33m([0m[33m~1m 24s[0m[1;33m)[0m[33m...[0m
[1;2;92m20:23:44[0m [33mTYLERMASTERY2-[0m[1;33m4[0m [33m🌡 cooldown 35s[0m
[3m                          [0m[1;3mFleet Status[0m[3m  [0m[3;32m1,587,656 cr[0m[3m  [0m[2;3m20:23:46[0m[3m                          [0m
                                                                                        
 [1m [0m[1mShip           [0m[1m [0m [1m [0m[1mRole     [0m[1m [0m [1m [0m[1mStatus   [0m[1m [0m [1m [0m[1mLocation  [0m[1m [0m [1m [0m[1m   Fuel[0m[1m [0m [1m [0m[1mCargo[0m[1m [0m [1m [0m[1mETA        [0m[1m [0m 
 ━━━━━━━━━━━━━━━━━━━━━━━━━━━━━━━━━━━━━━━━━━━━━━━━━━━━━━━━━━━━━━━━━━━━━━━━━━━━━━━━━━━━━━ 
 [1m [0m[1;36mTYLERMASTERY2-1[0m[1m [0m  miner       [36m↑ orbit[0m     X1-KU6-B47   385/400   21/40                
 [1m [0m[1;32mTYLERMASTERY2-2[0m[1m [0m  fleet-mgr   [36m↑ orbit[0m     X1-KU6-C51         —     0/0                
 [1m [0m[1;35mTYLERMASTERY2-3[0m[1m [0m  miner       [33m✈ transit[0m   X1-KU6-B7      79/80    0/15   [2m2h22m drift[0m  
 [1m [0m[1;33mTYLERMASTERY2-4[0m[1m [0m  surveyor    [36m↑ orbit[0m     X1-KU6-B46     21/80     0/0                
 [1m [0m[1;34mTYLERMASTERY2-5[0m[1m [0m  hauler      [36m↑ orbit[0m     X1-KU6-B6     89/600   70/80                
 [1m [0m[1;96mTYLERMASTERY2-6[0m[1m [0m  siphoner    [33m✈ transit[0m   X1-KU6-C50     79/80   15/15   [2m3h14m drift[0m  
 [1m [0m[1;92mTYLERMASTERY2-7[0m[1m [0m  siphoner    [33m✈ transit[0m   X1-KU6-C50     79/80   15/15   [2m3h15m drift[0m  
 [1m [0m[1;95mTYLERMASTERY2-8[0m[1m [0m  siphoner    [33m✈ transit[0m   X1-KU6-B7      38/80   15/15   [2m3h19m drift[0m  
 [1m [0m[1;93mTYLERMASTERY2-9[0m[1m [0m  siphoner    [33m✈ transit[0m   X1-KU6-C50     79/80   15/15   [2m3h13m drift[0m  
 [1m [0m[1;37mTYLERMASTERY2-A[0m[1m [0m  trader      [33m✈ transit[0m   X1-KU6-F58   558/600    0/80   1m16s        
 [1m [0m[1;37mTYLERMASTERY2-B[0m[1m [0m  trader      [33m✈ transit[0m   X1-KU6-F58   558/600    0/80   1m21s        
                                                                                        
  Contract: [36m░░░░░░░░░░░░░░░░░░░░░░░░░░░░░░[0m [1;36m0[0m[1m/[0m[1;36m70[0m IRON → X1-KU6-E56 [1m([0m[1;32m0[0m[32m%[0m[1m)[0m
[1;2;92m20:23:46[0m [36mTYLERMASTERY2-[0m[1;36m1[0m [33m🌡 cooldown 72s[0m
[1;2;92m20:23:46[0m [37mTYLERMASTERY2-A[0m [33m⏳ in transit [0m[1;33m([0m[33m~1m 16s[0m[1;33m)[0m[33m...[0m
[1;2;92m20:23:47[0m [93mTYLERMASTERY2-[0m[1;93m9[0m [33m⏳ in transit [0m[1;33m([0m[33m~3h 13m[0m[1;33m)[0m[33m...[0m
[1;2;92m20:23:48[0m [37mTYLERMASTERY2-B[0m [33m⏳ in transit [0m[1;33m([0m[33m~1m 19s[0m[1;33m)[0m[33m...[0m
[1;2;92m20:23:51[0m [96mTYLERMASTERY2-[0m[1;96m6[0m [33m⏳ in transit [0m[1;33m([0m[33m~3h 14m[0m[1;33m)[0m[33m...[0m
[1;2;92m20:23:52[0m [37mTYLERMASTERY2-A[0m [33m⏳ in transit [0m[1;33m([0m[33m~1m 10s[0m[1;33m)[0m[33m...[0m
[1;2;92m20:23:54[0m [37mTYLERMASTERY2-B[0m [33m⏳ in transit [0m[1;33m([0m[33m~1m 13s[0m[1;33m)[0m[33m...[0m
[1;2;92m20:23:54[0m [33mTYLERMASTERY2-[0m[1;33m4[0m [33m🌡 cooldown 24s[0m
[1;2;92m20:23:57[0m [36mTYLERMASTERY2-[0m[1;36m1[0m [33m🌡 cooldown 62s[0m
[1;2;92m20:23:57[0m [37mTYLERMASTERY2-A[0m [33m⏳ in transit [0m[1;33m([0m[33m~1m 5s[0m[1;33m)[0m[33m...[0m
[1;2;92m20:23:59[0m [37mTYLERMASTERY2-B[0m [33m⏳ in transit [0m[1;33m([0m[33m~1m 8s[0m[1;33m)[0m[33m...[0m
[1;2;92m20:24:03[0m [37mTYLERMASTERY2-A[0m [33m⏳ in transit [0m[1;33m([0m[33m~59s[0m[1;33m)[0m[33m...[0m
[1;2;92m20:24:04[0m [37mTYLERMASTERY2-B[0m [33m⏳ in transit [0m[1;33m([0m[33m~1m 2s[0m[1;33m)[0m[33m...[0m
[1;2;92m20:24:06[0m [33mTYLERMASTERY2-[0m[1;33m4[0m [33m🌡 cooldown 12s[0m
[1;2;92m20:24:07[0m [36mTYLERMASTERY2-[0m[1;36m1[0m [33m🌡 cooldown 51s[0m
[1;2;92m20:24:08[0m [37mTYLERMASTERY2-A[0m [33m⏳ in transit [0m[1;33m([0m[33m~54s[0m[1;33m)[0m[33m...[0m
[1;2;92m20:24:10[0m [37mTYLERMASTERY2-B[0m [33m⏳ in transit [0m[1;33m([0m[33m~57s[0m[1;33m)[0m[33m...[0m
[1;2;92m20:24:12[0m [95mTYLERMASTERY2-[0m[1;95m8[0m [33m⏳ in transit [0m[1;33m([0m[33m~3h 19m[0m[1;33m)[0m[33m...[0m
[1;2;92m20:24:15[0m [92mTYLERMASTERY2-[0m[1;92m7[0m [33m⏳ in transit [0m[1;33m([0m[33m~3h 14m[0m[1;33m)[0m[33m...[0m
[1;2;92m20:24:15[0m [37mTYLERMASTERY2-B[0m [33m⏳ in transit [0m[1;33m([0m[33m~51s[0m[1;33m)[0m[33m...[0m
[1;2;92m20:24:16[0m [33mTYLERMASTERY2-[0m[1;33m4[0m [33m🌡 cooldown 2s[0m
[1;2;92m20:24:17[0m [37mTYLERMASTERY2-A[0m [33m⏳ in transit [0m[1;33m([0m[33m~46s[0m[1;33m)[0m[33m...[0m
[1;2;92m20:24:18[0m [36mTYLERMASTERY2-[0m[1;36m1[0m [33m🌡 cooldown 41s[0m
[1;2;92m20:24:19[0m [35mTYLERMASTERY2-[0m[1;35m3[0m [33m⏳ in transit [0m[1;33m([0m[33m~2h 21m[0m[1;33m)[0m[33m...[0m
[1;2;92m20:24:28[0m [36mTYLERMASTERY2-[0m[1;36m1[0m [33m🌡 cooldown 30s[0m
[1;2;92m20:24:31[0m [37mTYLERMASTERY2-A[0m [33m⏳ in transit [0m[1;33m([0m[33m~32s[0m[1;33m)[0m[33m...[0m
[1;2;92m20:24:32[0m [37mTYLERMASTERY2-B[0m [33m⏳ in transit [0m[1;33m([0m[33m~34s[0m[1;33m)[0m[33m...[0m
[1;2;92m20:24:39[0m [37mTYLERMASTERY2-B[0m [33m⏳ in transit [0m[1;33m([0m[33m~27s[0m[1;33m)[0m[33m...[0m
[1;2;92m20:24:41[0m [37mTYLERMASTERY2-A[0m [33m⏳ in transit [0m[1;33m([0m[33m~22s[0m[1;33m)[0m[33m...[0m
[1;2;92m20:24:41[0m [36mTYLERMASTERY2-[0m[1;36m1[0m [33m🌡 cooldown 17s[0m
[1;2;92m20:24:44[0m [35m🔭 TYLERMASTERY2-[0m[1;35m4[0m[35m: [0m[1;35m1[0m[35m [0m[1;35msurvey[0m[1;35m([0m[35ms[0m[1;35m)[0m[35m added [0m[1;35m([0m[1;35m0x[0m[35m IRON hits[0m[1;35m)[0m[35m | pool: [0m[1;35m25[0m
[1;2;92m20:24:45[0m [33mTYLERMASTERY2-[0m[1;33m4[0m [33m🌡 cooldown 69s[0m
[1;2;92m20:24:45[0m [37mTYLERMASTERY2-B[0m [33m⏳ in transit [0m[1;33m([0m[33m~22s[0m[1;33m)[0m[33m...[0m
[1;2;92m20:24:46[0m [37mTYLERMASTERY2-A[0m [33m⏳ in transit [0m[1;33m([0m[33m~16s[0m[1;33m)[0m[33m...[0m
[3m                          [0m[1;3mFleet Status[0m[3m  [0m[3;32m1,587,656 cr[0m[3m  [0m[2;3m20:24:47[0m[3m                          [0m
                                                                                        
 [1m [0m[1mShip           [0m[1m [0m [1m [0m[1mRole     [0m[1m [0m [1m [0m[1mStatus   [0m[1m [0m [1m [0m[1mLocation  [0m[1m [0m [1m [0m[1m   Fuel[0m[1m [0m [1m [0m[1mCargo[0m[1m [0m [1m [0m[1mETA        [0m[1m [0m 
 ━━━━━━━━━━━━━━━━━━━━━━━━━━━━━━━━━━━━━━━━━━━━━━━━━━━━━━━━━━━━━━━━━━━━━━━━━━━━━━━━━━━━━━ 
 [1m [0m[1;36mTYLERMASTERY2-1[0m[1m [0m  miner       [36m↑ orbit[0m     X1-KU6-B47   385/400   21/40                
 [1m [0m[1;32mTYLERMASTERY2-2[0m[1m [0m  fleet-mgr   [36m↑ orbit[0m     X1-KU6-C51         —     0/0                
 [1m [0m[1;35mTYLERMASTERY2-3[0m[1m [0m  miner       [33m✈ transit[0m   X1-KU6-B7      79/80    0/15   [2m2h21m drift[0m  
 [1m [0m[1;33mTYLERMASTERY2-4[0m[1m [0m  surveyor    [36m↑ orbit[0m     X1-KU6-B46     21/80     0/0                
 [1m [0m[1;34mTYLERMASTERY2-5[0m[1m [0m  hauler      [36m↑ orbit[0m     X1-KU6-B6     89/600   70/80                
 [1m [0m[1;96mTYLERMASTERY2-6[0m[1m [0m  siphoner    [33m✈ transit[0m   X1-KU6-C50     79/80   15/15   [2m3h13m drift[0m  
 [1m [0m[1;92mTYLERMASTERY2-7[0m[1m [0m  siphoner    [33m✈ transit[0m   X1-KU6-C50     79/80   15/15   [2m3h14m drift[0m  
 [1m [0m[1;95mTYLERMASTERY2-8[0m[1m [0m  siphoner    [33m✈ transit[0m   X1-KU6-B7      38/80   15/15   [2m3h18m drift[0m  
 [1m [0m[1;93mTYLERMASTERY2-9[0m[1m [0m  siphoner    [33m✈ transit[0m   X1-KU6-C50     79/80   15/15   [2m3h12m drift[0m  
 [1m [0m[1;37mTYLERMASTERY2-A[0m[1m [0m  trader      [33m✈ transit[0m   X1-KU6-F58   558/600    0/80   15s          
 [1m [0m[1;37mTYLERMASTERY2-B[0m[1m [0m  trader      [33m✈ transit[0m   X1-KU6-F58   558/600    0/80   20s          
                                                                                        
  Contract: [36m░░░░░░░░░░░░░░░░░░░░░░░░░░░░░░[0m [1;36m0[0m[1m/[0m[1;36m70[0m IRON → X1-KU6-E56 [1m([0m[1;32m0[0m[32m%[0m[1m)[0m
[1;2;92m20:24:47[0m [32mTYLERMASTERY2-[0m[1;32m2[0m [34m🚀 Navigating → X1-KU6-A2[0m
[1;2;92m20:24:48[0m [32mTYLERMASTERY2-[0m[1;32m2[0m [33m⏳ in transit [0m[1;33m([0m[33m~8m 21s[0m[1;33m)[0m[33m...[0m
[1;2;92m20:24:50[0m [37mTYLERMASTERY2-B[0m [33m⏳ in transit [0m[1;33m([0m[33m~17s[0m[1;33m)[0m[33m...[0m
[1;2;92m20:24:51[0m [93mTYLERMASTERY2-[0m[1;93m9[0m [33m⏳ in transit [0m[1;33m([0m[33m~3h 12m[0m[1;33m)[0m[33m...[0m
[1;2;92m20:24:51[0m [37mTYLERMASTERY2-A[0m [33m⏳ in transit [0m[1;33m([0m[33m~11s[0m[1;33m)[0m[33m...[0m
[1;2;92m20:24:52[0m [36mTYLERMASTERY2-[0m[1;36m1[0m [33m🌡 cooldown 6s[0m
[1;2;92m20:24:57[0m [33mTYLERMASTERY2-[0m[1;33m4[0m [33m🌡 cooldown 57s[0m
[1;2;92m20:24:57[0m [37mTYLERMASTERY2-A[0m [33m⏳ in transit [0m[1;33m([0m[33m~5s[0m[1;33m)[0m[33m...[0m
[1;2;92m20:25:00[0m [37mTYLERMASTERY2-B[0m [33m⏳ in transit [0m[1;33m([0m[33m~7s[0m[1;33m)[0m[33m...[0m
[1;2;92m20:25:02[0m [37mTYLERMASTERY2-A[0m [32m✓[0m arrived at [1mX1-KU6-F58[0m
[1;2;92m20:25:03[0m   [36mTYLERMASTERY2-[0m[1;36m1[0m: 5x AMMONIA_ICE | __SELL_ONLY__: [1;36m0[0m | Cargo: [1;36m26[0m/[1;36m40[0m | CD: 80s
[1;2;92m20:25:06[0m [96mTYLERMASTERY2-[0m[1;96m6[0m [33m⏳ in transit [0m[1;33m([0m[33m~3h 13m[0m[1;33m)[0m[33m...[0m
[1;2;92m20:25:07[0m [33mTYLERMASTERY2-[0m[1;33m4[0m [33m🌡 cooldown 46s[0m
[1;2;92m20:25:08[0m [37mTYLERMASTERY2-B[0m [32m✓[0m arrived at [1mX1-KU6-F58[0m
[1;2;92m20:25:11[0m [36mTYLERMASTERY2-[0m[1;36m1[0m [33m🌡 cooldown 68s[0m
[1;2;92m20:25:13[0m [34mTYLERMASTERY2-[0m[1;34m5[0m [33m⚠ insufficient fuel for X1-KU6-B7 — attempting local refuel[0m
[1;2;92m20:25:17[0m [92mTYLERMASTERY2-[0m[1;92m7[0m [33m⏳ in transit [0m[1;33m([0m[33m~3h 13m[0m[1;33m)[0m[33m...[0m
[1;2;92m20:25:18[0m [37mTYLERMASTERY2-A[0m [36m⚓ docked[0m
[1;2;92m20:25:19[0m [34mTYLERMASTERY2-[0m[1;34m5[0m [36m⚓ docked[0m
[1;2;92m20:25:23[0m [35mTYLERMASTERY2-[0m[1;35m3[0m [33m⏳ in transit [0m[1;33m([0m[33m~2h 20m[0m[1;33m)[0m[33m...[0m
[1;2;92m20:25:24[0m [32m⛽ Refueled to [0m[1;32m600[0m[32m/[0m[1;32m600[0m
[1;2;92m20:25:25[0m [33mTYLERMASTERY2-[0m[1;33m4[0m [33m🌡 cooldown 29s[0m
[1;2;92m20:25:26[0m [95mTYLERMASTERY2-[0m[1;95m8[0m [33m⏳ in transit [0m[1;33m([0m[33m~3h 17m[0m[1;33m)[0m[33m...[0m
[1;2;92m20:25:30[0m [32m⛽ Refueled to [0m[1;32m600[0m[32m/[0m[1;32m600[0m
[1;2;92m20:25:31[0m [37mTYLERMASTERY2-B[0m [36m⚓ docked[0m
[1;2;92m20:25:31[0m [2mTYLERMASTERY2-A: ELECTRONICS live buy [0m[1;2;36m2[0m[2m,[0m[1;2;36m184[0m[2m/u [0m[1;2m([0m[2mwas [0m[1;2;36m2[0m[2m,[0m[1;2;36m865[0m[2m cached[0m[1;2m)[0m[2m, margin [0m[1;2;36m862[0m[2m/u[0m
[1;2;92m20:25:34[0m [32m⛽ Refueled to [0m[1;32m600[0m[32m/[0m[1;32m600[0m
[1;2;92m20:25:37[0m [36mTYLERMASTERY2-[0m[1;36m1[0m [33m🌡 cooldown 43s[0m
[1;2;92m20:25:37[0m [33mTYLERMASTERY2-[0m[1;33m4[0m [33m🌡 cooldown 17s[0m
[1;2;92m20:25:39[0m [2mTYLERMASTERY2-B: ELECTRONICS live buy [0m[1;2;36m2[0m[2m,[0m[1;2;36m184[0m[2m/u [0m[1;2m([0m[2mwas [0m[1;2;36m2[0m[2m,[0m[1;2;36m865[0m[2m cached[0m[1;2m)[0m[2m, margin [0m[1;2;36m862[0m[2m/u[0m
[1;2;92m20:25:45[0m [34mTYLERMASTERY2-[0m[1;34m5[0m [33m⏳ in transit [0m[1;33m([0m[33m~4m 46s[0m[1;33m)[0m[33m...[0m
[1;2;92m20:25:47[0m [36mTYLERMASTERY2-[0m[1;36m1[0m [33m🌡 cooldown 32s[0m
[1;2;92m20:25:47[0m [33mTYLERMASTERY2-[0m[1;33m4[0m [33m🌡 cooldown 6s[0m
[3m                          [0m[1;3mFleet Status[0m[3m  [0m[3;32m1,587,080 cr[0m[3m  [0m[2;3m20:25:48[0m[3m                          [0m
                                                                                        
 [1m [0m[1mShip           [0m[1m [0m [1m [0m[1mRole     [0m[1m [0m [1m [0m[1mStatus   [0m[1m [0m [1m [0m[1mLocation  [0m[1m [0m [1m [0m[1m   Fuel[0m[1m [0m [1m [0m[1mCargo[0m[1m [0m [1m [0m[1mETA        [0m[1m [0m 
 ━━━━━━━━━━━━━━━━━━━━━━━━━━━━━━━━━━━━━━━━━━━━━━━━━━━━━━━━━━━━━━━━━━━━━━━━━━━━━━━━━━━━━━ 
 [1m [0m[1;36mTYLERMASTERY2-1[0m[1m [0m  miner       [36m↑ orbit[0m     X1-KU6-B47   385/400   26/40                
 [1m [0m[1;32mTYLERMASTERY2-2[0m[1m [0m  fleet-mgr   [33m✈ transit[0m   X1-KU6-A2          —     0/0   7m21s        
 [1m [0m[1;35mTYLERMASTERY2-3[0m[1m [0m  miner       [33m✈ transit[0m   X1-KU6-B7      79/80    0/15   [2m2h20m drift[0m  
 [1m [0m[1;33mTYLERMASTERY2-4[0m[1m [0m  surveyor    [36m↑ orbit[0m     X1-KU6-B46     21/80     0/0                
 [1m [0m[1;34mTYLERMASTERY2-5[0m[1m [0m  hauler      [33m✈ transit[0m   X1-KU6-B7    437/600   70/80   4m43s        
 [1m [0m[1;96mTYLERMASTERY2-6[0m[1m [0m  siphoner    [33m✈ transit[0m   X1-KU6-C50     79/80   15/15   [2m3h12m drift[0m  
 [1m [0m[1;92mTYLERMASTERY2-7[0m[1m [0m  siphoner    [33m✈ transit[0m   X1-KU6-C50     79/80   15/15   [2m3h13m drift[0m  
 [1m [0m[1;95mTYLERMASTERY2-8[0m[1m [0m  siphoner    [33m✈ transit[0m   X1-KU6-B7      38/80   15/15   [2m3h17m drift[0m  
 [1m [0m[1;93mTYLERMASTERY2-9[0m[1m [0m  siphoner    [33m✈ transit[0m   X1-KU6-C50     79/80   15/15   [2m3h11m drift[0m  
 [1m [0m[1;37mTYLERMASTERY2-A[0m[1m [0m  trader      [32m⚓ docked[0m   X1-KU6-F58   600/600    0/80                
 [1m [0m[1;37mTYLERMASTERY2-B[0m[1m [0m  trader      [32m⚓ docked[0m   X1-KU6-F58   600/600    0/80                
                                                                                        
  Contract: [36m░░░░░░░░░░░░░░░░░░░░░░░░░░░░░░[0m [1;36m0[0m[1m/[0m[1;36m70[0m IRON → X1-KU6-E56 [1m([0m[1;32m0[0m[32m%[0m[1m)[0m
[1;2;92m20:25:52[0m [93mTYLERMASTERY2-[0m[1;93m9[0m [33m⏳ in transit [0m[1;33m([0m[33m~3h 11m[0m[1;33m)[0m[33m...[0m
[1;2;92m20:25:54[0m [35m🔭 TYLERMASTERY2-[0m[1;35m4[0m[35m: [0m[1;35m1[0m[35m [0m[1;35msurvey[0m[1;35m([0m[35ms[0m[1;35m)[0m[35m added [0m[1;35m([0m[1;35m0x[0m[35m IRON hits[0m[1;35m)[0m[35m | pool: [0m[1;35m25[0m
[1;2;92m20:25:55[0m [33mTYLERMASTERY2-[0m[1;33m4[0m [33m🌡 cooldown 69s[0m
[1;2;92m20:25:55[0m [32mTYLERMASTERY2-[0m[1;32m2[0m [33m⏳ in transit [0m[1;33m([0m[33m~7m 14s[0m[1;33m)[0m[33m...[0m
[1;2;92m20:25:57[0m [36mTYLERMASTERY2-[0m[1;36m1[0m [33m🌡 cooldown 22s[0m
[1;2;92m20:26:07[0m [33mTYLERMASTERY2-[0m[1;33m4[0m [33m🌡 cooldown 57s[0m
[1;2;92m20:26:08[0m [36mTYLERMASTERY2-[0m[1;36m1[0m [33m🌡 cooldown 11s[0m
[1;2;92m20:26:18[0m [92mTYLERMASTERY2-[0m[1;92m7[0m [33m⏳ in transit [0m[1;33m([0m[33m~3h 12m[0m[1;33m)[0m[33m...[0m
[1;2;92m20:26:20[0m [96mTYLERMASTERY2-[0m[1;96m6[0m [33m⏳ in transit [0m[1;33m([0m[33m~3h 12m[0m[1;33m)[0m[33m...[0m
[1;2;92m20:26:24[0m [33mTYLERMASTERY2-[0m[1;33m4[0m [33m🌡 cooldown 39s[0m
[1;2;92m20:26:27[0m [95mTYLERMASTERY2-[0m[1;95m8[0m [33m⏳ in transit [0m[1;33m([0m[33m~3h 16m[0m[1;33m)[0m[33m...[0m
[1;2;92m20:26:28[0m [35mTYLERMASTERY2-[0m[1;35m3[0m [33m⏳ in transit [0m[1;33m([0m[33m~2h 19m[0m[1;33m)[0m[33m...[0m
[1;2;92m20:26:28[0m   [36mTYLERMASTERY2-[0m[1;36m1[0m: 7x SILICON_CRYSTALS | __SELL_ONLY__: [1;36m0[0m | Cargo: [1;36m33[0m/[1;36m40[0m | CD: 80s
[1;2;92m20:26:37[0m [36mTYLERMASTERY2-[0m[1;36m1[0m [33m🌡 cooldown 66s[0m
[1;2;92m20:26:38[0m [33mTYLERMASTERY2-[0m[1;33m4[0m [33m🌡 cooldown 26s[0m
[1;2;92m20:26:46[0m [34mTYLERMASTERY2-[0m[1;34m5[0m [33m⏳ in transit [0m[1;33m([0m[33m~3m 45s[0m[1;33m)[0m[33m...[0m
[1;2;92m20:26:48[0m [36mTYLERMASTERY2-[0m[1;36m1[0m [33m🌡 cooldown 56s[0m
[1;2;92m20:26:48[0m [33mTYLERMASTERY2-[0m[1;33m4[0m [33m🌡 cooldown 15s[0m
[3m                          [0m[1;3mFleet Status[0m[3m  [0m[3;32m1,587,080 cr[0m[3m  [0m[2;3m20:26:49[0m[3m                          [0m
                                                                                        
 [1m [0m[1mShip           [0m[1m [0m [1m [0m[1mRole     [0m[1m [0m [1m [0m[1mStatus   [0m[1m [0m [1m [0m[1mLocation  [0m[1m [0m [1m [0m[1m   Fuel[0m[1m [0m [1m [0m[1mCargo[0m[1m [0m [1m [0m[1mETA        [0m[1m [0m 
 ━━━━━━━━━━━━━━━━━━━━━━━━━━━━━━━━━━━━━━━━━━━━━━━━━━━━━━━━━━━━━━━━━━━━━━━━━━━━━━━━━━━━━━ 
 [1m [0m[1;36mTYLERMASTERY2-1[0m[1m [0m  miner       [36m↑ orbit[0m     X1-KU6-B47   385/400   33/40                
 [1m [0m[1;32mTYLERMASTERY2-2[0m[1m [0m  fleet-mgr   [33m✈ transit[0m   X1-KU6-A2          —     0/0   6m20s        
 [1m [0m[1;35mTYLERMASTERY2-3[0m[1m [0m  miner       [33m✈ transit[0m   X1-KU6-B7      79/80    0/15   [2m2h19m drift[0m  
 [1m [0m[1;33mTYLERMASTERY2-4[0m[1m [0m  surveyor    [36m↑ orbit[0m     X1-KU6-B46     21/80     0/0                
 [1m [0m[1;34mTYLERMASTERY2-5[0m[1m [0m  hauler      [33m✈ transit[0m   X1-KU6-B7    437/600   70/80   3m42s        
 [1m [0m[1;96mTYLERMASTERY2-6[0m[1m [0m  siphoner    [33m✈ transit[0m   X1-KU6-C50     79/80   15/15   [2m3h11m drift[0m  
 [1m [0m[1;92mTYLERMASTERY2-7[0m[1m [0m  siphoner    [33m✈ transit[0m   X1-KU6-C50     79/80   15/15   [2m3h12m drift[0m  
 [1m [0m[1;95mTYLERMASTERY2-8[0m[1m [0m  siphoner    [33m✈ transit[0m   X1-KU6-B7      38/80   15/15   [2m3h16m drift[0m  
 [1m [0m[1;93mTYLERMASTERY2-9[0m[1m [0m  siphoner    [33m✈ transit[0m   X1-KU6-C50     79/80   15/15   [2m3h10m drift[0m  
 [1m [0m[1;37mTYLERMASTERY2-A[0m[1m [0m  trader      [32m⚓ docked[0m   X1-KU6-F58   600/600    0/80                
 [1m [0m[1;37mTYLERMASTERY2-B[0m[1m [0m  trader      [32m⚓ docked[0m   X1-KU6-F58   600/600    0/80                
                                                                                        
  Contract: [36m░░░░░░░░░░░░░░░░░░░░░░░░░░░░░░[0m [1;36m0[0m[1m/[0m[1;36m70[0m IRON → X1-KU6-E56 [1m([0m[1;32m0[0m[32m%[0m[1m)[0m
[1;2;92m20:26:53[0m [93mTYLERMASTERY2-[0m[1;93m9[0m [33m⏳ in transit [0m[1;33m([0m[33m~3h 10m[0m[1;33m)[0m[33m...[0m
[1;2;92m20:26:56[0m [32mTYLERMASTERY2-[0m[1;32m2[0m [33m⏳ in transit [0m[1;33m([0m[33m~6m 13s[0m[1;33m)[0m[33m...[0m
[1;2;92m20:26:58[0m [36mTYLERMASTERY2-[0m[1;36m1[0m [33m🌡 cooldown 45s[0m
[1;2;92m20:26:58[0m [33mTYLERMASTERY2-[0m[1;33m4[0m [33m🌡 cooldown 5s[0m
[1;2;92m20:27:02[0m [37mTYLERMASTERY2-A[0m [2madjusting batch size to [0m[1;2;36m43[0m[2m/tx for ELECTRONICS[0m
[1;2;92m20:27:03[0m [35m🛒 TYLERMASTERY2-A: bought 43x ELECTRONICS @ [0m[1;35m2[0m[35m,[0m[1;35m184[0m[35m/u | Credits: [0m[1;35m1[0m[35m,[0m[1;35m493[0m[35m,[0m[1;35m942[0m
[1;2;92m20:27:03[0m [35m🛒 TYLERMASTERY2-A: bought 37x ELECTRONICS @ [0m[1;35m2[0m[35m,[0m[1;35m184[0m[35m/u | Credits: [0m[1;35m1[0m[35m,[0m[1;35m406[0m[35m,[0m[1;35m548[0m
[1;2;92m20:27:05[0m [37mTYLERMASTERY2-B[0m [2madjusting batch size to [0m[1;2;36m43[0m[2m/tx for ELECTRONICS[0m
[1;2;92m20:27:07[0m [35m🛒 TYLERMASTERY2-B: bought 43x ELECTRONICS @ [0m[1;35m2[0m[35m,[0m[1;35m184[0m[35m/u | Credits: [0m[1;35m1[0m[35m,[0m[1;35m296[0m[35m,[0m[1;35m210[0m
[1;2;92m20:27:10[0m [35m🛒 TYLERMASTERY2-B: bought 37x ELECTRONICS @ [0m[1;35m2[0m[35m,[0m[1;35m184[0m[35m/u | Credits: [0m[1;35m1[0m[35m,[0m[1;35m190[0m[35m,[0m[1;35m612[0m
[1;2;92m20:27:13[0m [35m🔭 TYLERMASTERY2-[0m[1;35m4[0m[35m: [0m[1;35m1[0m[35m [0m[1;35msurvey[0m[1;35m([0m[35ms[0m[1;35m)[0m[35m added [0m[1;35m([0m[1;35m0x[0m[35m IRON hits[0m[1;35m)[0m[35m | pool: [0m[1;35m26[0m
[1;2;92m20:27:13[0m [36mTYLERMASTERY2-[0m[1;36m1[0m [33m🌡 cooldown 30s[0m
[1;2;92m20:27:17[0m [37mTYLERMASTERY2-B[0m [36m↑ orbiting[0m
[1;2;92m20:27:17[0m [37mTYLERMASTERY2-B[0m [34m🚀 Navigating → X1-KU6-D53[0m
[1;2;92m20:27:22[0m [92mTYLERMASTERY2-[0m[1;92m7[0m [33m⏳ in transit [0m[1;33m([0m[33m~3h 11m[0m[1;33m)[0m[33m...[0m
[1;2;92m20:27:23[0m [37mTYLERMASTERY2-B[0m [33m⏳ in transit [0m[1;33m([0m[33m~2m 49s[0m[1;33m)[0m[33m...[0m
[1;2;92m20:27:28[0m [37mTYLERMASTERY2-A[0m [36m↑ orbiting[0m
[1;2;92m20:27:28[0m [37mTYLERMASTERY2-A[0m [34m🚀 Navigating → X1-KU6-D53[0m
[1;2;92m20:27:31[0m [95mTYLERMASTERY2-[0m[1;95m8[0m [33m⏳ in transit [0m[1;33m([0m[33m~3h 15m[0m[1;33m)[0m[33m...[0m
[1;2;92m20:27:31[0m [36mTYLERMASTERY2-[0m[1;36m1[0m [33m🌡 cooldown 13s[0m
[1;2;92m20:27:33[0m [96mTYLERMASTERY2-[0m[1;96m6[0m [33m⏳ in transit [0m[1;33m([0m[33m~3h 10m[0m[1;33m)[0m[33m...[0m
[1;2;92m20:27:36[0m [35mTYLERMASTERY2-[0m[1;35m3[0m [33m⏳ in transit [0m[1;33m([0m[33m~2h 18m[0m[1;33m)[0m[33m...[0m
[1;2;92m20:27:37[0m [33mTYLERMASTERY2-[0m[1;33m4[0m [33m🌡 cooldown 45s[0m
[1;2;92m20:27:45[0m   [36mTYLERMASTERY2-[0m[1;36m1[0m: 4x AMMONIA_ICE | __SELL_ONLY__: [1;36m0[0m | Cargo: [1;36m37[0m/[1;36m40[0m | CD: 80s
[1;2;92m20:27:45[0m [37mTYLERMASTERY2-A[0m [33m⏳ in transit [0m[1;33m([0m[33m~2m 44s[0m[1;33m)[0m[33m...[0m
[1;2;92m20:27:46[0m [36mTYLERMASTERY2-[0m[1;36m1[0m [34m🚀 Navigating → X1-KU6-B7[0m
[1;2;92m20:27:47[0m [36mTYLERMASTERY2-[0m[1;36m1[0m [33m⏳ in transit [0m[1;33m([0m[33m~25s[0m[1;33m)[0m[33m...[0m
[1;2;92m20:27:47[0m [33mTYLERMASTERY2-[0m[1;33m4[0m [33m🌡 cooldown 35s[0m
[3m                          [0m[1;3mFleet Status[0m[3m  [0m[3;32m1,190,612 cr[0m[3m  [0m[2;3m20:27:50[0m[3m                          [0m
                                                                                        
 [1m [0m[1mShip           [0m[1m [0m [1m [0m[1mRole     [0m[1m [0m [1m [0m[1mStatus   [0m[1m [0m [1m [0m[1mLocation  [0m[1m [0m [1m [0m[1m   Fuel[0m[1m [0m [1m [0m[1mCargo[0m[1m [0m [1m [0m[1mETA        [0m[1m [0m 
 ━━━━━━━━━━━━━━━━━━━━━━━━━━━━━━━━━━━━━━━━━━━━━━━━━━━━━━━━━━━━━━━━━━━━━━━━━━━━━━━━━━━━━━ 
 [1m [0m[1;36mTYLERMASTERY2-1[0m[1m [0m  miner       [33m✈ transit[0m   X1-KU6-B7    370/400   37/40   22s          
 [1m [0m[1;32mTYLERMASTERY2-2[0m[1m [0m  fleet-mgr   [33m✈ transit[0m   X1-KU6-A2          —     0/0   5m19s        
 [1m [0m[1;35mTYLERMASTERY2-3[0m[1m [0m  miner       [33m✈ transit[0m   X1-KU6-B7      79/80    0/15   [2m2h18m drift[0m  
 [1m [0m[1;33mTYLERMASTERY2-4[0m[1m [0m  surveyor    [36m↑ orbit[0m     X1-KU6-B46     21/80     0/0                
 [1m [0m[1;34mTYLERMASTERY2-5[0m[1m [0m  hauler      [33m✈ transit[0m   X1-KU6-B7    437/600   70/80   2m41s        
 [1m [0m[1;96mTYLERMASTERY2-6[0m[1m [0m  siphoner    [33m✈ transit[0m   X1-KU6-C50     79/80   15/15   [2m3h10m drift[0m  
 [1m [0m[1;92mTYLERMASTERY2-7[0m[1m [0m  siphoner    [33m✈ transit[0m   X1-KU6-C50     79/80   15/15   [2m3h11m drift[0m  
 [1m [0m[1;95mTYLERMASTERY2-8[0m[1m [0m  siphoner    [33m✈ transit[0m   X1-KU6-B7      38/80   15/15   [2m3h15m drift[0m  
 [1m [0m[1;93mTYLERMASTERY2-9[0m[1m [0m  siphoner    [33m✈ transit[0m   X1-KU6-C50     79/80   15/15   [2m3h9m drift[0m   
 [1m [0m[1;37mTYLERMASTERY2-A[0m[1m [0m  trader      [33m✈ transit[0m   X1-KU6-D53   505/600   80/80   2m39s        
 [1m [0m[1;37mTYLERMASTERY2-B[0m[1m [0m  trader      [33m✈ transit[0m   X1-KU6-D53   505/600   80/80   2m22s        
                                                                                        
  Contract: [36m░░░░░░░░░░░░░░░░░░░░░░░░░░░░░░[0m [1;36m0[0m[1m/[0m[1;36m70[0m IRON → X1-KU6-E56 [1m([0m[1;32m0[0m[32m%[0m[1m)[0m
[1;2;92m20:27:53[0m [36mTYLERMASTERY2-[0m[1;36m1[0m [33m⏳ in transit [0m[1;33m([0m[33m~20s[0m[1;33m)[0m[33m...[0m
[1;2;92m20:27:57[0m [93mTYLERMASTERY2-[0m[1;93m9[0m [33m⏳ in transit [0m[1;33m([0m[33m~3h 9m[0m[1;33m)[0m[33m...[0m
[1;2;92m20:27:57[0m [34mTYLERMASTERY2-[0m[1;34m5[0m [33m⏳ in transit [0m[1;33m([0m[33m~2m 34s[0m[1;33m)[0m[33m...[0m
[1;2;92m20:27:58[0m [33mTYLERMASTERY2-[0m[1;33m4[0m [33m🌡 cooldown 24s[0m
[1;2;92m20:27:58[0m [36mTYLERMASTERY2-[0m[1;36m1[0m [33m⏳ in transit [0m[1;33m([0m[33m~14s[0m[1;33m)[0m[33m...[0m
[1;2;92m20:28:00[0m [32mTYLERMASTERY2-[0m[1;32m2[0m [33m⏳ in transit [0m[1;33m([0m[33m~5m 9s[0m[1;33m)[0m[33m...[0m
[1;2;92m20:28:05[0m [36mTYLERMASTERY2-[0m[1;36m1[0m [33m⏳ in transit [0m[1;33m([0m[33m~7s[0m[1;33m)[0m[33m...[0m
[1;2;92m20:28:08[0m [33mTYLERMASTERY2-[0m[1;33m4[0m [33m🌡 cooldown 14s[0m
[1;2;92m20:28:12[0m [36mTYLERMASTERY2-[0m[1;36m1[0m [32m✓[0m arrived at [1mX1-KU6-B7[0m
[1;2;92m20:28:14[0m [36mTYLERMASTERY2-[0m[1;36m1[0m [36m⚓ docked[0m
[1;2;92m20:28:19[0m [33mTYLERMASTERY2-[0m[1;33m4[0m [33m🌡 cooldown 4s[0m
[1;2;92m20:28:24[0m [92mTYLERMASTERY2-[0m[1;92m7[0m [33m⏳ in transit [0m[1;33m([0m[33m~3h 10m[0m[1;33m)[0m[33m...[0m
[1;2;92m20:28:25[0m [37mTYLERMASTERY2-B[0m [33m⏳ in transit [0m[1;33m([0m[33m~1m 47s[0m[1;33m)[0m[33m...[0m
[1;2;92m20:28:28[0m [35m🔭 TYLERMASTERY2-[0m[1;35m4[0m[35m: [0m[1;35m1[0m[35m [0m[1;35msurvey[0m[1;35m([0m[35ms[0m[1;35m)[0m[35m added [0m[1;35m([0m[1;35m0x[0m[35m IRON hits[0m[1;35m)[0m[35m | pool: [0m[1;35m27[0m
[1;2;92m20:28:31[0m [34mTYLERMASTERY2-[0m[1;34m5[0m [33m⏳ in transit [0m[1;33m([0m[33m~1m 59s[0m[1;33m)[0m[33m...[0m
[1;2;92m20:28:33[0m [95mTYLERMASTERY2-[0m[1;95m8[0m [33m⏳ in transit [0m[1;33m([0m[33m~3h 14m[0m[1;33m)[0m[33m...[0m
[1;2;92m20:28:35[0m [33mTYLERMASTERY2-[0m[1;33m4[0m [33m🌡 cooldown 63s[0m
[1;2;92m20:28:36[0m [37mTYLERMASTERY2-B[0m [33m⏳ in transit [0m[1;33m([0m[33m~1m 36s[0m[1;33m)[0m[33m...[0m
[1;2;92m20:28:37[0m [34mTYLERMASTERY2-[0m[1;34m5[0m [33m⏳ in transit [0m[1;33m([0m[33m~1m 54s[0m[1;33m)[0m[33m...[0m
[1;2;92m20:28:37[0m [32m⛽ Refueled to [0m[1;32m400[0m[32m/[0m[1;32m400[0m
[1;2;92m20:28:38[0m [96mTYLERMASTERY2-[0m[1;96m6[0m [33m⏳ in transit [0m[1;33m([0m[33m~3h 9m[0m[1;33m)[0m[33m...[0m
[1;2;92m20:28:42[0m [37mTYLERMASTERY2-B[0m [33m⏳ in transit [0m[1;33m([0m[33m~1m 30s[0m[1;33m)[0m[33m...[0m
[1;2;92m20:28:44[0m [34mTYLERMASTERY2-[0m[1;34m5[0m [33m⏳ in transit [0m[1;33m([0m[33m~1m 47s[0m[1;33m)[0m[33m...[0m
[1;2;92m20:28:45[0m [33mTYLERMASTERY2-[0m[1;33m4[0m [33m🌡 cooldown 52s[0m
[1;2;92m20:28:45[0m [35mTYLERMASTERY2-[0m[1;35m3[0m [33m⏳ in transit [0m[1;33m([0m[33m~2h 17m[0m[1;33m)[0m[33m...[0m
[1;2;92m20:28:46[0m [37mTYLERMASTERY2-A[0m [33m⏳ in transit [0m[1;33m([0m[33m~1m 44s[0m[1;33m)[0m[33m...[0m
[1;2;92m20:28:47[0m [32m💰 Sold 13x AMMONIA_ICE @ [0m[1;32m38[0m[32m/u = [0m[1;32m494[0m[32m cr[0m
[1;2;92m20:28:47[0m [37mTYLERMASTERY2-B[0m [33m⏳ in transit [0m[1;33m([0m[33m~1m 25s[0m[1;33m)[0m[33m...[0m
[1;2;92m20:28:47[0m [32m💰 Sold 24x SILICON_CRYSTALS @ [0m[1;32m33[0m[32m/u = [0m[1;32m792[0m[32m cr[0m
[1;2;92m20:28:49[0m [34mTYLERMASTERY2-[0m[1;34m5[0m [33m⏳ in transit [0m[1;33m([0m[33m~1m 42s[0m[1;33m)[0m[33m...[0m
[3m                          [0m[1;3mFleet Status[0m[3m  [0m[3;32m1,191,824 cr[0m[3m  [0m[2;3m20:28:51[0m[3m                          [0m
                                                                                        
 [1m [0m[1mShip           [0m[1m [0m [1m [0m[1mRole     [0m[1m [0m [1m [0m[1mStatus   [0m[1m [0m [1m [0m[1mLocation  [0m[1m [0m [1m [0m[1m   Fuel[0m[1m [0m [1m [0m[1mCargo[0m[1m [0m [1m [0m[1mETA        [0m[1m [0m 
 ━━━━━━━━━━━━━━━━━━━━━━━━━━━━━━━━━━━━━━━━━━━━━━━━━━━━━━━━━━━━━━━━━━━━━━━━━━━━━━━━━━━━━━ 
 [1m [0m[1;36mTYLERMASTERY2-1[0m[1m [0m  miner       [32m⚓ docked[0m   X1-KU6-B7    400/400    0/40                
 [1m [0m[1;32mTYLERMASTERY2-2[0m[1m [0m  fleet-mgr   [33m✈ transit[0m   X1-KU6-A2          —     0/0   4m18s        
 [1m [0m[1;35mTYLERMASTERY2-3[0m[1m [0m  miner       [33m✈ transit[0m   X1-KU6-B7      79/80    0/15   [2m2h17m drift[0m  
 [1m [0m[1;33mTYLERMASTERY2-4[0m[1m [0m  surveyor    [36m↑ orbit[0m     X1-KU6-B46     21/80     0/0                
 [1m [0m[1;34mTYLERMASTERY2-5[0m[1m [0m  hauler      [33m✈ transit[0m   X1-KU6-B7    437/600   70/80   1m40s        
 [1m [0m[1;96mTYLERMASTERY2-6[0m[1m [0m  siphoner    [33m✈ transit[0m   X1-KU6-C50     79/80   15/15   [2m3h9m drift[0m   
 [1m [0m[1;92mTYLERMASTERY2-7[0m[1m [0m  siphoner    [33m✈ transit[0m   X1-KU6-C50     79/80   15/15   [2m3h10m drift[0m  
 [1m [0m[1;95mTYLERMASTERY2-8[0m[1m [0m  siphoner    [33m✈ transit[0m   X1-KU6-B7      38/80   15/15   [2m3h14m drift[0m  
 [1m [0m[1;93mTYLERMASTERY2-9[0m[1m [0m  siphoner    [33m✈ transit[0m   X1-KU6-C50     79/80   15/15   [2m3h8m drift[0m   
 [1m [0m[1;37mTYLERMASTERY2-A[0m[1m [0m  trader      [33m✈ transit[0m   X1-KU6-D53   505/600   80/80   1m38s        
 [1m [0m[1;37mTYLERMASTERY2-B[0m[1m [0m  trader      [33m✈ transit[0m   X1-KU6-D53   505/600   80/80   1m21s        
                                                                                        
  Contract: [36m░░░░░░░░░░░░░░░░░░░░░░░░░░░░░░[0m [1;36m0[0m[1m/[0m[1;36m70[0m IRON → X1-KU6-E56 [1m([0m[1;32m0[0m[32m%[0m[1m)[0m
[1;2;92m20:28:53[0m [37mTYLERMASTERY2-B[0m [33m⏳ in transit [0m[1;33m([0m[33m~1m 19s[0m[1;33m)[0m[33m...[0m
[1;2;92m20:28:54[0m [36mTYLERMASTERY2-[0m[1;36m1[0m [36m↑ orbiting[0m
[1;2;92m20:28:54[0m [36mTYLERMASTERY2-[0m[1;36m1[0m [34m🚀 Navigating → X1-KU6-B47[0m
[1;2;92m20:28:56[0m [34mTYLERMASTERY2-[0m[1;34m5[0m [33m⏳ in transit [0m[1;33m([0m[33m~1m 35s[0m[1;33m)[0m[33m...[0m
[1;2;92m20:28:57[0m [37mTYLERMASTERY2-A[0m [33m⏳ in transit [0m[1;33m([0m[33m~1m 32s[0m[1;33m)[0m[33m...[0m
[1;2;92m20:28:57[0m [33mTYLERMASTERY2-[0m[1;33m4[0m [33m🌡 cooldown 41s[0m
[1;2;92m20:28:59[0m [37mTYLERMASTERY2-B[0m [33m⏳ in transit [0m[1;33m([0m[33m~1m 12s[0m[1;33m)[0m[33m...[0m
[1;2;92m20:29:00[0m [93mTYLERMASTERY2-[0m[1;93m9[0m [33m⏳ in transit [0m[1;33m([0m[33m~3h 8m[0m[1;33m)[0m[33m...[0m
[1;2;92m20:29:01[0m [34mTYLERMASTERY2-[0m[1;34m5[0m [33m⏳ in transit [0m[1;33m([0m[33m~1m 29s[0m[1;33m)[0m[33m...[0m
[1;2;92m20:29:03[0m [37mTYLERMASTERY2-A[0m [33m⏳ in transit [0m[1;33m([0m[33m~1m 27s[0m[1;33m)[0m[33m...[0m
[1;2;92m20:29:04[0m [32mTYLERMASTERY2-[0m[1;32m2[0m [33m⏳ in transit [0m[1;33m([0m[33m~4m 6s[0m[1;33m)[0m[33m...[0m
[1;2;92m20:29:07[0m [34mTYLERMASTERY2-[0m[1;34m5[0m [33m⏳ in transit [0m[1;33m([0m[33m~1m 24s[0m[1;33m)[0m[33m...[0m
[1;2;92m20:29:08[0m [37mTYLERMASTERY2-A[0m [33m⏳ in transit [0m[1;33m([0m[33m~1m 21s[0m[1;33m)[0m[33m...[0m
[1;2;92m20:29:12[0m [36mTYLERMASTERY2-[0m[1;36m1[0m [33m⏳ in transit [0m[1;33m([0m[33m~9s[0m[1;33m)[0m[33m...[0m
[1;2;92m20:29:12[0m [37mTYLERMASTERY2-B[0m [33m⏳ in transit [0m[1;33m([0m[33m~1m 0s[0m[1;33m)[0m[33m...[0m
[1;2;92m20:29:13[0m [37mTYLERMASTERY2-A[0m [33m⏳ in transit [0m[1;33m([0m[33m~1m 16s[0m[1;33m)[0m[33m...[0m
[1;2;92m20:29:15[0m [33mTYLERMASTERY2-[0m[1;33m4[0m [33m🌡 cooldown 23s[0m
[1;2;92m20:29:17[0m [34mTYLERMASTERY2-[0m[1;34m5[0m [33m⏳ in transit [0m[1;33m([0m[33m~1m 14s[0m[1;33m)[0m[33m...[0m
[1;2;92m20:29:18[0m [36mTYLERMASTERY2-[0m[1;36m1[0m [33m⏳ in transit [0m[1;33m([0m[33m~4s[0m[1;33m)[0m[33m...[0m
[1;2;92m20:29:19[0m [37mTYLERMASTERY2-A[0m [33m⏳ in transit [0m[1;33m([0m[33m~1m 10s[0m[1;33m)[0m[33m...[0m
[1;2;92m20:29:22[0m [34mTYLERMASTERY2-[0m[1;34m5[0m [33m⏳ in transit [0m[1;33m([0m[33m~1m 9s[0m[1;33m)[0m[33m...[0m
[1;2;92m20:29:23[0m [36mTYLERMASTERY2-[0m[1;36m1[0m [32m✓[0m arrived at [1mX1-KU6-B47[0m
[1;2;92m20:29:26[0m [37mTYLERMASTERY2-A[0m [33m⏳ in transit [0m[1;33m([0m[33m~1m 4s[0m[1;33m)[0m[33m...[0m
[1;2;92m20:29:27[0m [34mTYLERMASTERY2-[0m[1;34m5[0m [33m⏳ in transit [0m[1;33m([0m[33m~1m 3s[0m[1;33m)[0m[33m...[0m
[1;2;92m20:29:31[0m [33mTYLERMASTERY2-[0m[1;33m4[0m [33m🌡 cooldown 7s[0m
[1;2;92m20:29:33[0m [34mTYLERMASTERY2-[0m[1;34m5[0m [33m⏳ in transit [0m[1;33m([0m[33m~58s[0m[1;33m)[0m[33m...[0m
[1;2;92m20:29:34[0m [37mTYLERMASTERY2-A[0m [33m⏳ in transit [0m[1;33m([0m[33m~55s[0m[1;33m)[0m[33m...[0m
[1;2;92m20:29:36[0m [92mTYLERMASTERY2-[0m[1;92m7[0m [33m⏳ in transit [0m[1;33m([0m[33m~3h 9m[0m[1;33m)[0m[33m...[0m
[1;2;92m20:29:39[0m [37mTYLERMASTERY2-B[0m [33m⏳ in transit [0m[1;33m([0m[33m~33s[0m[1;33m)[0m[33m...[0m
[1;2;92m20:29:44[0m [95mTYLERMASTERY2-[0m[1;95m8[0m [33m⏳ in transit [0m[1;33m([0m[33m~3h 13m[0m[1;33m)[0m[33m...[0m
[1;2;92m20:29:45[0m [37mTYLERMASTERY2-B[0m [33m⏳ in transit [0m[1;33m([0m[33m~27s[0m[1;33m)[0m[33m...[0m
[1;2;92m20:29:45[0m [37mTYLERMASTERY2-A[0m [33m⏳ in transit [0m[1;33m([0m[33m~44s[0m[1;33m)[0m[33m...[0m
[1;2;92m20:29:45[0m [34mTYLERMASTERY2-[0m[1;34m5[0m [33m⏳ in transit [0m[1;33m([0m[33m~45s[0m[1;33m)[0m[33m...[0m
[1;2;92m20:29:46[0m [35m🔭 TYLERMASTERY2-[0m[1;35m4[0m[35m: [0m[1;35m1[0m[35m [0m[1;35msurvey[0m[1;35m([0m[35ms[0m[1;35m)[0m[35m added [0m[1;35m([0m[1;35m0x[0m[35m IRON hits[0m[1;35m)[0m[35m | pool: [0m[1;35m28[0m
[1;2;92m20:29:46[0m [96mTYLERMASTERY2-[0m[1;96m6[0m [33m⏳ in transit [0m[1;33m([0m[33m~3h 8m[0m[1;33m)[0m[33m...[0m
[1;2;92m20:29:47[0m [33mTYLERMASTERY2-[0m[1;33m4[0m [33m🌡 cooldown 69s[0m
[1;2;92m20:29:47[0m   [36mTYLERMASTERY2-[0m[1;36m1[0m: 4x SILICON_CRYSTALS | __SELL_ONLY__: [1;36m0[0m | Cargo: [1;36m4[0m/[1;36m40[0m | CD: 80s
[1;2;92m20:29:48[0m [36mTYLERMASTERY2-[0m[1;36m1[0m [33m🌡 cooldown 79s[0m
[1;2;92m20:29:50[0m [37mTYLERMASTERY2-B[0m [33m⏳ in transit [0m[1;33m([0m[33m~22s[0m[1;33m)[0m[33m...[0m
[1;2;92m20:29:51[0m [37mTYLERMASTERY2-A[0m [33m⏳ in transit [0m[1;33m([0m[33m~39s[0m[1;33m)[0m[33m...[0m
[1;2;92m20:29:51[0m [34mTYLERMASTERY2-[0m[1;34m5[0m [33m⏳ in transit [0m[1;33m([0m[33m~40s[0m[1;33m)[0m[33m...[0m
[36m╭───────────────────────────────────────────────────────────────────────────────────────────────────────────────────────────────────────────────────────────────────────────────────╮[0m
[36m│[0m [1;36mSpaceTraders Automation[0m                                                                                                                                                           [36m│[0m
[36m│[0m Goal: Complete contracts → buy ships → upgrade → repeat indefinitely                                                                                                              [36m│[0m
[36m╰───────────────────────────────────────────────────────────────────────────────────────────────────────────────────────────────────────────────────────────────────────────────────╯[0m
[1;2;92m20:29:53[0m [36mAgent: TYLERMASTERY2 | HQ: X1-KU6-A1 | System: X1-KU6[0m
[1;2;92m20:29:53[0m [36mLoaded config from DB: [0m[36mASTEROID[0m[36m=[0m[36mX1[0m[36m-KU6-B46 | [0m[36mBASE[0m[36m=[0m[36mX1[0m[36m-KU6-B7[0m
[1;2;92m20:29:53[0m [36mShipyards: [0m[1;36m[[0m[36m'X1-KU6-A2'[0m[36m, [0m[36m'X1-KU6-C51'[0m[36m, [0m[36m'X1-KU6-H62'[0m[1;36m][0m[36m | HQ: X1-KU6-A1[0m
[1;2;92m20:29:53[0m [2mWarm-loaded [0m[1;2;36m28[0m[2m markets, [0m[1;2;36m47[0m[2m goods from DB[0m
[1;2;92m20:29:53[0m [2mWarm-loaded [0m[1;2;36m28[0m[2m active [0m[1;2;35msurvey[0m[1;2m([0m[2ms[0m[1;2m)[0m[2m from DB[0m
[1;2;92m20:29:53[0m [2mScanning system for markets[0m[2;33m...[0m
[1;2;92m20:30:09[0m [2mFound [0m[1;2;36m28[0m[2m [0m[1;2;35mmarket[0m[1;2m([0m[2ms[0m[1;2m)[0m[2m: X1-KU6-A1, X1-KU6-CD5E, X1-KU6-B6, X1-KU6-B7, X1-KU6-C52, X1-KU6-D53, X1-KU6-E55, X1-KU6-F57, X1-KU6-G59, X1-KU6-H61, X1-KU6-I65, X1-KU6-I66, [0m
[2mX1-KU6-J67, X1-KU6-J68, X1-KU6-K90, X1-KU6-A2, X1-KU6-A3, X1-KU6-A4, X1-KU6-C51, X1-KU6-D54, X1-KU6-E56, X1-KU6-F58, X1-KU6-H62, X1-KU6-H63, X1-KU6-H64, X1-KU6-K92, X1-KU6-K93, [0m
[2mX1-KU6-K94[0m
[1;2;92m20:30:59[0m [2mGood sources: [0m[1;2;36m47[0m[2m goods indexed, [0m[1;2;36m45[0m[2m buyable goods across [0m[1;2;36m28[0m[2m markets[0m
[1;2;92m20:30:59[0m [1m─── Loop [0m[1;36m1[0m[1m | Credits: [0m[1;36m1[0m[1m,[0m[1;36m191[0m[1m,[0m[1;36m824[0m[1m | Ships: [0m[1;36m11[0m[1m ───[0m
[1;2;92m20:31:01[0m [33m⚠ Resuming accepted contract cmq8ri0lsgytvri6zaxgcw1qe [0m[1;33m([0m[33mpayout [0m[1;33m13[0m[33m,[0m[1;33m558[0m[33m cr[0m[1;33m)[0m[33m — no choice[0m
[33m╭─[0m[33m───────────────────────────────────────────────────────────────────────────────[0m[33m Working Contract [0m[33m────────────────────────────────────────────────────────────────────────────────[0m[33m─╮[0m
[33m│[0m [1mContract:[0m cmq8ri0lsgytvri6zaxgcw1qe                                                                                                                                               [33m│[0m
[33m│[0m [1mType:[0m PROCUREMENT                                                                                                                                                                 [33m│[0m
[33m│[0m [1mPayment:[0m 5,272 + 13,558 cr                                                                                                                                                        [33m│[0m
[33m│[0m [1mAccepted:[0m True                                                                                                                                                                    [33m│[0m
[33m╰───────────────────────────────────────────────────────────────────────────────────────────────────────────────────────────────────────────────────────────────────────────────────╯[0m
[1;2;92m20:31:01[0m   Deliver: 7[1;36m0x[0m IRON → X1-KU6-E56 [1m([0m[1;36m0[0m done[1m)[0m
[1;2;92m20:31:03[0m [36mDirect-buy contract: hauler TYLERMASTERY2-[0m[1;36m5[0m[36m handles buy/deliver; [0m[1;36m2[0m[36m [0m[1;36mminer[0m[1;36m([0m[36ms[0m[1;36m)[0m[36m mine for income[0m
[1;2;92m20:31:03[0m [1mLaunching [0m[1;36m2[0m[1m miner [0m[1;35mthread[0m[1m([0m[1ms[0m[1m)[0m[1m: [0m[1m[[0m[1;32m'TYLERMASTERY2-1'[0m[1m, [0m[1;32m'TYLERMASTERY2-3'[0m[1m][0m
[1;2;92m20:31:03[0m [35mLaunching [0m[1;35m1[0m[35m surveyor [0m[1;35mthread[0m[1;35m([0m[35ms[0m[1;35m)[0m[35m: [0m[1;35m[[0m[35m'TYLERMASTERY2-4'[0m[1;35m][0m
[1;2;92m20:31:03[0m [34mLaunching [0m[1;34m1[0m[34m [0m[1;34mhauler[0m[1;34m([0m[34ms[0m[1;34m)[0m[34m as contract [0m[1;34mbuyer[0m[1;34m([0m[34ms[0m[1;34m)[0m[34m: [0m[1;34m[[0m[34m'TYLERMASTERY2-5'[0m[1;34m][0m
[1;2;92m20:31:03[0m [34mLaunching [0m[1;34m2[0m[34m [0m[1;34mhauler[0m[1;34m([0m[34ms[0m[1;34m)[0m[34m as [0m[1;34mtrader[0m[1;34m([0m[34ms[0m[1;34m)[0m[34m [0m[1;34m([0m[34mdirect-buy contract[0m[1;34m)[0m[34m: [0m[1;34m[[0m[34m'TYLERMASTERY2-A'[0m[34m, [0m[34m'TYLERMASTERY2-B'[0m[1;34m][0m
[1;2;92m20:31:03[0m [34mLaunching [0m[1;34m4[0m[34m siphoner [0m[1;34mthread[0m[1;34m([0m[34ms[0m[1;34m)[0m[34m: [0m[1;34m[[0m[34m'TYLERMASTERY2-6'[0m[34m, [0m[34m'TYLERMASTERY2-7'[0m[34m, [0m[34m'TYLERMASTERY2-8'[0m[34m, [0m[34m'TYLERMASTERY2-9'[0m[1;34m][0m
[1;2;92m20:31:03[0m [33mTYLERMASTERY2-[0m[1;33m4[0m [35m🔭 surveyor thread started[0m
[1;2;92m20:31:03[0m [37mTYLERMASTERY2-A[0m [35m💹 trader thread started[0m
[1;2;92m20:31:03[0m [37mTYLERMASTERY2-B[0m [35m💹 trader thread started[0m
[1;2;92m20:31:03[0m [96mTYLERMASTERY2-[0m[1;96m6[0m [34m🌀 siphon thread started[0m
[1;2;92m20:31:03[0m [92mTYLERMASTERY2-[0m[1;92m7[0m [34m🌀 siphon thread started[0m
[1;2;92m20:31:03[0m [95mTYLERMASTERY2-[0m[1;95m8[0m [34m🌀 siphon thread started[0m
[1;2;92m20:31:03[0m [93mTYLERMASTERY2-[0m[1;93m9[0m [34m🌀 siphon thread started[0m
[1;2;92m20:31:03[0m [2m⚙  Fleet manager thread started[0m
[1;2;92m20:31:03[0m [92mTYLERMASTERY2-[0m[1;92m7[0m [34m🌀 targeting gas giant X1-KU6-C50[0m
[1;2;92m20:31:03[0m [93mTYLERMASTERY2-[0m[1;93m9[0m [34m🌀 targeting gas giant X1-KU6-C50[0m
[1;2;92m20:31:03[0m [96mTYLERMASTERY2-[0m[1;96m6[0m [34m🌀 targeting gas giant X1-KU6-C50[0m
[1;2;92m20:31:03[0m [95mTYLERMASTERY2-[0m[1;95m8[0m [34m🌀 targeting gas giant X1-KU6-C50[0m
[1;2;92m20:31:05[0m [2mAsteroid cache: [0m[1;2;36m63[0m[2m candidates loaded[0m
[1;2;92m20:31:05[0m [35mTYLERMASTERY2-[0m[1;35m3[0m [36msell-only → X1-KU6-B47 [0m[1;36m([0m[36mdist [0m[1;36m15[0m[36m, fuel cap [0m[1;36m80[0m[1;36m)[0m
[1;2;92m20:31:05[0m [35mTYLERMASTERY2-[0m[1;35m3[0m [36m⚓ thread started | mining: __SELL_ONLY__ → X1-KU6-B7[0m
[1;2;92m20:31:08[0m [37mTYLERMASTERY2-A[0m [2malready carrying 8[0m[1;2;36m0x[0m[2m ELECTRONICS — skipping buy, going to sell @ X1-KU6-D53[0m
[1;2;92m20:31:10[0m [36mTYLERMASTERY2-[0m[1;36m1[0m [36msell-only → X1-KU6-B47 [0m[1;36m([0m[36mdist [0m[1;36m15[0m[36m, fuel cap [0m[1;36m400[0m[1;36m)[0m
[1;2;92m20:31:10[0m [36mTYLERMASTERY2-[0m[1;36m1[0m [36m⚓ thread started | mining: __SELL_ONLY__ → X1-KU6-B7[0m
[1;2;92m20:31:10[0m [34mTYLERMASTERY2-[0m[1;34m5[0m [36msell-only → X1-KU6-B47 [0m[1;36m([0m[36mdist [0m[1;36m15[0m[36m, fuel cap [0m[1;36m600[0m[1;36m)[0m
[1;2;92m20:31:10[0m [34mTYLERMASTERY2-[0m[1;34m5[0m [36m⚓ thread started | mining: IRON → X1-KU6-E56[0m
[1;2;92m20:31:13[0m [96mTYLERMASTERY2-[0m[1;96m6[0m [33m⏳ in transit [0m[1;33m([0m[33m~3h 7m[0m[1;33m)[0m[33m...[0m
[1;2;92m20:31:14[0m [34mTYLERMASTERY2-[0m[1;34m5[0m [2mpreflight refuel at X1-KU6-B7 [0m[1;2m([0m[2;33mwp[0m[2m=[0m[2;35mX1[0m[2m-KU6-B7, [0m[2;33mfuel[0m[2m=[0m[1;2;36m437[0m[2m/[0m[1;2;36m600[0m[1;2m)[0m
[1;2;92m20:31:15[0m [37mTYLERMASTERY2-B[0m [2malready carrying 8[0m[1;2;36m0x[0m[2m ELECTRONICS — skipping buy, going to sell @ X1-KU6-D53[0m
[1;2;92m20:31:16[0m [37mTYLERMASTERY2-A[0m [36m⚓ docked[0m
[1;2;92m20:31:24[0m [95mTYLERMASTERY2-[0m[1;95m8[0m [33mno reachable intermediate waypoint en route to X1-KU6-C50 — will drift[0m
[1;2;92m20:31:26[0m [92mTYLERMASTERY2-[0m[1;92m7[0m [33m⏳ in transit [0m[1;33m([0m[33m~3h 7m[0m[1;33m)[0m[33m...[0m
[1;2;92m20:31:29[0m 📡 Surveying asteroid for better yields[33m...[0m
[1;2;92m20:31:33[0m [37mTYLERMASTERY2-B[0m [36m⚓ docked[0m
[1;2;92m20:31:34[0m [93mTYLERMASTERY2-[0m[1;93m9[0m [33m⏳ in transit [0m[1;33m([0m[33m~3h 5m[0m[1;33m)[0m[33m...[0m
[1;2;92m20:31:39[0m [35mTYLERMASTERY2-[0m[1;35m3[0m [33m⏳ in transit [0m[1;33m([0m[33m~2h 14m[0m[1;33m)[0m[33m...[0m
[1;2;92m20:31:40[0m [32m⛽ Refueled to [0m[1;32m600[0m[32m/[0m[1;32m600[0m
[1;2;92m20:31:42[0m [34mTYLERMASTERY2-[0m[1;34m5[0m [36m⚓ docked[0m
[1;2;92m20:31:44[0m [2mNo focused survey found, using generic survey[0m
[1;2;92m20:31:45[0m [36mTYLERMASTERY2-[0m[1;36m1[0m [33m🌡 cooldown 90s[0m
[1;2;92m20:31:45[0m [95mTYLERMASTERY2-[0m[1;95m8[0m [33m⏳ in transit [0m[1;33m([0m[33m~3h 11m[0m[1;33m)[0m[33m...[0m
[1;2;92m20:31:46[0m [35m🔭 TYLERMASTERY2-[0m[1;35m4[0m[35m: [0m[1;35m1[0m[35m [0m[1;35msurvey[0m[1;35m([0m[35ms[0m[1;35m)[0m[35m added [0m[1;35m([0m[1;35m0x[0m[35m IRON hits[0m[1;35m)[0m[35m | pool: [0m[1;35m27[0m
[1;2;92m20:31:46[0m [32m⛽ Refueled to [0m[1;32m600[0m[32m/[0m[1;32m600[0m
[1;2;92m20:31:46[0m [32m⛽ Refueled to [0m[1;32m600[0m[32m/[0m[1;32m600[0m
[1;2;92m20:31:47[0m [33mTYLERMASTERY2-[0m[1;33m4[0m [33m🌡 cooldown 69s[0m
[1;2;92m20:31:47[0m [34mTYLERMASTERY2-[0m[1;34m5[0m [36mpreflight shortcut — has 7[0m[1;36m0x[0m[36m IRON, need [0m[1;36m70[0m[36m — delivering now[0m
[1;2;92m20:32:03[0m [33mTYLERMASTERY2-[0m[1;33m4[0m [33m🌡 cooldown 53s[0m
[1;2;92m20:32:07[0m [36mTYLERMASTERY2-[0m[1;36m1[0m [33m🌡 cooldown 68s[0m
[3m                          [0m[1;3mFleet Status[0m[3m  [0m[3;32m1,191,532 cr[0m[3m  [0m[2;3m20:32:08[0m[3m                          [0m
                                                                                        
 [1m [0m[1mShip           [0m[1m [0m [1m [0m[1mRole     [0m[1m [0m [1m [0m[1mStatus   [0m[1m [0m [1m [0m[1mLocation  [0m[1m [0m [1m [0m[1m   Fuel[0m[1m [0m [1m [0m[1mCargo[0m[1m [0m [1m [0m[1mETA        [0m[1m [0m 
 ━━━━━━━━━━━━━━━━━━━━━━━━━━━━━━━━━━━━━━━━━━━━━━━━━━━━━━━━━━━━━━━━━━━━━━━━━━━━━━━━━━━━━━ 
 [1m [0m[1;36mTYLERMASTERY2-1[0m[1m [0m  miner       [36m↑ orbit[0m     X1-KU6-B47   385/400    4/40                
 [1m [0m[1;32mTYLERMASTERY2-2[0m[1m [0m  fleet-mgr   [33m✈ transit[0m   X1-KU6-A2          —     0/0   1m1s         
 [1m [0m[1;35mTYLERMASTERY2-3[0m[1m [0m  miner       [33m✈ transit[0m   X1-KU6-B7      79/80    0/15   [2m2h13m drift[0m  
 [1m [0m[1;33mTYLERMASTERY2-4[0m[1m [0m  surveyor    [36m↑ orbit[0m     X1-KU6-B46     21/80     0/0                
 [1m [0m[1;34mTYLERMASTERY2-5[0m[1m [0m  hauler      [32m⚓ docked[0m   X1-KU6-B7    600/600   70/80                
 [1m [0m[1;96mTYLERMASTERY2-6[0m[1m [0m  siphoner    [33m✈ transit[0m   X1-KU6-C50     79/80   15/15   [2m3h6m drift[0m   
 [1m [0m[1;92mTYLERMASTERY2-7[0m[1m [0m  siphoner    [33m✈ transit[0m   X1-KU6-C50     79/80   15/15   [2m3h7m drift[0m   
 [1m [0m[1;95mTYLERMASTERY2-8[0m[1m [0m  siphoner    [33m✈ transit[0m   X1-KU6-B7      38/80   15/15   [2m3h11m drift[0m  
 [1m [0m[1;93mTYLERMASTERY2-9[0m[1m [0m  siphoner    [33m✈ transit[0m   X1-KU6-C50     79/80   15/15   [2m3h5m drift[0m   
 [1m [0m[1;37mTYLERMASTERY2-A[0m[1m [0m  trader      [32m⚓ docked[0m   X1-KU6-D53   600/600   80/80                
 [1m [0m[1;37mTYLERMASTERY2-B[0m[1m [0m  trader      [32m⚓ docked[0m   X1-KU6-D53   600/600   80/80                
                                                                                        
  Contract: [36m░░░░░░░░░░░░░░░░░░░░░░░░░░░░░░[0m [1;36m0[0m[1m/[0m[1;36m70[0m IRON → X1-KU6-E56 [1m([0m[1;32m0[0m[32m%[0m[1m)[0m
[1;2;92m20:32:14[0m [96mTYLERMASTERY2-[0m[1;96m6[0m [33m⏳ in transit [0m[1;33m([0m[33m~3h 6m[0m[1;33m)[0m[33m...[0m
[1;2;92m20:32:15[0m [33mTYLERMASTERY2-[0m[1;33m4[0m [33m🌡 cooldown 41s[0m
[1;2;92m20:32:22[0m [34mTYLERMASTERY2-[0m[1;34m5[0m [36m↑ orbiting[0m
[1;2;92m20:32:22[0m [34mTYLERMASTERY2-[0m[1;34m5[0m [34m🚀 Navigating → X1-KU6-E56[0m
[1;2;92m20:32:28[0m [33mTYLERMASTERY2-[0m[1;33m4[0m [33m🌡 cooldown 27s[0m
[1;2;92m20:32:30[0m [36mTYLERMASTERY2-[0m[1;36m1[0m [33m🌡 cooldown 44s[0m
[1;2;92m20:32:42[0m [36mTYLERMASTERY2-[0m[1;36m1[0m [33m🌡 cooldown 32s[0m
[1;2;92m20:32:44[0m [92mTYLERMASTERY2-[0m[1;92m7[0m [33m⏳ in transit [0m[1;33m([0m[33m~3h 6m[0m[1;33m)[0m[33m...[0m
[1;2;92m20:32:45[0m [33mTYLERMASTERY2-[0m[1;33m4[0m [33m🌡 cooldown 10s[0m
[1;2;92m20:32:45[0m [34mTYLERMASTERY2-[0m[1;34m5[0m [33m⏳ in transit [0m[1;33m([0m[33m~9m 26s[0m[1;33m)[0m[33m...[0m
[1;2;92m20:32:46[0m [93mTYLERMASTERY2-[0m[1;93m9[0m [33m⏳ in transit [0m[1;33m([0m[33m~3h 4m[0m[1;33m)[0m[33m...[0m
[1;2;92m20:32:47[0m [35mTYLERMASTERY2-[0m[1;35m3[0m [33m⏳ in transit [0m[1;33m([0m[33m~2h 13m[0m[1;33m)[0m[33m...[0m
[1;2;92m20:32:51[0m [95mTYLERMASTERY2-[0m[1;95m8[0m [33m⏳ in transit [0m[1;33m([0m[33m~3h 10m[0m[1;33m)[0m[33m...[0m
[1;2;92m20:32:53[0m [36mTYLERMASTERY2-[0m[1;36m1[0m [33m🌡 cooldown 22s[0m
[1;2;92m20:32:56[0m [35m🔭 TYLERMASTERY2-[0m[1;35m4[0m[35m: [0m[1;35m1[0m[35m [0m[1;35msurvey[0m[1;35m([0m[35ms[0m[1;35m)[0m[35m added [0m[1;35m([0m[1;35m0x[0m[35m IRON hits[0m[1;35m)[0m[35m | pool: [0m[1;35m26[0m
[1;2;92m20:32:57[0m [33mTYLERMASTERY2-[0m[1;33m4[0m [33m🌡 cooldown 69s[0m
[1;2;92m20:33:03[0m [36mTYLERMASTERY2-[0m[1;36m1[0m [33m🌡 cooldown 12s[0m
[1;2;92m20:33:12[0m [33mTYLERMASTERY2-[0m[1;33m4[0m [33m🌡 cooldown 54s[0m
[1;2;92m20:33:17[0m [32mTYLERMASTERY2-[0m[1;32m2[0m [36m⚓ docked[0m
[1;2;92m20:33:19[0m [96mTYLERMASTERY2-[0m[1;96m6[0m [33m⏳ in transit [0m[1;33m([0m[33m~3h 5m[0m[1;33m)[0m[33m...[0m
[1;2;92m20:33:21[0m [37mTYLERMASTERY2-B[0m [2madjusting sell batch to [0m[1;2;36m20[0m[2m/tx[0m
[1;2;92m20:33:28[0m [37mTYLERMASTERY2-A[0m [2madjusting sell batch to [0m[1;2;36m20[0m[2m/tx[0m
[1;2;92m20:33:30[0m [37mTYLERMASTERY2-A[0m [35m💰 sold 2[0m[1;35m0x[0m[35m ELECTRONICS @ [0m[1;35m3[0m[35m,[0m[1;35m046[0m[35m/u | Credits: [0m[1;35m1[0m[35m,[0m[1;35m252[0m[35m,[0m[1;35m452[0m
[1;2;92m20:33:31[0m [33mTYLERMASTERY2-[0m[1;33m4[0m [33m🌡 cooldown 34s[0m
[1;2;92m20:33:31[0m [37mTYLERMASTERY2-B[0m [35m💰 sold 2[0m[1;35m0x[0m[35m ELECTRONICS @ [0m[1;35m3[0m[35m,[0m[1;35m013[0m[35m/u | Credits: [0m[1;35m1[0m[35m,[0m[1;35m312[0m[35m,[0m[1;35m712[0m
[3m                          [0m[1;3mFleet Status[0m[3m  [0m[3;32m1,312,712 cr[0m[3m  [0m[2;3m20:33:33[0m[3m                          [0m
                                                                                        
 [1m [0m[1mShip           [0m[1m [0m [1m [0m[1mRole     [0m[1m [0m [1m [0m[1mStatus   [0m[1m [0m [1m [0m[1mLocation  [0m[1m [0m [1m [0m[1m   Fuel[0m[1m [0m [1m [0m[1mCargo[0m[1m [0m [1m [0m[1mETA        [0m[1m [0m 
 ━━━━━━━━━━━━━━━━━━━━━━━━━━━━━━━━━━━━━━━━━━━━━━━━━━━━━━━━━━━━━━━━━━━━━━━━━━━━━━━━━━━━━━ 
 [1m [0m[1;36mTYLERMASTERY2-1[0m[1m [0m  miner       [36m↑ orbit[0m     X1-KU6-B47   385/400    4/40                
 [1m [0m[1;32mTYLERMASTERY2-2[0m[1m [0m  fleet-mgr   [36m↑ orbit[0m     X1-KU6-A2          —     0/0                
 [1m [0m[1;35mTYLERMASTERY2-3[0m[1m [0m  miner       [33m✈ transit[0m   X1-KU6-B7      79/80    0/15   [2m2h12m drift[0m  
 [1m [0m[1;33mTYLERMASTERY2-4[0m[1m [0m  surveyor    [36m↑ orbit[0m     X1-KU6-B46     21/80     0/0                
 [1m [0m[1;34mTYLERMASTERY2-5[0m[1m [0m  hauler      [33m✈ transit[0m   X1-KU6-E56   261/600   70/80   8m38s        
 [1m [0m[1;96mTYLERMASTERY2-6[0m[1m [0m  siphoner    [33m✈ transit[0m   X1-KU6-C50     79/80   15/15   [2m3h4m drift[0m   
 [1m [0m[1;92mTYLERMASTERY2-7[0m[1m [0m  siphoner    [33m✈ transit[0m   X1-KU6-C50     79/80   15/15   [2m3h5m drift[0m   
 [1m [0m[1;95mTYLERMASTERY2-8[0m[1m [0m  siphoner    [33m✈ transit[0m   X1-KU6-B7      38/80   15/15   [2m3h9m drift[0m   
 [1m [0m[1;93mTYLERMASTERY2-9[0m[1m [0m  siphoner    [33m✈ transit[0m   X1-KU6-C50     79/80   15/15   [2m3h3m drift[0m   
 [1m [0m[1;37mTYLERMASTERY2-A[0m[1m [0m  trader      [32m⚓ docked[0m   X1-KU6-D53   600/600   80/80                
 [1m [0m[1;37mTYLERMASTERY2-B[0m[1m [0m  trader      [32m⚓ docked[0m   X1-KU6-D53   600/600   80/80                
                                                                                        
  Contract: [36m░░░░░░░░░░░░░░░░░░░░░░░░░░░░░░[0m [1;36m0[0m[1m/[0m[1;36m70[0m IRON → X1-KU6-E56 [1m([0m[1;32m0[0m[32m%[0m[1m)[0m
[1;2;92m20:33:33[0m [37mTYLERMASTERY2-B[0m [35m💰 sold 2[0m[1;35m0x[0m[35m ELECTRONICS @ [0m[1;35m2[0m[35m,[0m[1;35m972[0m[35m/u | Credits: [0m[1;35m1[0m[35m,[0m[1;35m372[0m[35m,[0m[1;35m152[0m
[1;2;92m20:33:37[0m [37mTYLERMASTERY2-A[0m [35m💰 sold 2[0m[1;35m0x[0m[35m ELECTRONICS @ [0m[1;35m2[0m[35m,[0m[1;35m921[0m[35m/u | Credits: [0m[1;35m1[0m[35m,[0m[1;35m430[0m[35m,[0m[1;35m572[0m
[1;2;92m20:33:38[0m [37mTYLERMASTERY2-B[0m [35m💰 sold 2[0m[1;35m0x[0m[35m ELECTRONICS @ [0m[1;35m2[0m[35m,[0m[1;35m859[0m[35m/u | Credits: [0m[1;35m1[0m[35m,[0m[1;35m487[0m[35m,[0m[1;35m752[0m
[1;2;92m20:33:41[0m [37mTYLERMASTERY2-B[0m [35m💰 sold 8[0m[1;35m0x[0m[35m ELECTRONICS @ [0m[1;35m2[0m[35m,[0m[1;35m783[0m[35m/u = [0m[1;35m232[0m[35m,[0m[1;35m540[0m[35m cr[0m
[1;2;92m20:33:41[0m [37mTYLERMASTERY2-A[0m [35m💰 sold 2[0m[1;35m0x[0m[35m ELECTRONICS @ [0m[1;35m2[0m[35m,[0m[1;35m689[0m[35m/u | Credits: [0m[1;35m1[0m[35m,[0m[1;35m597[0m[35m,[0m[1;35m192[0m
[1;2;92m20:33:46[0m [33mTYLERMASTERY2-[0m[1;33m4[0m [33m🌡 cooldown 20s[0m
[1;2;92m20:33:46[0m   [36mTYLERMASTERY2-[0m[1;36m1[0m: 5x SILICON_CRYSTALS | __SELL_ONLY__: [1;36m0[0m | Cargo: [1;36m9[0m/[1;36m40[0m | CD: 80s
[1;2;92m20:33:46[0m [37mTYLERMASTERY2-A[0m [35m💰 sold 8[0m[1;35m0x[0m[35m ELECTRONICS @ [0m[1;35m2[0m[35m,[0m[1;35m573[0m[35m/u = [0m[1;35m224[0m[35m,[0m[1;35m580[0m[35m cr[0m
[1;2;92m20:33:47[0m [32mTYLERMASTERY2-[0m[1;32m2[0m [36m↑ orbiting[0m
[1;2;92m20:33:47[0m [32mTYLERMASTERY2-[0m[1;32m2[0m [34m🚀 Navigating → X1-KU6-C51[0m
[1;2;92m20:33:47[0m [35m💹 TYLERMASTERY2-B: ELECTRONICS X1-KU6-F58→X1-KU6-D53 buy [0m[1;35m2[0m[35m,[0m[1;35m184[0m[35m/u sell [0m[1;35m3[0m[35m,[0m[1;35m046[0m[35m/u [0m[1;35m([0m[35m+[0m[1;35m862[0m[35m/u[0m[1;35m)[0m[35m × 80u = est +[0m[1;35m68[0m[35m,[0m[1;35m960[0m[35m cr[0m
[1;2;92m20:33:47[0m [36mTYLERMASTERY2-[0m[1;36m1[0m [33m🌡 cooldown 72s[0m
[1;2;92m20:33:48[0m [35m💹 TYLERMASTERY2-A: ELECTRONICS X1-KU6-F58→X1-KU6-D53 buy [0m[1;35m2[0m[35m,[0m[1;35m184[0m[35m/u sell [0m[1;35m3[0m[35m,[0m[1;35m046[0m[35m/u [0m[1;35m([0m[35m+[0m[1;35m862[0m[35m/u[0m[1;35m)[0m[35m × 80u = est +[0m[1;35m68[0m[35m,[0m[1;35m960[0m[35m cr[0m
[1;2;92m20:33:48[0m [32mTYLERMASTERY2-[0m[1;32m2[0m [33m⏳ in transit [0m[1;33m([0m[33m~8m 21s[0m[1;33m)[0m[33m...[0m
[1;2;92m20:33:53[0m [35mTYLERMASTERY2-[0m[1;35m3[0m [33m⏳ in transit [0m[1;33m([0m[33m~2h 12m[0m[1;33m)[0m[33m...[0m
[1;2;92m20:33:55[0m [34mTYLERMASTERY2-[0m[1;34m5[0m [33m⏳ in transit [0m[1;33m([0m[33m~8m 16s[0m[1;33m)[0m[33m...[0m
[1;2;92m20:33:59[0m [33mTYLERMASTERY2-[0m[1;33m4[0m [33m🌡 cooldown 6s[0m
[1;2;92m20:33:59[0m [36mTYLERMASTERY2-[0m[1;36m1[0m [33m🌡 cooldown 60s[0m
[1;2;92m20:34:00[0m [95mTYLERMASTERY2-[0m[1;95m8[0m [33m⏳ in transit [0m[1;33m([0m[33m~3h 9m[0m[1;33m)[0m[33m...[0m
[1;2;92m20:34:00[0m [92mTYLERMASTERY2-[0m[1;92m7[0m [33m⏳ in transit [0m[1;33m([0m[33m~3h 5m[0m[1;33m)[0m[33m...[0m
[1;2;92m20:34:04[0m [37mTYLERMASTERY2-B[0m [36m↑ orbiting[0m
[1;2;92m20:34:04[0m [37mTYLERMASTERY2-B[0m [34m🚀 Navigating → X1-KU6-F58[0m
[1;2;92m20:34:09[0m [35m🔭 TYLERMASTERY2-[0m[1;35m4[0m[35m: [0m[1;35m1[0m[35m [0m[1;35msurvey[0m[1;35m([0m[35ms[0m[1;35m)[0m[35m added [0m[1;35m([0m[1;35m0x[0m[35m IRON hits[0m[1;35m)[0m[35m | pool: [0m[1;35m26[0m
[1;2;92m20:34:10[0m [37mTYLERMASTERY2-B[0m [33m⏳ in transit [0m[1;33m([0m[33m~2m 49s[0m[1;33m)[0m[33m...[0m
[1;2;92m20:34:11[0m [37mTYLERMASTERY2-A[0m [36m↑ orbiting[0m
[1;2;92m20:34:11[0m [37mTYLERMASTERY2-A[0m [34m🚀 Navigating → X1-KU6-F58[0m
[1;2;92m20:34:11[0m [36mTYLERMASTERY2-[0m[1;36m1[0m [33m🌡 cooldown 48s[0m
[1;2;92m20:34:14[0m [93mTYLERMASTERY2-[0m[1;93m9[0m [33m⏳ in transit [0m[1;33m([0m[33m~3h 3m[0m[1;33m)[0m[33m...[0m
[1;2;92m20:34:17[0m [33mTYLERMASTERY2-[0m[1;33m4[0m [33m🌡 cooldown 62s[0m
[1;2;92m20:34:20[0m [96mTYLERMASTERY2-[0m[1;96m6[0m [33m⏳ in transit [0m[1;33m([0m[33m~3h 4m[0m[1;33m)[0m[33m...[0m
[1;2;92m20:34:22[0m [37mTYLERMASTERY2-A[0m [33m⏳ in transit [0m[1;33m([0m[33m~2m 47s[0m[1;33m)[0m[33m...[0m
[1;2;92m20:34:23[0m [36mTYLERMASTERY2-[0m[1;36m1[0m [33m🌡 cooldown 36s[0m
[1;2;92m20:34:27[0m [33mTYLERMASTERY2-[0m[1;33m4[0m [33m🌡 cooldown 51s[0m
[1;2;92m20:34:36[0m [36mTYLERMASTERY2-[0m[1;36m1[0m [33m🌡 cooldown 23s[0m
[1;2;92m20:34:44[0m [33mTYLERMASTERY2-[0m[1;33m4[0m [33m🌡 cooldown 35s[0m
[1;2;92m20:34:47[0m [36mTYLERMASTERY2-[0m[1;36m1[0m [33m🌡 cooldown 12s[0m
[3m                          [0m[1;3mFleet Status[0m[3m  [0m[3;32m1,648,652 cr[0m[3m  [0m[2;3m20:34:47[0m[3m                          [0m
                                                                                        
 [1m [0m[1mShip           [0m[1m [0m [1m [0m[1mRole     [0m[1m [0m [1m [0m[1mStatus   [0m[1m [0m [1m [0m[1mLocation  [0m[1m [0m [1m [0m[1m   Fuel[0m[1m [0m [1m [0m[1mCargo[0m[1m [0m [1m [0m[1mETA        [0m[1m [0m 
 ━━━━━━━━━━━━━━━━━━━━━━━━━━━━━━━━━━━━━━━━━━━━━━━━━━━━━━━━━━━━━━━━━━━━━━━━━━━━━━━━━━━━━━ 
 [1m [0m[1;36mTYLERMASTERY2-1[0m[1m [0m  miner       [36m↑ orbit[0m     X1-KU6-B47   385/400    9/40                
 [1m [0m[1;32mTYLERMASTERY2-2[0m[1m [0m  fleet-mgr   [33m✈ transit[0m   X1-KU6-C51         —     0/0   7m22s        
 [1m [0m[1;35mTYLERMASTERY2-3[0m[1m [0m  miner       [33m✈ transit[0m   X1-KU6-B7      79/80    0/15   [2m2h11m drift[0m  
 [1m [0m[1;33mTYLERMASTERY2-4[0m[1m [0m  surveyor    [36m↑ orbit[0m     X1-KU6-B46     21/80     0/0                
 [1m [0m[1;34mTYLERMASTERY2-5[0m[1m [0m  hauler      [33m✈ transit[0m   X1-KU6-E56   261/600   70/80   7m24s        
 [1m [0m[1;96mTYLERMASTERY2-6[0m[1m [0m  siphoner    [33m✈ transit[0m   X1-KU6-C50     79/80   15/15   [2m3h3m drift[0m   
 [1m [0m[1;92mTYLERMASTERY2-7[0m[1m [0m  siphoner    [33m✈ transit[0m   X1-KU6-C50     79/80   15/15   [2m3h4m drift[0m   
 [1m [0m[1;95mTYLERMASTERY2-8[0m[1m [0m  siphoner    [33m✈ transit[0m   X1-KU6-B7      38/80   15/15   [2m3h8m drift[0m   
 [1m [0m[1;93mTYLERMASTERY2-9[0m[1m [0m  siphoner    [33m✈ transit[0m   X1-KU6-C50     79/80   15/15   [2m3h2m drift[0m   
 [1m [0m[1;37mTYLERMASTERY2-A[0m[1m [0m  trader      [33m✈ transit[0m   X1-KU6-F58   505/600    0/80   2m22s        
 [1m [0m[1;37mTYLERMASTERY2-B[0m[1m [0m  trader      [33m✈ transit[0m   X1-KU6-F58   505/600    0/80   2m12s        
                                                                                        
  Contract: [36m░░░░░░░░░░░░░░░░░░░░░░░░░░░░░░[0m [1;36m0[0m[1m/[0m[1;36m70[0m IRON → X1-KU6-E56 [1m([0m[1;32m0[0m[32m%[0m[1m)[0m
[1;2;92m20:34:49[0m [32mTYLERMASTERY2-[0m[1;32m2[0m [33m⏳ in transit [0m[1;33m([0m[33m~7m 20s[0m[1;33m)[0m[33m...[0m
[1;2;92m20:34:54[0m [33mTYLERMASTERY2-[0m[1;33m4[0m [33m🌡 cooldown 24s[0m
[1;2;92m20:34:55[0m [35mTYLERMASTERY2-[0m[1;35m3[0m [33m⏳ in transit [0m[1;33m([0m[33m~2h 11m[0m[1;33m)[0m[33m...[0m
[1;2;92m20:34:57[0m [36mTYLERMASTERY2-[0m[1;36m1[0m [33m🌡 cooldown 2s[0m
[1;2;92m20:35:01[0m   [36mTYLERMASTERY2-[0m[1;36m1[0m: 5x PRECIOUS_STONES | __SELL_ONLY__: [1;36m0[0m | Cargo: [1;36m14[0m/[1;36m40[0m | CD: 80s
[1;2;92m20:35:01[0m [95mTYLERMASTERY2-[0m[1;95m8[0m [33m⏳ in transit [0m[1;33m([0m[33m~3h 8m[0m[1;33m)[0m[33m...[0m
[1;2;92m20:35:02[0m [36mTYLERMASTERY2-[0m[1;36m1[0m [33m🌡 cooldown 79s[0m
[1;2;92m20:35:04[0m [34mTYLERMASTERY2-[0m[1;34m5[0m [33m⏳ in transit [0m[1;33m([0m[33m~7m 7s[0m[1;33m)[0m[33m...[0m
[1;2;92m20:35:05[0m [33mTYLERMASTERY2-[0m[1;33m4[0m [33m🌡 cooldown 14s[0m
[1;2;92m20:35:06[0m [92mTYLERMASTERY2-[0m[1;92m7[0m [33m⏳ in transit [0m[1;33m([0m[33m~3h 4m[0m[1;33m)[0m[33m...[0m
[1;2;92m20:35:12[0m [36mTYLERMASTERY2-[0m[1;36m1[0m [33m🌡 cooldown 69s[0m
[1;2;92m20:35:15[0m [33mTYLERMASTERY2-[0m[1;33m4[0m [33m🌡 cooldown 3s[0m
[1;2;92m20:35:17[0m [93mTYLERMASTERY2-[0m[1;93m9[0m [33m⏳ in transit [0m[1;33m([0m[33m~3h 2m[0m[1;33m)[0m[33m...[0m
[1;2;92m20:35:21[0m [96mTYLERMASTERY2-[0m[1;96m6[0m [33m⏳ in transit [0m[1;33m([0m[33m~3h 2m[0m[1;33m)[0m[33m...[0m
[1;2;92m20:35:23[0m [37mTYLERMASTERY2-B[0m [33m⏳ in transit [0m[1;33m([0m[33m~1m 37s[0m[1;33m)[0m[33m...[0m
[1;2;92m20:35:24[0m [36mTYLERMASTERY2-[0m[1;36m1[0m [33m🌡 cooldown 57s[0m
[1;2;92m20:35:26[0m [35m🔭 TYLERMASTERY2-[0m[1;35m4[0m[35m: [0m[1;35m1[0m[35m [0m[1;35msurvey[0m[1;35m([0m[35ms[0m[1;35m)[0m[35m added [0m[1;35m([0m[1;35m0x[0m[35m IRON hits[0m[1;35m)[0m[35m | pool: [0m[1;35m27[0m
[1;2;92m20:35:28[0m [37mTYLERMASTERY2-B[0m [33m⏳ in transit [0m[1;33m([0m[33m~1m 31s[0m[1;33m)[0m[33m...[0m
[1;2;92m20:35:31[0m [37mTYLERMASTERY2-A[0m [33m⏳ in transit [0m[1;33m([0m[33m~1m 38s[0m[1;33m)[0m[33m...[0m
[1;2;92m20:35:36[0m [36mTYLERMASTERY2-[0m[1;36m1[0m [33m🌡 cooldown 45s[0m
[1;2;92m20:35:36[0m [33mTYLERMASTERY2-[0m[1;33m4[0m [33m🌡 cooldown 60s[0m
[1;2;92m20:35:37[0m [37mTYLERMASTERY2-A[0m [33m⏳ in transit [0m[1;33m([0m[33m~1m 32s[0m[1;33m)[0m[33m...[0m
[1;2;92m20:35:42[0m [37mTYLERMASTERY2-A[0m [33m⏳ in transit [0m[1;33m([0m[33m~1m 27s[0m[1;33m)[0m[33m...[0m
[1;2;92m20:35:46[0m [36mTYLERMASTERY2-[0m[1;36m1[0m [33m🌡 cooldown 34s[0m
[1;2;92m20:35:47[0m [37mTYLERMASTERY2-B[0m [33m⏳ in transit [0m[1;33m([0m[33m~1m 12s[0m[1;33m)[0m[33m...[0m
[1;2;92m20:35:48[0m [37mTYLERMASTERY2-A[0m [33m⏳ in transit [0m[1;33m([0m[33m~1m 22s[0m[1;33m)[0m[33m...[0m
[1;2;92m20:35:48[0m [33mTYLERMASTERY2-[0m[1;33m4[0m [33m🌡 cooldown 48s[0m
[3m                          [0m[1;3mFleet Status[0m[3m  [0m[3;32m1,648,652 cr[0m[3m  [0m[2;3m20:35:48[0m[3m                          [0m
                                                                                        
 [1m [0m[1mShip           [0m[1m [0m [1m [0m[1mRole     [0m[1m [0m [1m [0m[1mStatus   [0m[1m [0m [1m [0m[1mLocation  [0m[1m [0m [1m [0m[1m   Fuel[0m[1m [0m [1m [0m[1mCargo[0m[1m [0m [1m [0m[1mETA        [0m[1m [0m 
 ━━━━━━━━━━━━━━━━━━━━━━━━━━━━━━━━━━━━━━━━━━━━━━━━━━━━━━━━━━━━━━━━━━━━━━━━━━━━━━━━━━━━━━ 
 [1m [0m[1;36mTYLERMASTERY2-1[0m[1m [0m  miner       [36m↑ orbit[0m     X1-KU6-B47   385/400   14/40                
 [1m [0m[1;32mTYLERMASTERY2-2[0m[1m [0m  fleet-mgr   [33m✈ transit[0m   X1-KU6-C51         —     0/0   6m21s        
 [1m [0m[1;35mTYLERMASTERY2-3[0m[1m [0m  miner       [33m✈ transit[0m   X1-KU6-B7      79/80    0/15   [2m2h10m drift[0m  
 [1m [0m[1;33mTYLERMASTERY2-4[0m[1m [0m  surveyor    [36m↑ orbit[0m     X1-KU6-B46     21/80     0/0                
 [1m [0m[1;34mTYLERMASTERY2-5[0m[1m [0m  hauler      [33m✈ transit[0m   X1-KU6-E56   261/600   70/80   6m23s        
 [1m [0m[1;96mTYLERMASTERY2-6[0m[1m [0m  siphoner    [33m✈ transit[0m   X1-KU6-C50     79/80   15/15   [2m3h2m drift[0m   
 [1m [0m[1;92mTYLERMASTERY2-7[0m[1m [0m  siphoner    [33m✈ transit[0m   X1-KU6-C50     79/80   15/15   [2m3h3m drift[0m   
 [1m [0m[1;95mTYLERMASTERY2-8[0m[1m [0m  siphoner    [33m✈ transit[0m   X1-KU6-B7      38/80   15/15   [2m3h7m drift[0m   
 [1m [0m[1;93mTYLERMASTERY2-9[0m[1m [0m  siphoner    [33m✈ transit[0m   X1-KU6-C50     79/80   15/15   [2m3h1m drift[0m   
 [1m [0m[1;37mTYLERMASTERY2-A[0m[1m [0m  trader      [33m✈ transit[0m   X1-KU6-F58   505/600    0/80   1m21s        
 [1m [0m[1;37mTYLERMASTERY2-B[0m[1m [0m  trader      [33m✈ transit[0m   X1-KU6-F58   505/600    0/80   1m11s        
                                                                                        
  Contract: [36m░░░░░░░░░░░░░░░░░░░░░░░░░░░░░░[0m [1;36m0[0m[1m/[0m[1;36m70[0m IRON → X1-KU6-E56 [1m([0m[1;32m0[0m[32m%[0m[1m)[0m
[1;2;92m20:35:50[0m [32mTYLERMASTERY2-[0m[1;32m2[0m [33m⏳ in transit [0m[1;33m([0m[33m~6m 19s[0m[1;33m)[0m[33m...[0m
[1;2;92m20:35:52[0m [37mTYLERMASTERY2-B[0m [33m⏳ in transit [0m[1;33m([0m[33m~1m 7s[0m[1;33m)[0m[33m...[0m
[1;2;92m20:35:53[0m [37mTYLERMASTERY2-A[0m [33m⏳ in transit [0m[1;33m([0m[33m~1m 16s[0m[1;33m)[0m[33m...[0m
[1;2;92m20:35:57[0m [36mTYLERMASTERY2-[0m[1;36m1[0m [33m🌡 cooldown 24s[0m
[1;2;92m20:35:58[0m [37mTYLERMASTERY2-B[0m [33m⏳ in transit [0m[1;33m([0m[33m~1m 2s[0m[1;33m)[0m[33m...[0m
[1;2;92m20:35:58[0m [33mTYLERMASTERY2-[0m[1;33m4[0m [33m🌡 cooldown 37s[0m
[1;2;92m20:35:59[0m [37mTYLERMASTERY2-A[0m [33m⏳ in transit [0m[1;33m([0m[33m~1m 11s[0m[1;33m)[0m[33m...[0m
[1;2;92m20:36:03[0m [37mTYLERMASTERY2-B[0m [33m⏳ in transit [0m[1;33m([0m[33m~56s[0m[1;33m)[0m[33m...[0m
[1;2;92m20:36:03[0m [35mTYLERMASTERY2-[0m[1;35m3[0m [33m⏳ in transit [0m[1;33m([0m[33m~2h 9m[0m[1;33m)[0m[33m...[0m
[1;2;92m20:36:04[0m [37mTYLERMASTERY2-A[0m [33m⏳ in transit [0m[1;33m([0m[33m~1m 5s[0m[1;33m)[0m[33m...[0m
[1;2;92m20:36:05[0m [34mTYLERMASTERY2-[0m[1;34m5[0m [33m⏳ in transit [0m[1;33m([0m[33m~6m 6s[0m[1;33m)[0m[33m...[0m
[1;2;92m20:36:10[0m [37mTYLERMASTERY2-B[0m [33m⏳ in transit [0m[1;33m([0m[33m~49s[0m[1;33m)[0m[33m...[0m
[1;2;92m20:36:10[0m [36mTYLERMASTERY2-[0m[1;36m1[0m [33m🌡 cooldown 11s[0m
[1;2;92m20:36:11[0m [37mTYLERMASTERY2-A[0m [33m⏳ in transit [0m[1;33m([0m[33m~58s[0m[1;33m)[0m[33m...[0m
[1;2;92m20:36:12[0m [95mTYLERMASTERY2-[0m[1;95m8[0m [33m⏳ in transit [0m[1;33m([0m[33m~3h 7m[0m[1;33m)[0m[33m...[0m
[1;2;92m20:36:14[0m [92mTYLERMASTERY2-[0m[1;92m7[0m [33m⏳ in transit [0m[1;33m([0m[33m~3h 2m[0m[1;33m)[0m[33m...[0m
[1;2;92m20:36:16[0m [33mTYLERMASTERY2-[0m[1;33m4[0m [33m🌡 cooldown 20s[0m
[1;2;92m20:36:16[0m [37mTYLERMASTERY2-A[0m [33m⏳ in transit [0m[1;33m([0m[33m~53s[0m[1;33m)[0m[33m...[0m
[1;2;92m20:36:18[0m [37mTYLERMASTERY2-B[0m [33m⏳ in transit [0m[1;33m([0m[33m~41s[0m[1;33m)[0m[33m...[0m
[1;2;92m20:36:22[0m [37mTYLERMASTERY2-A[0m [33m⏳ in transit [0m[1;33m([0m[33m~47s[0m[1;33m)[0m[33m...[0m
[1;2;92m20:36:23[0m [96mTYLERMASTERY2-[0m[1;96m6[0m [33m⏳ in transit [0m[1;33m([0m[33m~3h 1m[0m[1;33m)[0m[33m...[0m
[1;2;92m20:36:24[0m [93mTYLERMASTERY2-[0m[1;93m9[0m [33m⏳ in transit [0m[1;33m([0m[33m~3h 0m[0m[1;33m)[0m[33m...[0m
[1;2;92m20:36:25[0m [37mTYLERMASTERY2-B[0m [33m⏳ in transit [0m[1;33m([0m[33m~34s[0m[1;33m)[0m[33m...[0m
[1;2;92m20:36:27[0m [37mTYLERMASTERY2-A[0m [33m⏳ in transit [0m[1;33m([0m[33m~42s[0m[1;33m)[0m[33m...[0m
[1;2;92m20:36:28[0m   [36mTYLERMASTERY2-[0m[1;36m1[0m: 6x SILICON_CRYSTALS | __SELL_ONLY__: [1;36m0[0m | Cargo: [1;36m20[0m/[1;36m40[0m | CD: 80s
[1;2;92m20:36:31[0m [37mTYLERMASTERY2-B[0m [33m⏳ in transit [0m[1;33m([0m[33m~28s[0m[1;33m)[0m[33m...[0m
[1;2;92m20:36:33[0m [37mTYLERMASTERY2-A[0m [33m⏳ in transit [0m[1;33m([0m[33m~37s[0m[1;33m)[0m[33m...[0m
[1;2;92m20:36:34[0m [33mTYLERMASTERY2-[0m[1;33m4[0m [33m🌡 cooldown 2s[0m
[1;2;92m20:36:37[0m [36mTYLERMASTERY2-[0m[1;36m1[0m [33m🌡 cooldown 69s[0m
[1;2;92m20:36:38[0m [37mTYLERMASTERY2-A[0m [33m⏳ in transit [0m[1;33m([0m[33m~31s[0m[1;33m)[0m[33m...[0m
[1;2;92m20:36:39[0m [37mTYLERMASTERY2-B[0m [33m⏳ in transit [0m[1;33m([0m[33m~20s[0m[1;33m)[0m[33m...[0m
[1;2;92m20:36:44[0m [35m🔭 TYLERMASTERY2-[0m[1;35m4[0m[35m: [0m[1;35m1[0m[35m [0m[1;35msurvey[0m[1;35m([0m[35ms[0m[1;35m)[0m[35m added [0m[1;35m([0m[1;35m0x[0m[35m IRON hits[0m[1;35m)[0m[35m | pool: [0m[1;35m28[0m
[1;2;92m20:36:46[0m [33mTYLERMASTERY2-[0m[1;33m4[0m [33m🌡 cooldown 67s[0m
[1;2;92m20:36:46[0m [37mTYLERMASTERY2-B[0m [33m⏳ in transit [0m[1;33m([0m[33m~13s[0m[1;33m)[0m[33m...[0m
[1;2;92m20:36:47[0m [36mTYLERMASTERY2-[0m[1;36m1[0m [33m🌡 cooldown 58s[0m
[1;2;92m20:36:48[0m [37mTYLERMASTERY2-A[0m [33m⏳ in transit [0m[1;33m([0m[33m~21s[0m[1;33m)[0m[33m...[0m
[3m                         [0m[1;3mFleet Status[0m[3m  [0m[3;32m1,648,652 cr[0m[3m  [0m[2;3m20:36:49[0m[3m                          [0m
                                                                                       
 [1m [0m[1mShip           [0m[1m [0m [1m [0m[1mRole     [0m[1m [0m [1m [0m[1mStatus   [0m[1m [0m [1m [0m[1mLocation  [0m[1m [0m [1m [0m[1m   Fuel[0m[1m [0m [1m [0m[1mCargo[0m[1m [0m [1m [0m[1mETA       [0m[1m [0m 
 ━━━━━━━━━━━━━━━━━━━━━━━━━━━━━━━━━━━━━━━━━━━━━━━━━━━━━━━━━━━━━━━━━━━━━━━━━━━━━━━━━━━━━ 
 [1m [0m[1;36mTYLERMASTERY2-1[0m[1m [0m  miner       [36m↑ orbit[0m     X1-KU6-B47   385/400   20/40               
 [1m [0m[1;32mTYLERMASTERY2-2[0m[1m [0m  fleet-mgr   [33m✈ transit[0m   X1-KU6-C51         —     0/0   5m20s       
 [1m [0m[1;35mTYLERMASTERY2-3[0m[1m [0m  miner       [33m✈ transit[0m   X1-KU6-B7      79/80    0/15   [2m2h9m drift[0m  
 [1m [0m[1;33mTYLERMASTERY2-4[0m[1m [0m  surveyor    [36m↑ orbit[0m     X1-KU6-B46     21/80     0/0               
 [1m [0m[1;34mTYLERMASTERY2-5[0m[1m [0m  hauler      [33m✈ transit[0m   X1-KU6-E56   261/600   70/80   5m22s       
 [1m [0m[1;96mTYLERMASTERY2-6[0m[1m [0m  siphoner    [33m✈ transit[0m   X1-KU6-C50     79/80   15/15   [2m3h1m drift[0m  
 [1m [0m[1;92mTYLERMASTERY2-7[0m[1m [0m  siphoner    [33m✈ transit[0m   X1-KU6-C50     79/80   15/15   [2m3h2m drift[0m  
 [1m [0m[1;95mTYLERMASTERY2-8[0m[1m [0m  siphoner    [33m✈ transit[0m   X1-KU6-B7      38/80   15/15   [2m3h6m drift[0m  
 [1m [0m[1;93mTYLERMASTERY2-9[0m[1m [0m  siphoner    [33m✈ transit[0m   X1-KU6-C50     79/80   15/15   [2m3h0m drift[0m  
 [1m [0m[1;37mTYLERMASTERY2-A[0m[1m [0m  trader      [33m✈ transit[0m   X1-KU6-F58   505/600    0/80   20s         
 [1m [0m[1;37mTYLERMASTERY2-B[0m[1m [0m  trader      [33m✈ transit[0m   X1-KU6-F58   505/600    0/80   10s         
                                                                                       
  Contract: [36m░░░░░░░░░░░░░░░░░░░░░░░░░░░░░░[0m [1;36m0[0m[1m/[0m[1;36m70[0m IRON → X1-KU6-E56 [1m([0m[1;32m0[0m[32m%[0m[1m)[0m
[1;2;92m20:36:51[0m [37mTYLERMASTERY2-B[0m [33m⏳ in transit [0m[1;33m([0m[33m~8s[0m[1;33m)[0m[33m...[0m
[1;2;92m20:36:53[0m [37mTYLERMASTERY2-A[0m [33m⏳ in transit [0m[1;33m([0m[33m~16s[0m[1;33m)[0m[33m...[0m
[1;2;92m20:36:56[0m [33mTYLERMASTERY2-[0m[1;33m4[0m [33m🌡 cooldown 57s[0m
[1;2;92m20:36:57[0m [32mTYLERMASTERY2-[0m[1;32m2[0m [33m⏳ in transit [0m[1;33m([0m[33m~5m 13s[0m[1;33m)[0m[33m...[0m
[1;2;92m20:36:57[0m [37mTYLERMASTERY2-B[0m [33m⏳ in transit [0m[1;33m([0m[33m~2s[0m[1;33m)[0m[33m...[0m
[1;2;92m20:36:58[0m [36mTYLERMASTERY2-[0m[1;36m1[0m [33m🌡 cooldown 48s[0m
[1;2;92m20:36:59[0m [37mTYLERMASTERY2-A[0m [33m⏳ in transit [0m[1;33m([0m[33m~11s[0m[1;33m)[0m[33m...[0m
[1;2;92m20:37:02[0m [37mTYLERMASTERY2-B[0m [32m✓[0m arrived at [1mX1-KU6-F58[0m
[1;2;92m20:37:04[0m [37mTYLERMASTERY2-A[0m [33m⏳ in transit [0m[1;33m([0m[33m~5s[0m[1;33m)[0m[33m...[0m
[1;2;92m20:37:06[0m [37mTYLERMASTERY2-B[0m [36m⚓ docked[0m
[1;2;92m20:37:06[0m [34mTYLERMASTERY2-[0m[1;34m5[0m [33m⏳ in transit [0m[1;33m([0m[33m~5m 5s[0m[1;33m)[0m[33m...[0m
[1;2;92m20:37:08[0m [33mTYLERMASTERY2-[0m[1;33m4[0m [33m🌡 cooldown 45s[0m
[1;2;92m20:37:11[0m [36mTYLERMASTERY2-[0m[1;36m1[0m [33m🌡 cooldown 35s[0m
[1;2;92m20:37:13[0m [37mTYLERMASTERY2-A[0m [32m✓[0m arrived at [1mX1-KU6-F58[0m
[1;2;92m20:37:17[0m [32m⛽ Refueled to [0m[1;32m600[0m[32m/[0m[1;32m600[0m
[1;2;92m20:37:22[0m [92mTYLERMASTERY2-[0m[1;92m7[0m [33m⏳ in transit [0m[1;33m([0m[33m~3h 1m[0m[1;33m)[0m[33m...[0m
[1;2;92m20:37:22[0m [37mTYLERMASTERY2-A[0m [36m⚓ docked[0m
[1;2;92m20:37:23[0m [36mTYLERMASTERY2-[0m[1;36m1[0m [33m🌡 cooldown 23s[0m
[1;2;92m20:37:23[0m [35mTYLERMASTERY2-[0m[1;35m3[0m [33m⏳ in transit [0m[1;33m([0m[33m~2h 8m[0m[1;33m)[0m[33m...[0m
[1;2;92m20:37:25[0m [93mTYLERMASTERY2-[0m[1;93m9[0m [33m⏳ in transit [0m[1;33m([0m[33m~2h 59m[0m[1;33m)[0m[33m...[0m
[1;2;92m20:37:25[0m [96mTYLERMASTERY2-[0m[1;96m6[0m [33m⏳ in transit [0m[1;33m([0m[33m~3h 0m[0m[1;33m)[0m[33m...[0m
[1;2;92m20:37:26[0m [95mTYLERMASTERY2-[0m[1;95m8[0m [33m⏳ in transit [0m[1;33m([0m[33m~3h 5m[0m[1;33m)[0m[33m...[0m
[1;2;92m20:37:26[0m [33mTYLERMASTERY2-B: ELECTRONICS margin shrank to [0m[1;33m-108[0m[33m/u [0m[1;33m([0m[1;33m-3[0m[33m% ROI[0m[1;33m)[0m[33m at live price [0m[1;33m3[0m[33m,[0m[1;33m154[0m[33m — re-scanning[0m
[1;2;92m20:37:27[0m [32m⛽ Refueled to [0m[1;32m600[0m[32m/[0m[1;32m600[0m
[1;2;92m20:37:34[0m [33mTYLERMASTERY2-A: ELECTRONICS margin shrank to [0m[1;33m-108[0m[33m/u [0m[1;33m([0m[1;33m-3[0m[33m% ROI[0m[1;33m)[0m[33m at live price [0m[1;33m3[0m[33m,[0m[1;33m154[0m[33m — re-scanning[0m
[1;2;92m20:37:35[0m [36mTYLERMASTERY2-[0m[1;36m1[0m [33m🌡 cooldown 11s[0m
[1;2;92m20:37:36[0m [33mTYLERMASTERY2-[0m[1;33m4[0m [33m🌡 cooldown 17s[0m
[1;2;92m20:37:36[0m [35m💹 TYLERMASTERY2-B: COPPER X1-KU6-H61→X1-KU6-F58 buy [0m[1;35m171[0m[35m/u sell [0m[1;35m322[0m[35m/u [0m[1;35m([0m[35m+[0m[1;35m151[0m[35m/u[0m[1;35m)[0m[35m × 80u = est +[0m[1;35m12[0m[35m,[0m[1;35m080[0m[35m cr[0m
[1;2;92m20:37:44[0m [35m💹 TYLERMASTERY2-A: COPPER X1-KU6-H61→X1-KU6-F58 buy [0m[1;35m171[0m[35m/u sell [0m[1;35m322[0m[35m/u [0m[1;35m([0m[35m+[0m[1;35m151[0m[35m/u[0m[1;35m)[0m[35m × 80u = est +[0m[1;35m12[0m[35m,[0m[1;35m080[0m[35m cr[0m
[1;2;92m20:37:48[0m   [36mTYLERMASTERY2-[0m[1;36m1[0m: 3x SILICON_CRYSTALS | __SELL_ONLY__: [1;36m0[0m | Cargo: [1;36m23[0m/[1;36m40[0m | CD: 80s
[1;2;92m20:37:48[0m [33mTYLERMASTERY2-[0m[1;33m4[0m [33m🌡 cooldown 5s[0m
[1;2;92m20:37:48[0m [37mTYLERMASTERY2-B[0m [36m↑ orbiting[0m
[1;2;92m20:37:48[0m [37mTYLERMASTERY2-B[0m [34m🚀 Navigating → X1-KU6-H61[0m
[1;2;92m20:37:48[0m [37mTYLERMASTERY2-A[0m [36m↑ orbiting[0m
[1;2;92m20:37:48[0m [37mTYLERMASTERY2-A[0m [34m🚀 Navigating → X1-KU6-H61[0m
[1;2;92m20:37:48[0m [36mTYLERMASTERY2-[0m[1;36m1[0m [33m🌡 cooldown 79s[0m
[1;2;92m20:37:49[0m [37mTYLERMASTERY2-B[0m [33m⏳ in transit [0m[1;33m([0m[33m~1m 24s[0m[1;33m)[0m[33m...[0m
[1;2;92m20:37:49[0m [37mTYLERMASTERY2-A[0m [33m⏳ in transit [0m[1;33m([0m[33m~1m 24s[0m[1;33m)[0m[33m...[0m
[3m                          [0m[1;3mFleet Status[0m[3m  [0m[3;32m1,648,508 cr[0m[3m  [0m[2;3m20:37:50[0m[3m                          [0m
                                                                                        
 [1m [0m[1mShip           [0m[1m [0m [1m [0m[1mRole     [0m[1m [0m [1m [0m[1mStatus   [0m[1m [0m [1m [0m[1mLocation  [0m[1m [0m [1m [0m[1m   Fuel[0m[1m [0m [1m [0m[1mCargo[0m[1m [0m [1m [0m[1mETA        [0m[1m [0m 
 ━━━━━━━━━━━━━━━━━━━━━━━━━━━━━━━━━━━━━━━━━━━━━━━━━━━━━━━━━━━━━━━━━━━━━━━━━━━━━━━━━━━━━━ 
 [1m [0m[1;36mTYLERMASTERY2-1[0m[1m [0m  miner       [36m↑ orbit[0m     X1-KU6-B47   385/400   23/40                
 [1m [0m[1;32mTYLERMASTERY2-2[0m[1m [0m  fleet-mgr   [33m✈ transit[0m   X1-KU6-C51         —     0/0   4m19s        
 [1m [0m[1;35mTYLERMASTERY2-3[0m[1m [0m  miner       [33m✈ transit[0m   X1-KU6-B7      79/80    0/15   [2m2h8m drift[0m   
 [1m [0m[1;33mTYLERMASTERY2-4[0m[1m [0m  surveyor    [36m↑ orbit[0m     X1-KU6-B46     21/80     0/0                
 [1m [0m[1;34mTYLERMASTERY2-5[0m[1m [0m  hauler      [33m✈ transit[0m   X1-KU6-E56   261/600   70/80   4m21s        
 [1m [0m[1;96mTYLERMASTERY2-6[0m[1m [0m  siphoner    [33m✈ transit[0m   X1-KU6-C50     79/80   15/15   [2m3h0m drift[0m   
 [1m [0m[1;92mTYLERMASTERY2-7[0m[1m [0m  siphoner    [33m✈ transit[0m   X1-KU6-C50     79/80   15/15   [2m3h1m drift[0m   
 [1m [0m[1;95mTYLERMASTERY2-8[0m[1m [0m  siphoner    [33m✈ transit[0m   X1-KU6-B7      38/80   15/15   [2m3h5m drift[0m   
 [1m [0m[1;93mTYLERMASTERY2-9[0m[1m [0m  siphoner    [33m✈ transit[0m   X1-KU6-C50     79/80   15/15   [2m2h59m drift[0m  
 [1m [0m[1;37mTYLERMASTERY2-A[0m[1m [0m  trader      [33m✈ transit[0m   X1-KU6-H61   558/600    0/80   1m23s        
 [1m [0m[1;37mTYLERMASTERY2-B[0m[1m [0m  trader      [33m✈ transit[0m   X1-KU6-H61   558/600    0/80   1m23s        
                                                                                        
  Contract: [36m░░░░░░░░░░░░░░░░░░░░░░░░░░░░░░[0m [1;36m0[0m[1m/[0m[1;36m70[0m IRON → X1-KU6-E56 [1m([0m[1;32m0[0m[32m%[0m[1m)[0m
[1;2;92m20:37:55[0m [37mTYLERMASTERY2-A[0m [33m⏳ in transit [0m[1;33m([0m[33m~1m 19s[0m[1;33m)[0m[33m...[0m
[1;2;92m20:37:57[0m [35m🔭 TYLERMASTERY2-[0m[1;35m4[0m[35m: [0m[1;35m1[0m[35m [0m[1;35msurvey[0m[1;35m([0m[35ms[0m[1;35m)[0m[35m added [0m[1;35m([0m[1;35m0x[0m[35m IRON hits[0m[1;35m)[0m[35m | pool: [0m[1;35m28[0m
[1;2;92m20:37:59[0m [36mTYLERMASTERY2-[0m[1;36m1[0m [33m🌡 cooldown 69s[0m
[1;2;92m20:38:00[0m [37mTYLERMASTERY2-A[0m [33m⏳ in transit [0m[1;33m([0m[33m~1m 13s[0m[1;33m)[0m[33m...[0m
[1;2;92m20:38:05[0m [37mTYLERMASTERY2-A[0m [33m⏳ in transit [0m[1;33m([0m[33m~1m 8s[0m[1;33m)[0m[33m...[0m
[1;2;92m20:38:07[0m [37mTYLERMASTERY2-B[0m [33m⏳ in transit [0m[1;33m([0m[33m~1m 6s[0m[1;33m)[0m[33m...[0m
[1;2;92m20:38:09[0m [34mTYLERMASTERY2-[0m[1;34m5[0m [33m⏳ in transit [0m[1;33m([0m[33m~4m 3s[0m[1;33m)[0m[33m...[0m
[1;2;92m20:38:10[0m [33mTYLERMASTERY2-[0m[1;33m4[0m [33m🌡 cooldown 56s[0m
[1;2;92m20:38:12[0m [37mTYLERMASTERY2-A[0m [33m⏳ in transit [0m[1;33m([0m[33m~1m 1s[0m[1;33m)[0m[33m...[0m
[1;2;92m20:38:15[0m [32mTYLERMASTERY2-[0m[1;32m2[0m [33m⏳ in transit [0m[1;33m([0m[33m~3m 55s[0m[1;33m)[0m[33m...[0m
[1;2;92m20:38:17[0m [37mTYLERMASTERY2-B[0m [33m⏳ in transit [0m[1;33m([0m[33m~56s[0m[1;33m)[0m[33m...[0m
[1;2;92m20:38:18[0m [37mTYLERMASTERY2-A[0m [33m⏳ in transit [0m[1;33m([0m[33m~55s[0m[1;33m)[0m[33m...[0m
[1;2;92m20:38:23[0m [92mTYLERMASTERY2-[0m[1;92m7[0m [33m⏳ in transit [0m[1;33m([0m[33m~3h 0m[0m[1;33m)[0m[33m...[0m
[1;2;92m20:38:24[0m [36mTYLERMASTERY2-[0m[1;36m1[0m [33m🌡 cooldown 44s[0m
[1;2;92m20:38:24[0m [37mTYLERMASTERY2-B[0m [33m⏳ in transit [0m[1;33m([0m[33m~49s[0m[1;33m)[0m[33m...[0m
[1;2;92m20:38:25[0m [37mTYLERMASTERY2-A[0m [33m⏳ in transit [0m[1;33m([0m[33m~48s[0m[1;33m)[0m[33m...[0m
[1;2;92m20:38:26[0m [93mTYLERMASTERY2-[0m[1;93m9[0m [33m⏳ in transit [0m[1;33m([0m[33m~2h 58m[0m[1;33m)[0m[33m...[0m
[1;2;92m20:38:27[0m [35mTYLERMASTERY2-[0m[1;35m3[0m [33m⏳ in transit [0m[1;33m([0m[33m~2h 7m[0m[1;33m)[0m[33m...[0m
[1;2;92m20:38:28[0m [33mTYLERMASTERY2-[0m[1;33m4[0m [33m🌡 cooldown 38s[0m
[1;2;92m20:38:30[0m [95mTYLERMASTERY2-[0m[1;95m8[0m [33m⏳ in transit [0m[1;33m([0m[33m~3h 4m[0m[1;33m)[0m[33m...[0m
[1;2;92m20:38:33[0m [37mTYLERMASTERY2-B[0m [33m⏳ in transit [0m[1;33m([0m[33m~39s[0m[1;33m)[0m[33m...[0m
[1;2;92m20:38:38[0m [37mTYLERMASTERY2-A[0m [33m⏳ in transit [0m[1;33m([0m[33m~36s[0m[1;33m)[0m[33m...[0m
[1;2;92m20:38:38[0m [36mTYLERMASTERY2-[0m[1;36m1[0m [33m🌡 cooldown 29s[0m
[1;2;92m20:38:40[0m [33mTYLERMASTERY2-[0m[1;33m4[0m [33m🌡 cooldown 26s[0m
[1;2;92m20:38:42[0m [96mTYLERMASTERY2-[0m[1;96m6[0m [33m⏳ in transit [0m[1;33m([0m[33m~2h 59m[0m[1;33m)[0m[33m...[0m
[1;2;92m20:38:48[0m [37mTYLERMASTERY2-A[0m [33m⏳ in transit [0m[1;33m([0m[33m~26s[0m[1;33m)[0m[33m...[0m
[1;2;92m20:38:48[0m [37mTYLERMASTERY2-B[0m [33m⏳ in transit [0m[1;33m([0m[33m~25s[0m[1;33m)[0m[33m...[0m
[1;2;92m20:38:49[0m [36mTYLERMASTERY2-[0m[1;36m1[0m [33m🌡 cooldown 19s[0m
[1;2;92m20:38:50[0m [33mTYLERMASTERY2-[0m[1;33m4[0m [33m🌡 cooldown 16s[0m
[3m                          [0m[1;3mFleet Status[0m[3m  [0m[3;32m1,648,508 cr[0m[3m  [0m[2;3m20:38:51[0m[3m                          [0m
                                                                                        
 [1m [0m[1mShip           [0m[1m [0m [1m [0m[1mRole     [0m[1m [0m [1m [0m[1mStatus   [0m[1m [0m [1m [0m[1mLocation  [0m[1m [0m [1m [0m[1m   Fuel[0m[1m [0m [1m [0m[1mCargo[0m[1m [0m [1m [0m[1mETA        [0m[1m [0m 
 ━━━━━━━━━━━━━━━━━━━━━━━━━━━━━━━━━━━━━━━━━━━━━━━━━━━━━━━━━━━━━━━━━━━━━━━━━━━━━━━━━━━━━━ 
 [1m [0m[1;36mTYLERMASTERY2-1[0m[1m [0m  miner       [36m↑ orbit[0m     X1-KU6-B47   385/400   23/40                
 [1m [0m[1;32mTYLERMASTERY2-2[0m[1m [0m  fleet-mgr   [33m✈ transit[0m   X1-KU6-C51         —     0/0   3m18s        
 [1m [0m[1;35mTYLERMASTERY2-3[0m[1m [0m  miner       [33m✈ transit[0m   X1-KU6-B7      79/80    0/15   [2m2h7m drift[0m   
 [1m [0m[1;33mTYLERMASTERY2-4[0m[1m [0m  surveyor    [36m↑ orbit[0m     X1-KU6-B46     21/80     0/0                
 [1m [0m[1;34mTYLERMASTERY2-5[0m[1m [0m  hauler      [33m✈ transit[0m   X1-KU6-E56   261/600   70/80   3m20s        
 [1m [0m[1;96mTYLERMASTERY2-6[0m[1m [0m  siphoner    [33m✈ transit[0m   X1-KU6-C50     79/80   15/15   [2m2h59m drift[0m  
 [1m [0m[1;92mTYLERMASTERY2-7[0m[1m [0m  siphoner    [33m✈ transit[0m   X1-KU6-C50     79/80   15/15   [2m3h0m drift[0m   
 [1m [0m[1;95mTYLERMASTERY2-8[0m[1m [0m  siphoner    [33m✈ transit[0m   X1-KU6-B7      38/80   15/15   [2m3h4m drift[0m   
 [1m [0m[1;93mTYLERMASTERY2-9[0m[1m [0m  siphoner    [33m✈ transit[0m   X1-KU6-C50     79/80   15/15   [2m2h58m drift[0m  
 [1m [0m[1;37mTYLERMASTERY2-A[0m[1m [0m  trader      [33m✈ transit[0m   X1-KU6-H61   558/600    0/80   22s          
 [1m [0m[1;37mTYLERMASTERY2-B[0m[1m [0m  trader      [33m✈ transit[0m   X1-KU6-H61   558/600    0/80   22s          
                                                                                        
  Contract: [36m░░░░░░░░░░░░░░░░░░░░░░░░░░░░░░[0m [1;36m0[0m[1m/[0m[1;36m70[0m IRON → X1-KU6-E56 [1m([0m[1;32m0[0m[32m%[0m[1m)[0m
[1;2;92m20:38:53[0m [37mTYLERMASTERY2-A[0m [33m⏳ in transit [0m[1;33m([0m[33m~20s[0m[1;33m)[0m[33m...[0m
[1;2;92m20:38:53[0m [37mTYLERMASTERY2-B[0m [33m⏳ in transit [0m[1;33m([0m[33m~20s[0m[1;33m)[0m[33m...[0m
[1;2;92m20:38:58[0m [37mTYLERMASTERY2-A[0m [33m⏳ in transit [0m[1;33m([0m[33m~15s[0m[1;33m)[0m[33m...[0m
[1;2;92m20:38:59[0m [37mTYLERMASTERY2-B[0m [33m⏳ in transit [0m[1;33m([0m[33m~14s[0m[1;33m)[0m[33m...[0m
[1;2;92m20:38:59[0m [36mTYLERMASTERY2-[0m[1;36m1[0m [33m🌡 cooldown 8s[0m
[1;2;92m20:39:01[0m [33mTYLERMASTERY2-[0m[1;33m4[0m [33m🌡 cooldown 5s[0m
[1;2;92m20:39:04[0m [37mTYLERMASTERY2-A[0m [33m⏳ in transit [0m[1;33m([0m[33m~9s[0m[1;33m)[0m[33m...[0m
[1;2;92m20:39:04[0m [37mTYLERMASTERY2-B[0m [33m⏳ in transit [0m[1;33m([0m[33m~9s[0m[1;33m)[0m[33m...[0m
[1;2;92m20:39:11[0m [37mTYLERMASTERY2-A[0m [33m⏳ in transit [0m[1;33m([0m[33m~2s[0m[1;33m)[0m[33m...[0m
[1;2;92m20:39:14[0m [37mTYLERMASTERY2-B[0m [32m✓[0m arrived at [1mX1-KU6-H61[0m
[1;2;92m20:39:17[0m   [36mTYLERMASTERY2-[0m[1;36m1[0m: 5x AMMONIA_ICE | __SELL_ONLY__: [1;36m0[0m | Cargo: [1;36m28[0m/[1;36m40[0m | CD: 80s
[1;2;92m20:39:18[0m [37mTYLERMASTERY2-A[0m [32m✓[0m arrived at [1mX1-KU6-H61[0m
[1;2;92m20:39:18[0m [35m🔭 TYLERMASTERY2-[0m[1;35m4[0m[35m: [0m[1;35m1[0m[35m [0m[1;35msurvey[0m[1;35m([0m[35ms[0m[1;35m)[0m[35m added [0m[1;35m([0m[1;35m0x[0m[35m IRON hits[0m[1;35m)[0m[35m | pool: [0m[1;35m25[0m
[1;2;92m20:39:22[0m [36mTYLERMASTERY2-[0m[1;36m1[0m [33m🌡 cooldown 73s[0m
[1;2;92m20:39:24[0m [92mTYLERMASTERY2-[0m[1;92m7[0m [33m⏳ in transit [0m[1;33m([0m[33m~2h 59m[0m[1;33m)[0m[33m...[0m
[1;2;92m20:39:25[0m [37mTYLERMASTERY2-B[0m [36m⚓ docked[0m
[1;2;92m20:39:29[0m [35mTYLERMASTERY2-[0m[1;35m3[0m [33m⏳ in transit [0m[1;33m([0m[33m~2h 6m[0m[1;33m)[0m[33m...[0m
[1;2;92m20:39:32[0m [33mTYLERMASTERY2-[0m[1;33m4[0m [33m🌡 cooldown 56s[0m
[1;2;92m20:39:34[0m [37mTYLERMASTERY2-A[0m [36m⚓ docked[0m
[1;2;92m20:39:34[0m [32m⛽ Refueled to [0m[1;32m600[0m[32m/[0m[1;32m600[0m
[1;2;92m20:39:35[0m [95mTYLERMASTERY2-[0m[1;95m8[0m [33m⏳ in transit [0m[1;33m([0m[33m~3h 3m[0m[1;33m)[0m[33m...[0m
[1;2;92m20:39:35[0m [34mTYLERMASTERY2-[0m[1;34m5[0m [33m⏳ in transit [0m[1;33m([0m[33m~2m 36s[0m[1;33m)[0m[33m...[0m
[1;2;92m20:39:39[0m [36mTYLERMASTERY2-[0m[1;36m1[0m [33m🌡 cooldown 57s[0m
[1;2;92m20:39:39[0m [93mTYLERMASTERY2-[0m[1;93m9[0m [33m⏳ in transit [0m[1;33m([0m[33m~2h 57m[0m[1;33m)[0m[33m...[0m
[1;2;92m20:39:40[0m [32mTYLERMASTERY2-[0m[1;32m2[0m [33m⏳ in transit [0m[1;33m([0m[33m~2m 30s[0m[1;33m)[0m[33m...[0m
[1;2;92m20:39:42[0m [32m⛽ Refueled to [0m[1;32m600[0m[32m/[0m[1;32m600[0m
[1;2;92m20:39:44[0m [33mTYLERMASTERY2-[0m[1;33m4[0m [33m🌡 cooldown 44s[0m
[1;2;92m20:39:47[0m [96mTYLERMASTERY2-[0m[1;96m6[0m [33m⏳ in transit [0m[1;33m([0m[33m~2h 58m[0m[1;33m)[0m[33m...[0m
[1;2;92m20:39:49[0m [36mTYLERMASTERY2-[0m[1;36m1[0m [33m🌡 cooldown 47s[0m
[3m                          [0m[1;3mFleet Status[0m[3m  [0m[3;32m1,648,364 cr[0m[3m  [0m[2;3m20:39:52[0m[3m                          [0m
                                                                                        
 [1m [0m[1mShip           [0m[1m [0m [1m [0m[1mRole     [0m[1m [0m [1m [0m[1mStatus   [0m[1m [0m [1m [0m[1mLocation  [0m[1m [0m [1m [0m[1m   Fuel[0m[1m [0m [1m [0m[1mCargo[0m[1m [0m [1m [0m[1mETA        [0m[1m [0m 
 ━━━━━━━━━━━━━━━━━━━━━━━━━━━━━━━━━━━━━━━━━━━━━━━━━━━━━━━━━━━━━━━━━━━━━━━━━━━━━━━━━━━━━━ 
 [1m [0m[1;36mTYLERMASTERY2-1[0m[1m [0m  miner       [36m↑ orbit[0m     X1-KU6-B47   385/400   28/40                
 [1m [0m[1;32mTYLERMASTERY2-2[0m[1m [0m  fleet-mgr   [33m✈ transit[0m   X1-KU6-C51         —     0/0   2m17s        
 [1m [0m[1;35mTYLERMASTERY2-3[0m[1m [0m  miner       [33m✈ transit[0m   X1-KU6-B7      79/80    0/15   [2m2h6m drift[0m   
 [1m [0m[1;33mTYLERMASTERY2-4[0m[1m [0m  surveyor    [36m↑ orbit[0m     X1-KU6-B46     21/80     0/0                
 [1m [0m[1;34mTYLERMASTERY2-5[0m[1m [0m  hauler      [33m✈ transit[0m   X1-KU6-E56   261/600   70/80   2m19s        
 [1m [0m[1;96mTYLERMASTERY2-6[0m[1m [0m  siphoner    [33m✈ transit[0m   X1-KU6-C50     79/80   15/15   [2m2h58m drift[0m  
 [1m [0m[1;92mTYLERMASTERY2-7[0m[1m [0m  siphoner    [33m✈ transit[0m   X1-KU6-C50     79/80   15/15   [2m2h59m drift[0m  
 [1m [0m[1;95mTYLERMASTERY2-8[0m[1m [0m  siphoner    [33m✈ transit[0m   X1-KU6-B7      38/80   15/15   [2m3h3m drift[0m   
 [1m [0m[1;93mTYLERMASTERY2-9[0m[1m [0m  siphoner    [33m✈ transit[0m   X1-KU6-C50     79/80   15/15   [2m2h57m drift[0m  
 [1m [0m[1;37mTYLERMASTERY2-A[0m[1m [0m  trader      [32m⚓ docked[0m   X1-KU6-H61   600/600    0/80                
 [1m [0m[1;37mTYLERMASTERY2-B[0m[1m [0m  trader      [32m⚓ docked[0m   X1-KU6-H61   600/600    0/80                
                                                                                        
  Contract: [36m░░░░░░░░░░░░░░░░░░░░░░░░░░░░░░[0m [1;36m0[0m[1m/[0m[1;36m70[0m IRON → X1-KU6-E56 [1m([0m[1;32m0[0m[32m%[0m[1m)[0m
[1;2;92m20:39:54[0m [33mTYLERMASTERY2-[0m[1;33m4[0m [33m🌡 cooldown 33s[0m
[1;2;92m20:40:00[0m [36mTYLERMASTERY2-[0m[1;36m1[0m [33m🌡 cooldown 36s[0m
[1;2;92m20:40:05[0m [33mTYLERMASTERY2-[0m[1;33m4[0m [33m🌡 cooldown 23s[0m
[1;2;92m20:40:12[0m [36mTYLERMASTERY2-[0m[1;36m1[0m [33m🌡 cooldown 24s[0m
[1;2;92m20:40:12[0m [32mTYLERMASTERY2-[0m[1;32m2[0m [33m⏳ in transit [0m[1;33m([0m[33m~1m 58s[0m[1;33m)[0m[33m...[0m
[1;2;92m20:40:17[0m [33mTYLERMASTERY2-[0m[1;33m4[0m [33m🌡 cooldown 11s[0m
[1;2;92m20:40:20[0m [32mTYLERMASTERY2-[0m[1;32m2[0m [33m⏳ in transit [0m[1;33m([0m[33m~1m 49s[0m[1;33m)[0m[33m...[0m
[1;2;92m20:40:22[0m [36mTYLERMASTERY2-[0m[1;36m1[0m [33m🌡 cooldown 14s[0m
[1;2;92m20:40:24[0m [92mTYLERMASTERY2-[0m[1;92m7[0m [33m⏳ in transit [0m[1;33m([0m[33m~2h 58m[0m[1;33m)[0m[33m...[0m
[1;2;92m20:40:30[0m [32mTYLERMASTERY2-[0m[1;32m2[0m [33m⏳ in transit [0m[1;33m([0m[33m~1m 40s[0m[1;33m)[0m[33m...[0m
[1;2;92m20:40:32[0m [36mTYLERMASTERY2-[0m[1;36m1[0m [33m🌡 cooldown 3s[0m
[1;2;92m20:40:34[0m [35mTYLERMASTERY2-[0m[1;35m3[0m [33m⏳ in transit [0m[1;33m([0m[33m~2h 5m[0m[1;33m)[0m[33m...[0m
[1;2;92m20:40:36[0m [32mTYLERMASTERY2-[0m[1;32m2[0m [33m⏳ in transit [0m[1;33m([0m[33m~1m 33s[0m[1;33m)[0m[33m...[0m
[1;2;92m20:40:37[0m [95mTYLERMASTERY2-[0m[1;95m8[0m [33m⏳ in transit [0m[1;33m([0m[33m~3h 2m[0m[1;33m)[0m[33m...[0m
[1;2;92m20:40:41[0m [93mTYLERMASTERY2-[0m[1;93m9[0m [33m⏳ in transit [0m[1;33m([0m[33m~2h 56m[0m[1;33m)[0m[33m...[0m
[1;2;92m20:40:42[0m [34mTYLERMASTERY2-[0m[1;34m5[0m [33m⏳ in transit [0m[1;33m([0m[33m~1m 29s[0m[1;33m)[0m[33m...[0m
[1;2;92m20:40:43[0m [32mTYLERMASTERY2-[0m[1;32m2[0m [33m⏳ in transit [0m[1;33m([0m[33m~1m 26s[0m[1;33m)[0m[33m...[0m
[1;2;92m20:40:45[0m [35m🔭 TYLERMASTERY2-[0m[1;35m4[0m[35m: [0m[1;35m1[0m[35m [0m[1;35msurvey[0m[1;35m([0m[35ms[0m[1;35m)[0m[35m added [0m[1;35m([0m[1;35m0x[0m[35m IRON hits[0m[1;35m)[0m[35m | pool: [0m[1;35m26[0m
[1;2;92m20:40:48[0m [34mTYLERMASTERY2-[0m[1;34m5[0m [33m⏳ in transit [0m[1;33m([0m[33m~1m 24s[0m[1;33m)[0m[33m...[0m
[1;2;92m20:40:48[0m [96mTYLERMASTERY2-[0m[1;96m6[0m [33m⏳ in transit [0m[1;33m([0m[33m~2h 57m[0m[1;33m)[0m[33m...[0m
[1;2;92m20:40:48[0m   [36mTYLERMASTERY2-[0m[1;36m1[0m: 4x PRECIOUS_STONES | __SELL_ONLY__: [1;36m0[0m | Cargo: [1;36m32[0m/[1;36m40[0m | CD: 80s
[1;2;92m20:40:49[0m [33mTYLERMASTERY2-[0m[1;33m4[0m [33m🌡 cooldown 66s[0m
[1;2;92m20:40:49[0m [32mTYLERMASTERY2-[0m[1;32m2[0m [33m⏳ in transit [0m[1;33m([0m[33m~1m 20s[0m[1;33m)[0m[33m...[0m
[1;2;92m20:40:49[0m [36mTYLERMASTERY2-[0m[1;36m1[0m [33m🌡 cooldown 79s[0m
[1;2;92m20:40:53[0m [34mTYLERMASTERY2-[0m[1;34m5[0m [33m⏳ in transit [0m[1;33m([0m[33m~1m 18s[0m[1;33m)[0m[33m...[0m
[3m                          [0m[1;3mFleet Status[0m[3m  [0m[3;32m1,648,364 cr[0m[3m  [0m[2;3m20:40:53[0m[3m                          [0m
                                                                                        
 [1m [0m[1mShip           [0m[1m [0m [1m [0m[1mRole     [0m[1m [0m [1m [0m[1mStatus   [0m[1m [0m [1m [0m[1mLocation  [0m[1m [0m [1m [0m[1m   Fuel[0m[1m [0m [1m [0m[1mCargo[0m[1m [0m [1m [0m[1mETA        [0m[1m [0m 
 ━━━━━━━━━━━━━━━━━━━━━━━━━━━━━━━━━━━━━━━━━━━━━━━━━━━━━━━━━━━━━━━━━━━━━━━━━━━━━━━━━━━━━━ 
 [1m [0m[1;36mTYLERMASTERY2-1[0m[1m [0m  miner       [36m↑ orbit[0m     X1-KU6-B47   385/400   32/40                
 [1m [0m[1;32mTYLERMASTERY2-2[0m[1m [0m  fleet-mgr   [33m✈ transit[0m   X1-KU6-C51         —     0/0   1m16s        
 [1m [0m[1;35mTYLERMASTERY2-3[0m[1m [0m  miner       [33m✈ transit[0m   X1-KU6-B7      79/80    0/15   [2m2h5m drift[0m   
 [1m [0m[1;33mTYLERMASTERY2-4[0m[1m [0m  surveyor    [36m↑ orbit[0m     X1-KU6-B46     21/80     0/0                
 [1m [0m[1;34mTYLERMASTERY2-5[0m[1m [0m  hauler      [33m✈ transit[0m   X1-KU6-E56   261/600   70/80   1m18s        
 [1m [0m[1;96mTYLERMASTERY2-6[0m[1m [0m  siphoner    [33m✈ transit[0m   X1-KU6-C50     79/80   15/15   [2m2h57m drift[0m  
 [1m [0m[1;92mTYLERMASTERY2-7[0m[1m [0m  siphoner    [33m✈ transit[0m   X1-KU6-C50     79/80   15/15   [2m2h58m drift[0m  
 [1m [0m[1;95mTYLERMASTERY2-8[0m[1m [0m  siphoner    [33m✈ transit[0m   X1-KU6-B7      38/80   15/15   [2m3h2m drift[0m   
 [1m [0m[1;93mTYLERMASTERY2-9[0m[1m [0m  siphoner    [33m✈ transit[0m   X1-KU6-C50     79/80   15/15   [2m2h56m drift[0m  
 [1m [0m[1;37mTYLERMASTERY2-A[0m[1m [0m  trader      [32m⚓ docked[0m   X1-KU6-H61   600/600    0/80                
 [1m [0m[1;37mTYLERMASTERY2-B[0m[1m [0m  trader      [32m⚓ docked[0m   X1-KU6-H61   600/600    0/80                
                                                                                        
  Contract: [36m░░░░░░░░░░░░░░░░░░░░░░░░░░░░░░[0m [1;36m0[0m[1m/[0m[1;36m70[0m IRON → X1-KU6-E56 [1m([0m[1;32m0[0m[32m%[0m[1m)[0m
[1;2;92m20:40:54[0m [32mTYLERMASTERY2-[0m[1;32m2[0m [33m⏳ in transit [0m[1;33m([0m[33m~1m 15s[0m[1;33m)[0m[33m...[0m
[1;2;92m20:40:58[0m [34mTYLERMASTERY2-[0m[1;34m5[0m [33m⏳ in transit [0m[1;33m([0m[33m~1m 13s[0m[1;33m)[0m[33m...[0m
[1;2;92m20:40:59[0m [33mTYLERMASTERY2-[0m[1;33m4[0m [33m🌡 cooldown 55s[0m
[1;2;92m20:41:00[0m [36mTYLERMASTERY2-[0m[1;36m1[0m [33m🌡 cooldown 69s[0m
[1;2;92m20:41:00[0m [32mTYLERMASTERY2-[0m[1;32m2[0m [33m⏳ in transit [0m[1;33m([0m[33m~1m 10s[0m[1;33m)[0m[33m...[0m
[1;2;92m20:41:04[0m [34mTYLERMASTERY2-[0m[1;34m5[0m [33m⏳ in transit [0m[1;33m([0m[33m~1m 7s[0m[1;33m)[0m[33m...[0m
[1;2;92m20:41:07[0m [32mTYLERMASTERY2-[0m[1;32m2[0m [33m⏳ in transit [0m[1;33m([0m[33m~1m 3s[0m[1;33m)[0m[33m...[0m
[1;2;92m20:41:09[0m [37mTYLERMASTERY2-B[0m [2madjusting batch size to [0m[1;2;36m60[0m[2m/tx for COPPER[0m
[1;2;92m20:41:10[0m [37mTYLERMASTERY2-A[0m [2madjusting batch size to [0m[1;2;36m60[0m[2m/tx for COPPER[0m
[1;2;92m20:41:11[0m [33mTYLERMASTERY2-[0m[1;33m4[0m [33m🌡 cooldown 43s[0m
[1;2;92m20:41:12[0m [32mTYLERMASTERY2-[0m[1;32m2[0m [33m⏳ in transit [0m[1;33m([0m[33m~57s[0m[1;33m)[0m[33m...[0m
[1;2;92m20:41:12[0m [35m🛒 TYLERMASTERY2-B: bought 6[0m[1;35m0x[0m[35m COPPER @ [0m[1;35m171[0m[35m/u | Credits: [0m[1;35m1[0m[35m,[0m[1;35m638[0m[35m,[0m[1;35m104[0m
[1;2;92m20:41:14[0m [36mTYLERMASTERY2-[0m[1;36m1[0m [33m🌡 cooldown 54s[0m
[1;2;92m20:41:17[0m [35m🛒 TYLERMASTERY2-B: bought 2[0m[1;35m0x[0m[35m COPPER @ [0m[1;35m171[0m[35m/u | Credits: [0m[1;35m1[0m[35m,[0m[1;35m634[0m[35m,[0m[1;35m464[0m
[1;2;92m20:41:18[0m [34mTYLERMASTERY2-[0m[1;34m5[0m [33m⏳ in transit [0m[1;33m([0m[33m~53s[0m[1;33m)[0m[33m...[0m
[1;2;92m20:41:19[0m [32mTYLERMASTERY2-[0m[1;32m2[0m [33m⏳ in transit [0m[1;33m([0m[33m~50s[0m[1;33m)[0m[33m...[0m
[1;2;92m20:41:24[0m [35m🛒 TYLERMASTERY2-A: bought 6[0m[1;35m0x[0m[35m COPPER @ [0m[1;35m171[0m[35m/u | Credits: [0m[1;35m1[0m[35m,[0m[1;35m623[0m[35m,[0m[1;35m244[0m
[1;2;92m20:41:25[0m [36mTYLERMASTERY2-[0m[1;36m1[0m [33m🌡 cooldown 43s[0m
[1;2;92m20:41:25[0m [92mTYLERMASTERY2-[0m[1;92m7[0m [33m⏳ in transit [0m[1;33m([0m[33m~2h 57m[0m[1;33m)[0m[33m...[0m
[1;2;92m20:41:27[0m [33mTYLERMASTERY2-[0m[1;33m4[0m [33m🌡 cooldown 27s[0m
[1;2;92m20:41:27[0m [35m🛒 TYLERMASTERY2-A: bought 2[0m[1;35m0x[0m[35m COPPER @ [0m[1;35m171[0m[35m/u | Credits: [0m[1;35m1[0m[35m,[0m[1;35m619[0m[35m,[0m[1;35m204[0m
[1;2;92m20:41:30[0m [32mTYLERMASTERY2-[0m[1;32m2[0m [33m⏳ in transit [0m[1;33m([0m[33m~39s[0m[1;33m)[0m[33m...[0m
[1;2;92m20:41:33[0m [37mTYLERMASTERY2-B[0m [36m↑ orbiting[0m
[1;2;92m20:41:33[0m [37mTYLERMASTERY2-B[0m [34m🚀 Navigating → X1-KU6-F58[0m
[1;2;92m20:41:36[0m [34mTYLERMASTERY2-[0m[1;34m5[0m [33m⏳ in transit [0m[1;33m([0m[33m~35s[0m[1;33m)[0m[33m...[0m
[1;2;92m20:41:38[0m [33mTYLERMASTERY2-[0m[1;33m4[0m [33m🌡 cooldown 17s[0m
[1;2;92m20:41:40[0m [95mTYLERMASTERY2-[0m[1;95m8[0m [33m⏳ in transit [0m[1;33m([0m[33m~3h 1m[0m[1;33m)[0m[33m...[0m
[1;2;92m20:41:40[0m [32mTYLERMASTERY2-[0m[1;32m2[0m [33m⏳ in transit [0m[1;33m([0m[33m~29s[0m[1;33m)[0m[33m...[0m
[1;2;92m20:41:42[0m [35mTYLERMASTERY2-[0m[1;35m3[0m [33m⏳ in transit [0m[1;33m([0m[33m~2h 4m[0m[1;33m)[0m[33m...[0m
[1;2;92m20:41:45[0m [93mTYLERMASTERY2-[0m[1;93m9[0m [33m⏳ in transit [0m[1;33m([0m[33m~2h 55m[0m[1;33m)[0m[33m...[0m
[1;2;92m20:41:47[0m [37mTYLERMASTERY2-B[0m [33m⏳ in transit [0m[1;33m([0m[33m~1m 15s[0m[1;33m)[0m[33m...[0m
[1;2;92m20:41:48[0m [33mTYLERMASTERY2-[0m[1;33m4[0m [33m🌡 cooldown 6s[0m
[1;2;92m20:41:48[0m [36mTYLERMASTERY2-[0m[1;36m1[0m [33m🌡 cooldown 20s[0m
[1;2;92m20:41:48[0m [32mTYLERMASTERY2-[0m[1;32m2[0m [33m⏳ in transit [0m[1;33m([0m[33m~21s[0m[1;33m)[0m[33m...[0m
[1;2;92m20:41:49[0m [34mTYLERMASTERY2-[0m[1;34m5[0m [33m⏳ in transit [0m[1;33m([0m[33m~22s[0m[1;33m)[0m[33m...[0m
[1;2;92m20:41:49[0m [37mTYLERMASTERY2-A[0m [36m↑ orbiting[0m
[1;2;92m20:41:49[0m [37mTYLERMASTERY2-A[0m [34m🚀 Navigating → X1-KU6-F58[0m
[1;2;92m20:41:50[0m [37mTYLERMASTERY2-A[0m [33m⏳ in transit [0m[1;33m([0m[33m~1m 24s[0m[1;33m)[0m[33m...[0m
[1;2;92m20:41:53[0m [37mTYLERMASTERY2-B[0m [33m⏳ in transit [0m[1;33m([0m[33m~1m 10s[0m[1;33m)[0m[33m...[0m
[1;2;92m20:41:54[0m [32mTYLERMASTERY2-[0m[1;32m2[0m [33m⏳ in transit [0m[1;33m([0m[33m~15s[0m[1;33m)[0m[33m...[0m
[3m                          [0m[1;3mFleet Status[0m[3m  [0m[3;32m1,619,204 cr[0m[3m  [0m[2;3m20:41:54[0m[3m                          [0m
                                                                                        
 [1m [0m[1mShip           [0m[1m [0m [1m [0m[1mRole     [0m[1m [0m [1m [0m[1mStatus   [0m[1m [0m [1m [0m[1mLocation  [0m[1m [0m [1m [0m[1m   Fuel[0m[1m [0m [1m [0m[1mCargo[0m[1m [0m [1m [0m[1mETA        [0m[1m [0m 
 ━━━━━━━━━━━━━━━━━━━━━━━━━━━━━━━━━━━━━━━━━━━━━━━━━━━━━━━━━━━━━━━━━━━━━━━━━━━━━━━━━━━━━━ 
 [1m [0m[1;36mTYLERMASTERY2-1[0m[1m [0m  miner       [36m↑ orbit[0m     X1-KU6-B47   385/400   32/40                
 [1m [0m[1;32mTYLERMASTERY2-2[0m[1m [0m  fleet-mgr   [33m✈ transit[0m   X1-KU6-C51         —     0/0   15s          
 [1m [0m[1;35mTYLERMASTERY2-3[0m[1m [0m  miner       [33m✈ transit[0m   X1-KU6-B7      79/80    0/15   [2m2h4m drift[0m   
 [1m [0m[1;33mTYLERMASTERY2-4[0m[1m [0m  surveyor    [36m↑ orbit[0m     X1-KU6-B46     21/80     0/0                
 [1m [0m[1;34mTYLERMASTERY2-5[0m[1m [0m  hauler      [33m✈ transit[0m   X1-KU6-E56   261/600   70/80   17s          
 [1m [0m[1;96mTYLERMASTERY2-6[0m[1m [0m  siphoner    [33m✈ transit[0m   X1-KU6-C50     79/80   15/15   [2m2h56m drift[0m  
 [1m [0m[1;92mTYLERMASTERY2-7[0m[1m [0m  siphoner    [33m✈ transit[0m   X1-KU6-C50     79/80   15/15   [2m2h57m drift[0m  
 [1m [0m[1;95mTYLERMASTERY2-8[0m[1m [0m  siphoner    [33m✈ transit[0m   X1-KU6-B7      38/80   15/15   [2m3h1m drift[0m   
 [1m [0m[1;93mTYLERMASTERY2-9[0m[1m [0m  siphoner    [33m✈ transit[0m   X1-KU6-C50     79/80   15/15   [2m2h55m drift[0m  
 [1m [0m[1;37mTYLERMASTERY2-A[0m[1m [0m  trader      [33m✈ transit[0m   X1-KU6-F58   558/600   80/80   1m20s        
 [1m [0m[1;37mTYLERMASTERY2-B[0m[1m [0m  trader      [33m✈ transit[0m   X1-KU6-F58   558/600   80/80   1m8s         
                                                                                        
  Contract: [36m░░░░░░░░░░░░░░░░░░░░░░░░░░░░░░[0m [1;36m0[0m[1m/[0m[1;36m70[0m IRON → X1-KU6-E56 [1m([0m[1;32m0[0m[32m%[0m[1m)[0m
[1;2;92m20:41:54[0m [34mTYLERMASTERY2-[0m[1;34m5[0m [33m⏳ in transit [0m[1;33m([0m[33m~17s[0m[1;33m)[0m[33m...[0m
[1;2;92m20:41:56[0m [37mTYLERMASTERY2-A[0m [33m⏳ in transit [0m[1;33m([0m[33m~1m 19s[0m[1;33m)[0m[33m...[0m
[1;2;92m20:41:56[0m [35m🔭 TYLERMASTERY2-[0m[1;35m4[0m[35m: [0m[1;35m1[0m[35m [0m[1;35msurvey[0m[1;35m([0m[35ms[0m[1;35m)[0m[35m added [0m[1;35m([0m[1;35m0x[0m[35m IRON hits[0m[1;35m)[0m[35m | pool: [0m[1;35m26[0m
[1;2;92m20:41:57[0m [33mTYLERMASTERY2-[0m[1;33m4[0m [33m🌡 cooldown 69s[0m
[1;2;92m20:41:58[0m [37mTYLERMASTERY2-B[0m [33m⏳ in transit [0m[1;33m([0m[33m~1m 4s[0m[1;33m)[0m[33m...[0m
[1;2;92m20:41:59[0m [36mTYLERMASTERY2-[0m[1;36m1[0m [33m🌡 cooldown 10s[0m
[1;2;92m20:42:01[0m [32mTYLERMASTERY2-[0m[1;32m2[0m [33m⏳ in transit [0m[1;33m([0m[33m~9s[0m[1;33m)[0m[33m...[0m
[1;2;92m20:42:01[0m [96mTYLERMASTERY2-[0m[1;96m6[0m [33m⏳ in transit [0m[1;33m([0m[33m~2h 56m[0m[1;33m)[0m[33m...[0m
[1;2;92m20:42:03[0m [34mTYLERMASTERY2-[0m[1;34m5[0m [33m⏳ in transit [0m[1;33m([0m[33m~8s[0m[1;33m)[0m[33m...[0m
[1;2;92m20:42:04[0m [37mTYLERMASTERY2-A[0m [33m⏳ in transit [0m[1;33m([0m[33m~1m 10s[0m[1;33m)[0m[33m...[0m
[1;2;92m20:42:05[0m [37mTYLERMASTERY2-B[0m [33m⏳ in transit [0m[1;33m([0m[33m~58s[0m[1;33m)[0m[33m...[0m
[1;2;92m20:42:06[0m [32mTYLERMASTERY2-[0m[1;32m2[0m [33m⏳ in transit [0m[1;33m([0m[33m~3s[0m[1;33m)[0m[33m...[0m
[1;2;92m20:42:08[0m [34mTYLERMASTERY2-[0m[1;34m5[0m [33m⏳ in transit [0m[1;33m([0m[33m~3s[0m[1;33m)[0m[33m...[0m
[1;2;92m20:42:09[0m [37mTYLERMASTERY2-A[0m [33m⏳ in transit [0m[1;33m([0m[33m~1m 5s[0m[1;33m)[0m[33m...[0m
[1;2;92m20:42:11[0m [32mTYLERMASTERY2-[0m[1;32m2[0m [32m✓[0m arrived at [1mX1-KU6-C51[0m
[1;2;92m20:42:14[0m [34mTYLERMASTERY2-[0m[1;34m5[0m [32m✓[0m arrived at [1mX1-KU6-E56[0m
[1;2;92m20:42:15[0m [37mTYLERMASTERY2-A[0m [33m⏳ in transit [0m[1;33m([0m[33m~1m 0s[0m[1;33m)[0m[33m...[0m
[1;2;92m20:42:20[0m [33mTYLERMASTERY2-[0m[1;33m4[0m [33m🌡 cooldown 45s[0m
[1;2;92m20:42:20[0m [37mTYLERMASTERY2-A[0m [33m⏳ in transit [0m[1;33m([0m[33m~54s[0m[1;33m)[0m[33m...[0m
[1;2;92m20:42:22[0m [37mTYLERMASTERY2-B[0m [33m⏳ in transit [0m[1;33m([0m[33m~40s[0m[1;33m)[0m[33m...[0m
[1;2;92m20:42:28[0m [92mTYLERMASTERY2-[0m[1;92m7[0m [33m⏳ in transit [0m[1;33m([0m[33m~2h 56m[0m[1;33m)[0m[33m...[0m
[1;2;92m20:42:29[0m   [36mTYLERMASTERY2-[0m[1;36m1[0m: 4x SILICON_CRYSTALS | __SELL_ONLY__: [1;36m0[0m | Cargo: [1;36m36[0m/[1;36m40[0m | CD: 80s
[1;2;92m20:42:30[0m [37mTYLERMASTERY2-A[0m [33m⏳ in transit [0m[1;33m([0m[33m~44s[0m[1;33m)[0m[33m...[0m
[1;2;92m20:42:33[0m [32mTYLERMASTERY2-[0m[1;32m2[0m [36m⚓ docked[0m
[1;2;92m20:42:35[0m [34mTYLERMASTERY2-[0m[1;34m5[0m [36m⚓ docked[0m
[1;2;92m20:42:40[0m [37mTYLERMASTERY2-A[0m [33m⏳ in transit [0m[1;33m([0m[33m~35s[0m[1;33m)[0m[33m...[0m
[1;2;92m20:42:41[0m [33mTYLERMASTERY2-[0m[1;33m4[0m [33m🌡 cooldown 25s[0m
[1;2;92m20:42:42[0m [95mTYLERMASTERY2-[0m[1;95m8[0m [33m⏳ in transit [0m[1;33m([0m[33m~3h 0m[0m[1;33m)[0m[33m...[0m
[1;2;92m20:42:44[0m [37mTYLERMASTERY2-B[0m [33m⏳ in transit [0m[1;33m([0m[33m~19s[0m[1;33m)[0m[33m...[0m
[1;2;92m20:42:45[0m [37mTYLERMASTERY2-A[0m [33m⏳ in transit [0m[1;33m([0m[33m~29s[0m[1;33m)[0m[33m...[0m
[1;2;92m20:42:46[0m [35mTYLERMASTERY2-[0m[1;35m3[0m [33m⏳ in transit [0m[1;33m([0m[33m~2h 3m[0m[1;33m)[0m[33m...[0m
[1;2;92m20:42:46[0m [34mTYLERMASTERY2-[0m[1;34m5[0m [32m✓ [0m[1;32m70[0m[32m/[0m[1;32m70[0m[32m IRON delivered [0m[1;32m([0m[32mpreflight[0m[1;32m)[0m
[1;2;92m20:42:47[0m [93mTYLERMASTERY2-[0m[1;93m9[0m [33m⏳ in transit [0m[1;33m([0m[33m~2h 54m[0m[1;33m)[0m[33m...[0m
[1;2;92m20:42:48[0m [1;32m🏆 Contract fulfilled! Credits: [0m[1;32m1[0m[1;32m,[0m[1;32m632[0m[1;32m,[0m[1;32m762[0m
[1;2;92m20:42:49[0m [32mTYLERMASTERY2-[0m[1;32m2[0m [36m↑ orbiting[0m
[1;2;92m20:42:49[0m [32mTYLERMASTERY2-[0m[1;32m2[0m [34m🚀 Navigating → X1-KU6-H62[0m
[1;2;92m20:42:49[0m [37mTYLERMASTERY2-B[0m [33m⏳ in transit [0m[1;33m([0m[33m~14s[0m[1;33m)[0m[33m...[0m
[1;2;92m20:42:49[0m [36mTYLERMASTERY2-[0m[1;36m1[0m [34m🚀 Navigating → X1-KU6-B7[0m
[1;2;92m20:42:50[0m [32mTYLERMASTERY2-[0m[1;32m2[0m [33m⏳ in transit [0m[1;33m([0m[33m~9m 0s[0m[1;33m)[0m[33m...[0m
[1;2;92m20:42:50[0m [36mTYLERMASTERY2-[0m[1;36m1[0m [33m⏳ in transit [0m[1;33m([0m[33m~25s[0m[1;33m)[0m[33m...[0m
[1;2;92m20:42:50[0m [37mTYLERMASTERY2-A[0m [33m⏳ in transit [0m[1;33m([0m[33m~24s[0m[1;33m)[0m[33m...[0m
[1;2;92m20:42:51[0m [33mTYLERMASTERY2-[0m[1;33m4[0m [33m🌡 cooldown 14s[0m
[1;2;92m20:42:54[0m [37mTYLERMASTERY2-B[0m [33m⏳ in transit [0m[1;33m([0m[33m~8s[0m[1;33m)[0m[33m...[0m
[1;2;92m20:42:55[0m [36mTYLERMASTERY2-[0m[1;36m1[0m [33m⏳ in transit [0m[1;33m([0m[33m~20s[0m[1;33m)[0m[33m...[0m
[1;2;92m20:42:56[0m [37mTYLERMASTERY2-A[0m [33m⏳ in transit [0m[1;33m([0m[33m~18s[0m[1;33m)[0m[33m...[0m
[1;2;92m20:43:00[0m [37mTYLERMASTERY2-B[0m [33m⏳ in transit [0m[1;33m([0m[33m~3s[0m[1;33m)[0m[33m...[0m
[1;2;92m20:43:01[0m [36mTYLERMASTERY2-[0m[1;36m1[0m [33m⏳ in transit [0m[1;33m([0m[33m~14s[0m[1;33m)[0m[33m...[0m
[1;2;92m20:43:03[0m [37mTYLERMASTERY2-A[0m [33m⏳ in transit [0m[1;33m([0m[33m~11s[0m[1;33m)[0m[33m...[0m
[1;2;92m20:43:06[0m [36mTYLERMASTERY2-[0m[1;36m1[0m [33m⏳ in transit [0m[1;33m([0m[33m~9s[0m[1;33m)[0m[33m...[0m
[1;2;92m20:43:07[0m [33mTYLERMASTERY2-[0m[1;33m4[0m [2msurveyor thread done[0m
[1;2;92m20:43:08[0m [37mTYLERMASTERY2-A[0m [33m⏳ in transit [0m[1;33m([0m[33m~6s[0m[1;33m)[0m[33m...[0m
[1;2;92m20:43:10[0m [37mTYLERMASTERY2-B[0m [32m✓[0m arrived at [1mX1-KU6-F58[0m
[1;2;92m20:43:13[0m [36mTYLERMASTERY2-[0m[1;36m1[0m [32m✓[0m arrived at [1mX1-KU6-B7[0m
[1;2;92m20:43:14[0m [37mTYLERMASTERY2-A[0m [32m✓[0m arrived at [1mX1-KU6-F58[0m
[1;2;92m20:43:25[0m [37mTYLERMASTERY2-B[0m [36m⚓ docked[0m
[1;2;92m20:43:26[0m [36mTYLERMASTERY2-[0m[1;36m1[0m [36m⚓ docked[0m
[1;2;92m20:43:27[0m [96mTYLERMASTERY2-[0m[1;96m6[0m [33m⏳ in transit [0m[1;33m([0m[33m~2h 54m[0m[1;33m)[0m[33m...[0m
[1;2;92m20:43:30[0m [37mTYLERMASTERY2-A[0m [36m⚓ docked[0m
[1;2;92m20:43:31[0m [92mTYLERMASTERY2-[0m[1;92m7[0m [33m⏳ in transit [0m[1;33m([0m[33m~2h 55m[0m[1;33m)[0m[33m...[0m
[1;2;92m20:43:31[0m [32m⛽ Refueled to [0m[1;32m600[0m[32m/[0m[1;32m600[0m
[1;2;92m20:43:32[0m [32m⛽ Refueled to [0m[1;32m400[0m[32m/[0m[1;32m400[0m
[1;2;92m20:43:36[0m [32m⛽ Refueled to [0m[1;32m600[0m[32m/[0m[1;32m600[0m
[1;2;92m20:43:50[0m [35mTYLERMASTERY2-[0m[1;35m3[0m [33m⏳ in transit [0m[1;33m([0m[33m~2h 2m[0m[1;33m)[0m[33m...[0m
[1;2;92m20:43:51[0m [93mTYLERMASTERY2-[0m[1;93m9[0m [33m⏳ in transit [0m[1;33m([0m[33m~2h 53m[0m[1;33m)[0m[33m...[0m
[1;2;92m20:43:53[0m [95mTYLERMASTERY2-[0m[1;95m8[0m [33m⏳ in transit [0m[1;33m([0m[33m~2h 59m[0m[1;33m)[0m[33m...[0m
[1;2;92m20:44:06[0m [32mTYLERMASTERY2-[0m[1;32m2[0m [33m⏳ in transit [0m[1;33m([0m[33m~7m 43s[0m[1;33m)[0m[33m...[0m
[1;2;92m20:44:32[0m [96mTYLERMASTERY2-[0m[1;96m6[0m [33m⏳ in transit [0m[1;33m([0m[33m~2h 53m[0m[1;33m)[0m[33m...[0m
[1;2;92m20:44:39[0m [92mTYLERMASTERY2-[0m[1;92m7[0m [33m⏳ in transit [0m[1;33m([0m[33m~2h 54m[0m[1;33m)[0m[33m...[0m
[1;2;92m20:44:50[0m [32m💰 Sold 9x PRECIOUS_STONES @ [0m[1;32m71[0m[32m/u = [0m[1;32m639[0m[32m cr[0m
[1;2;92m20:44:51[0m [32m💰 Sold 5x AMMONIA_ICE @ [0m[1;32m38[0m[32m/u = [0m[1;32m190[0m[32m cr[0m
[1;2;92m20:44:51[0m [35mTYLERMASTERY2-[0m[1;35m3[0m [33m⏳ in transit [0m[1;33m([0m[33m~2h 1m[0m[1;33m)[0m[33m...[0m
[1;2;92m20:44:51[0m [32m💰 Sold 22x SILICON_CRYSTALS @ [0m[1;32m33[0m[32m/u = [0m[1;32m726[0m[32m cr[0m
[1;2;92m20:44:55[0m [36mTYLERMASTERY2-[0m[1;36m1[0m [36m↑ orbiting[0m
[1;2;92m20:44:55[0m [36mTYLERMASTERY2-[0m[1;36m1[0m [34m🚀 Navigating → X1-KU6-B47[0m
[1;2;92m20:44:55[0m [36mTYLERMASTERY2-[0m[1;36m1[0m [33m⏳ in transit [0m[1;33m([0m[33m~25s[0m[1;33m)[0m[33m...[0m
[1;2;92m20:44:56[0m [93mTYLERMASTERY2-[0m[1;93m9[0m [33m⏳ in transit [0m[1;33m([0m[33m~2h 52m[0m[1;33m)[0m[33m...[0m
[1;2;92m20:45:01[0m [36mTYLERMASTERY2-[0m[1;36m1[0m [33m⏳ in transit [0m[1;33m([0m[33m~20s[0m[1;33m)[0m[33m...[0m
[1;2;92m20:45:06[0m [36mTYLERMASTERY2-[0m[1;36m1[0m [33m⏳ in transit [0m[1;33m([0m[33m~14s[0m[1;33m)[0m[33m...[0m
[1;2;92m20:45:07[0m [95mTYLERMASTERY2-[0m[1;95m8[0m [33m⏳ in transit [0m[1;33m([0m[33m~2h 58m[0m[1;33m)[0m[33m...[0m
[1;2;92m20:45:07[0m [32mTYLERMASTERY2-[0m[1;32m2[0m [33m⏳ in transit [0m[1;33m([0m[33m~6m 43s[0m[1;33m)[0m[33m...[0m
[1;2;92m20:45:12[0m [36mTYLERMASTERY2-[0m[1;36m1[0m [33m⏳ in transit [0m[1;33m([0m[33m~9s[0m[1;33m)[0m[33m...[0m
[1;2;92m20:45:13[0m [37mTYLERMASTERY2-B[0m [2madjusting sell batch size to [0m[1;2;36m60[0m[2m/tx for COPPER[0m
[1;2;92m20:45:16[0m [37mTYLERMASTERY2-A[0m [2madjusting sell batch size to [0m[1;2;36m60[0m[2m/tx for COPPER[0m
[1;2;92m20:45:17[0m [36mTYLERMASTERY2-[0m[1;36m1[0m [33m⏳ in transit [0m[1;33m([0m[33m~3s[0m[1;33m)[0m[33m...[0m
[1;2;92m20:45:20[0m [35m💰 TYLERMASTERY2-B: sold 6[0m[1;35m0x[0m[35m COPPER @ [0m[1;35m322[0m[35m/u | Credits: [0m[1;35m1[0m[35m,[0m[1;35m653[0m[35m,[0m[1;35m419[0m
[1;2;92m20:45:26[0m [35m💰 TYLERMASTERY2-A: sold 6[0m[1;35m0x[0m[35m COPPER @ [0m[1;35m318[0m[35m/u | Credits: [0m[1;35m1[0m[35m,[0m[1;35m672[0m[35m,[0m[1;35m499[0m
[1;2;92m20:45:27[0m [36mTYLERMASTERY2-[0m[1;36m1[0m [32m✓[0m arrived at [1mX1-KU6-B47[0m
[1;2;92m20:45:31[0m [35m💰 TYLERMASTERY2-A: sold 8[0m[1;35m0x[0m[35m COPPER @ [0m[1;35m314[0m[35m/u = [0m[1;35m25[0m[35m,[0m[1;35m360[0m[35m cr [0m[1;35m([0m[35mprofit: +[0m[1;35m11[0m[35m,[0m[1;35m680[0m[35m cr[0m[1;35m)[0m
[1;2;92m20:45:32[0m [36mTYLERMASTERY2-[0m[1;36m1[0m [2mminer thread done[0m
[1;2;92m20:45:36[0m [96mTYLERMASTERY2-[0m[1;96m6[0m [33m⏳ in transit [0m[1;33m([0m[33m~2h 52m[0m[1;33m)[0m[33m...[0m
[1;2;92m20:45:38[0m [35m💰 TYLERMASTERY2-B: sold 8[0m[1;35m0x[0m[35m COPPER @ [0m[1;35m313[0m[35m/u = [0m[1;35m25[0m[35m,[0m[1;35m580[0m[35m cr [0m[1;35m([0m[35mprofit: +[0m[1;35m11[0m[35m,[0m[1;35m900[0m[35m cr[0m[1;35m)[0m
[1;2;92m20:45:47[0m [92mTYLERMASTERY2-[0m[1;92m7[0m [33m⏳ in transit [0m[1;33m([0m[33m~2h 53m[0m[1;33m)[0m[33m...[0m
[1;2;92m20:45:53[0m [35mTYLERMASTERY2-[0m[1;35m3[0m [33m⏳ in transit [0m[1;33m([0m[33m~2h 0m[0m[1;33m)[0m[33m...[0m
[1;2;92m20:46:00[0m [93mTYLERMASTERY2-[0m[1;93m9[0m [33m⏳ in transit [0m[1;33m([0m[33m~2h 51m[0m[1;33m)[0m[33m...[0m
[1;2;92m20:46:08[0m [32mTYLERMASTERY2-[0m[1;32m2[0m [33m⏳ in transit [0m[1;33m([0m[33m~5m 42s[0m[1;33m)[0m[33m...[0m
[1;2;92m20:46:10[0m [95mTYLERMASTERY2-[0m[1;95m8[0m [33m⏳ in transit [0m[1;33m([0m[33m~2h 57m[0m[1;33m)[0m[33m...[0m
[1;2;92m20:46:39[0m [96mTYLERMASTERY2-[0m[1;96m6[0m [33m⏳ in transit [0m[1;33m([0m[33m~2h 51m[0m[1;33m)[0m[33m...[0m
[1;2;92m20:46:48[0m [92mTYLERMASTERY2-[0m[1;92m7[0m [33m⏳ in transit [0m[1;33m([0m[33m~2h 52m[0m[1;33m)[0m[33m...[0m
[1;2;92m20:46:55[0m [35mTYLERMASTERY2-[0m[1;35m3[0m [33m⏳ in transit [0m[1;33m([0m[33m~1h 59m[0m[1;33m)[0m[33m...[0m
[1;2;92m20:47:01[0m [93mTYLERMASTERY2-[0m[1;93m9[0m [33m⏳ in transit [0m[1;33m([0m[33m~2h 50m[0m[1;33m)[0m[33m...[0m
[1;2;92m20:47:11[0m [95mTYLERMASTERY2-[0m[1;95m8[0m [33m⏳ in transit [0m[1;33m([0m[33m~2h 56m[0m[1;33m)[0m[33m...[0m
[1;2;92m20:47:13[0m [32mTYLERMASTERY2-[0m[1;32m2[0m [33m⏳ in transit [0m[1;33m([0m[33m~4m 37s[0m[1;33m)[0m[33m...[0m
[1;2;92m20:47:41[0m [96mTYLERMASTERY2-[0m[1;96m6[0m [33m⏳ in transit [0m[1;33m([0m[33m~2h 50m[0m[1;33m)[0m[33m...[0m
[1;2;92m20:47:51[0m [92mTYLERMASTERY2-[0m[1;92m7[0m [33m⏳ in transit [0m[1;33m([0m[33m~2h 51m[0m[1;33m)[0m[33m...[0m
[1;2;92m20:47:56[0m [35mTYLERMASTERY2-[0m[1;35m3[0m [33m⏳ in transit [0m[1;33m([0m[33m~1h 58m[0m[1;33m)[0m[33m...[0m
[1;2;92m20:48:02[0m [93mTYLERMASTERY2-[0m[1;93m9[0m [33m⏳ in transit [0m[1;33m([0m[33m~2h 49m[0m[1;33m)[0m[33m...[0m
[1;2;92m20:48:14[0m [32mTYLERMASTERY2-[0m[1;32m2[0m [33m⏳ in transit [0m[1;33m([0m[33m~3m 36s[0m[1;33m)[0m[33m...[0m
[1;2;92m20:48:15[0m [95mTYLERMASTERY2-[0m[1;95m8[0m [33m⏳ in transit [0m[1;33m([0m[33m~2h 55m[0m[1;33m)[0m[33m...[0m
[1;2;92m20:48:49[0m [96mTYLERMASTERY2-[0m[1;96m6[0m [33m⏳ in transit [0m[1;33m([0m[33m~2h 49m[0m[1;33m)[0m[33m...[0m
[1;2;92m20:48:51[0m [92mTYLERMASTERY2-[0m[1;92m7[0m [33m⏳ in transit [0m[1;33m([0m[33m~2h 50m[0m[1;33m)[0m[33m...[0m
[1;2;92m20:48:57[0m [35mTYLERMASTERY2-[0m[1;35m3[0m [33m⏳ in transit [0m[1;33m([0m[33m~1h 57m[0m[1;33m)[0m[33m...[0m
[1;2;92m20:49:02[0m [93mTYLERMASTERY2-[0m[1;93m9[0m [33m⏳ in transit [0m[1;33m([0m[33m~2h 48m[0m[1;33m)[0m[33m...[0m
[1;2;92m20:49:15[0m [32mTYLERMASTERY2-[0m[1;32m2[0m [33m⏳ in transit [0m[1;33m([0m[33m~2m 35s[0m[1;33m)[0m[33m...[0m
[1;2;92m20:49:17[0m [95mTYLERMASTERY2-[0m[1;95m8[0m [33m⏳ in transit [0m[1;33m([0m[33m~2h 53m[0m[1;33m)[0m[33m...[0m
[1;2;92m20:49:50[0m [32mTYLERMASTERY2-[0m[1;32m2[0m [33m⏳ in transit [0m[1;33m([0m[33m~2m 0s[0m[1;33m)[0m[33m...[0m
[1;2;92m20:49:51[0m [96mTYLERMASTERY2-[0m[1;96m6[0m [33m⏳ in transit [0m[1;33m([0m[33m~2h 48m[0m[1;33m)[0m[33m...[0m
[1;2;92m20:49:52[0m [92mTYLERMASTERY2-[0m[1;92m7[0m [33m⏳ in transit [0m[1;33m([0m[33m~2h 49m[0m[1;33m)[0m[33m...[0m
[1;2;92m20:49:55[0m [32mTYLERMASTERY2-[0m[1;32m2[0m [33m⏳ in transit [0m[1;33m([0m[33m~1m 54s[0m[1;33m)[0m[33m...[0m
[1;2;92m20:50:01[0m [32mTYLERMASTERY2-[0m[1;32m2[0m [33m⏳ in transit [0m[1;33m([0m[33m~1m 49s[0m[1;33m)[0m[33m...[0m
[1;2;92m20:50:01[0m [35mTYLERMASTERY2-[0m[1;35m3[0m [33m⏳ in transit [0m[1;33m([0m[33m~1h 55m[0m[1;33m)[0m[33m...[0m
[1;2;92m20:50:03[0m [93mTYLERMASTERY2-[0m[1;93m9[0m [33m⏳ in transit [0m[1;33m([0m[33m~2h 47m[0m[1;33m)[0m[33m...[0m
[1;2;92m20:50:06[0m [32mTYLERMASTERY2-[0m[1;32m2[0m [33m⏳ in transit [0m[1;33m([0m[33m~1m 44s[0m[1;33m)[0m[33m...[0m
[1;2;92m20:50:12[0m [32mTYLERMASTERY2-[0m[1;32m2[0m [33m⏳ in transit [0m[1;33m([0m[33m~1m 38s[0m[1;33m)[0m[33m...[0m
[1;2;92m20:50:17[0m [32mTYLERMASTERY2-[0m[1;32m2[0m [33m⏳ in transit [0m[1;33m([0m[33m~1m 33s[0m[1;33m)[0m[33m...[0m
[1;2;92m20:50:22[0m [95mTYLERMASTERY2-[0m[1;95m8[0m [33m⏳ in transit [0m[1;33m([0m[33m~2h 52m[0m[1;33m)[0m[33m...[0m
[1;2;92m20:50:30[0m [32mTYLERMASTERY2-[0m[1;32m2[0m [33m⏳ in transit [0m[1;33m([0m[33m~1m 20s[0m[1;33m)[0m[33m...[0m
[1;2;92m20:50:41[0m [32mTYLERMASTERY2-[0m[1;32m2[0m [33m⏳ in transit [0m[1;33m([0m[33m~1m 9s[0m[1;33m)[0m[33m...[0m
[1;2;92m20:50:48[0m [32mTYLERMASTERY2-[0m[1;32m2[0m [33m⏳ in transit [0m[1;33m([0m[33m~1m 2s[0m[1;33m)[0m[33m...[0m
[1;2;92m20:50:53[0m [32mTYLERMASTERY2-[0m[1;32m2[0m [33m⏳ in transit [0m[1;33m([0m[33m~56s[0m[1;33m)[0m[33m...[0m
[1;2;92m20:50:59[0m [32mTYLERMASTERY2-[0m[1;32m2[0m [33m⏳ in transit [0m[1;33m([0m[33m~51s[0m[1;33m)[0m[33m...[0m
[1;2;92m20:50:59[0m [96mTYLERMASTERY2-[0m[1;96m6[0m [33m⏳ in transit [0m[1;33m([0m[33m~2h 47m[0m[1;33m)[0m[33m...[0m
[1;2;92m20:51:04[0m [93mTYLERMASTERY2-[0m[1;93m9[0m [33m⏳ in transit [0m[1;33m([0m[33m~2h 46m[0m[1;33m)[0m[33m...[0m
[1;2;92m20:51:04[0m [32mTYLERMASTERY2-[0m[1;32m2[0m [33m⏳ in transit [0m[1;33m([0m[33m~46s[0m[1;33m)[0m[33m...[0m
[1;2;92m20:51:10[0m [32mTYLERMASTERY2-[0m[1;32m2[0m [33m⏳ in transit [0m[1;33m([0m[33m~40s[0m[1;33m)[0m[33m...[0m
[1;2;92m20:51:18[0m [35mTYLERMASTERY2-[0m[1;35m3[0m [33m⏳ in transit [0m[1;33m([0m[33m~1h 54m[0m[1;33m)[0m[33m...[0m
[1;2;92m20:51:18[0m [32mTYLERMASTERY2-[0m[1;32m2[0m [33m⏳ in transit [0m[1;33m([0m[33m~32s[0m[1;33m)[0m[33m...[0m
[1;2;92m20:51:23[0m [95mTYLERMASTERY2-[0m[1;95m8[0m [33m⏳ in transit [0m[1;33m([0m[33m~2h 51m[0m[1;33m)[0m[33m...[0m
[1;2;92m20:51:28[0m [92mTYLERMASTERY2-[0m[1;92m7[0m [33m⏳ in transit [0m[1;33m([0m[33m~2h 47m[0m[1;33m)[0m[33m...[0m
[1;2;92m20:51:31[0m [32mTYLERMASTERY2-[0m[1;32m2[0m [33m⏳ in transit [0m[1;33m([0m[33m~19s[0m[1;33m)[0m[33m...[0m
[1;2;92m20:51:38[0m [32mTYLERMASTERY2-[0m[1;32m2[0m [33m⏳ in transit [0m[1;33m([0m[33m~12s[0m[1;33m)[0m[33m...[0m
[1;2;92m20:51:46[0m [32mTYLERMASTERY2-[0m[1;32m2[0m [33m⏳ in transit [0m[1;33m([0m[33m~4s[0m[1;33m)[0m[33m...[0m
[1;2;92m20:51:53[0m [32mTYLERMASTERY2-[0m[1;32m2[0m [32m✓[0m arrived at [1mX1-KU6-H62[0m
[1;2;92m20:51:54[0m [32mTYLERMASTERY2-[0m[1;32m2[0m [36m⚓ docked[0m
[1;2;92m20:51:55[0m [33mFleet manager: skipping SHIP_MINING_DRONE at X1-KU6-H62 — fuel tank too small [0m[1;33m([0m[1;33m80[0m[33m < [0m[1;33m150[0m[1;33m)[0m
[1;2;92m20:51:55[0m [33mFleet manager: skipping SHIP_SURVEYOR at X1-KU6-H62 — fuel tank too small [0m[1;33m([0m[1;33m80[0m[33m < [0m[1;33m150[0m[1;33m)[0m
[1;2;92m20:51:55[0m [2mFleet manager: no suitable ships at any shipyard[0m
[1;2;92m20:51:55[0m [2m⚙  Fleet manager thread stopped[0m
[1;2;92m20:52:07[0m [93mTYLERMASTERY2-[0m[1;93m9[0m [33m⏳ in transit [0m[1;33m([0m[33m~2h 45m[0m[1;33m)[0m[33m...[0m
[1;2;92m20:52:09[0m [96mTYLERMASTERY2-[0m[1;96m6[0m [33m⏳ in transit [0m[1;33m([0m[33m~2h 46m[0m[1;33m)[0m[33m...[0m
[1;2;92m20:52:23[0m [35mTYLERMASTERY2-[0m[1;35m3[0m [33m⏳ in transit [0m[1;33m([0m[33m~1h 53m[0m[1;33m)[0m[33m...[0m
[1;2;92m20:52:24[0m [95mTYLERMASTERY2-[0m[1;95m8[0m [33m⏳ in transit [0m[1;33m([0m[33m~2h 50m[0m[1;33m)[0m[33m...[0m
[1;2;92m20:52:29[0m [92mTYLERMASTERY2-[0m[1;92m7[0m [33m⏳ in transit [0m[1;33m([0m[33m~2h 46m[0m[1;33m)[0m[33m...[0m
[1;2;92m20:53:08[0m [93mTYLERMASTERY2-[0m[1;93m9[0m [33m⏳ in transit [0m[1;33m([0m[33m~2h 44m[0m[1;33m)[0m[33m...[0m
[1;2;92m20:53:12[0m [96mTYLERMASTERY2-[0m[1;96m6[0m [33m⏳ in transit [0m[1;33m([0m[33m~2h 45m[0m[1;33m)[0m[33m...[0m
[1;2;92m20:53:25[0m [35mTYLERMASTERY2-[0m[1;35m3[0m [33m⏳ in transit [0m[1;33m([0m[33m~1h 52m[0m[1;33m)[0m[33m...[0m
[1;2;92m20:53:26[0m [95mTYLERMASTERY2-[0m[1;95m8[0m [33m⏳ in transit [0m[1;33m([0m[33m~2h 49m[0m[1;33m)[0m[33m...[0m
[1;2;92m20:53:41[0m [92mTYLERMASTERY2-[0m[1;92m7[0m [33m⏳ in transit [0m[1;33m([0m[33m~2h 45m[0m[1;33m)[0m[33m...[0m
[1;2;92m20:54:08[0m [93mTYLERMASTERY2-[0m[1;93m9[0m [33m⏳ in transit [0m[1;33m([0m[33m~2h 43m[0m[1;33m)[0m[33m...[0m
[1;2;92m20:54:18[0m [96mTYLERMASTERY2-[0m[1;96m6[0m [33m⏳ in transit [0m[1;33m([0m[33m~2h 44m[0m[1;33m)[0m[33m...[0m
[1;2;92m20:54:26[0m [35mTYLERMASTERY2-[0m[1;35m3[0m [33m⏳ in transit [0m[1;33m([0m[33m~1h 51m[0m[1;33m)[0m[33m...[0m
[1;2;92m20:54:27[0m [95mTYLERMASTERY2-[0m[1;95m8[0m [33m⏳ in transit [0m[1;33m([0m[33m~2h 48m[0m[1;33m)[0m[33m...[0m
[1;2;92m20:54:42[0m [92mTYLERMASTERY2-[0m[1;92m7[0m [33m⏳ in transit [0m[1;33m([0m[33m~2h 44m[0m[1;33m)[0m[33m...[0m
[1;2;92m20:54:48[0m [1;32mAll miners done.[0m
[1;2;92m20:54:52[0m [1mBuilding fleet[0m
[1;2;92m20:54:52[0m Credits available: [1;32m1[0m[32m,[0m[1;32m685[0m[32m,[0m[1;32m039[0m | Reserve: [1;36m50[0m,[1;36m000[0m
[1;2;92m20:54:56[0m [32mTYLERMASTERY2-[0m[1;32m2[0m [36m↑ orbiting[0m
[1;2;92m20:54:56[0m [32mTYLERMASTERY2-[0m[1;32m2[0m [34m🚀 Navigating → X1-KU6-A2[0m
[1;2;92m20:54:57[0m [32mTYLERMASTERY2-[0m[1;32m2[0m [33m⏳ in transit [0m[1;33m([0m[33m~2m 30s[0m[1;33m)[0m[33m...[0m
[1;2;92m20:55:14[0m [93mTYLERMASTERY2-[0m[1;93m9[0m [33m⏳ in transit [0m[1;33m([0m[33m~2h 42m[0m[1;33m)[0m[33m...[0m
[1;2;92m20:55:19[0m [96mTYLERMASTERY2-[0m[1;96m6[0m [33m⏳ in transit [0m[1;33m([0m[33m~2h 43m[0m[1;33m)[0m[33m...[0m
[1;2;92m20:55:27[0m [35mTYLERMASTERY2-[0m[1;35m3[0m [33m⏳ in transit [0m[1;33m([0m[33m~1h 50m[0m[1;33m)[0m[33m...[0m
[1;2;92m20:55:28[0m [95mTYLERMASTERY2-[0m[1;95m8[0m [33m⏳ in transit [0m[1;33m([0m[33m~2h 47m[0m[1;33m)[0m[33m...[0m
[1;2;92m20:55:31[0m [32mTYLERMASTERY2-[0m[1;32m2[0m [33m⏳ in transit [0m[1;33m([0m[33m~1m 57s[0m[1;33m)[0m[33m...[0m
[1;2;92m20:55:36[0m [32mTYLERMASTERY2-[0m[1;32m2[0m [33m⏳ in transit [0m[1;33m([0m[33m~1m 51s[0m[1;33m)[0m[33m...[0m
[1;2;92m20:55:43[0m [32mTYLERMASTERY2-[0m[1;32m2[0m [33m⏳ in transit [0m[1;33m([0m[33m~1m 44s[0m[1;33m)[0m[33m...[0m
[1;2;92m20:55:43[0m [92mTYLERMASTERY2-[0m[1;92m7[0m [33m⏳ in transit [0m[1;33m([0m[33m~2h 43m[0m[1;33m)[0m[33m...[0m
[1;2;92m20:55:48[0m [32mTYLERMASTERY2-[0m[1;32m2[0m [33m⏳ in transit [0m[1;33m([0m[33m~1m 39s[0m[1;33m)[0m[33m...[0m
[1;2;92m20:55:54[0m [32mTYLERMASTERY2-[0m[1;32m2[0m [33m⏳ in transit [0m[1;33m([0m[33m~1m 33s[0m[1;33m)[0m[33m...[0m
[1;2;92m20:55:59[0m [32mTYLERMASTERY2-[0m[1;32m2[0m [33m⏳ in transit [0m[1;33m([0m[33m~1m 28s[0m[1;33m)[0m[33m...[0m
[1;2;92m20:56:05[0m [32mTYLERMASTERY2-[0m[1;32m2[0m [33m⏳ in transit [0m[1;33m([0m[33m~1m 22s[0m[1;33m)[0m[33m...[0m
[1;2;92m20:56:10[0m [32mTYLERMASTERY2-[0m[1;32m2[0m [33m⏳ in transit [0m[1;33m([0m[33m~1m 17s[0m[1;33m)[0m[33m...[0m
[1;2;92m20:56:15[0m [93mTYLERMASTERY2-[0m[1;93m9[0m [33m⏳ in transit [0m[1;33m([0m[33m~2h 41m[0m[1;33m)[0m[33m...[0m
[1;2;92m20:56:16[0m [32mTYLERMASTERY2-[0m[1;32m2[0m [33m⏳ in transit [0m[1;33m([0m[33m~1m 11s[0m[1;33m)[0m[33m...[0m
[1;2;92m20:56:21[0m [32mTYLERMASTERY2-[0m[1;32m2[0m [33m⏳ in transit [0m[1;33m([0m[33m~1m 6s[0m[1;33m)[0m[33m...[0m
[1;2;92m20:56:25[0m [96mTYLERMASTERY2-[0m[1;96m6[0m [33m⏳ in transit [0m[1;33m([0m[33m~2h 41m[0m[1;33m)[0m[33m...[0m
[1;2;92m20:56:27[0m [32mTYLERMASTERY2-[0m[1;32m2[0m [33m⏳ in transit [0m[1;33m([0m[33m~1m 1s[0m[1;33m)[0m[33m...[0m
[1;2;92m20:56:29[0m [95mTYLERMASTERY2-[0m[1;95m8[0m [33m⏳ in transit [0m[1;33m([0m[33m~2h 46m[0m[1;33m)[0m[33m...[0m
[1;2;92m20:56:34[0m [35mTYLERMASTERY2-[0m[1;35m3[0m [33m⏳ in transit [0m[1;33m([0m[33m~1h 49m[0m[1;33m)[0m[33m...[0m
[1;2;92m20:56:35[0m [32mTYLERMASTERY2-[0m[1;32m2[0m [33m⏳ in transit [0m[1;33m([0m[33m~52s[0m[1;33m)[0m[33m...[0m
[1;2;92m20:56:40[0m [32mTYLERMASTERY2-[0m[1;32m2[0m [33m⏳ in transit [0m[1;33m([0m[33m~47s[0m[1;33m)[0m[33m...[0m
[1;2;92m20:56:50[0m [32mTYLERMASTERY2-[0m[1;32m2[0m [33m⏳ in transit [0m[1;33m([0m[33m~37s[0m[1;33m)[0m[33m...[0m
[1;2;92m20:56:51[0m [92mTYLERMASTERY2-[0m[1;92m7[0m [33m⏳ in transit [0m[1;33m([0m[33m~2h 42m[0m[1;33m)[0m[33m...[0m
[1;2;92m20:56:56[0m [32mTYLERMASTERY2-[0m[1;32m2[0m [33m⏳ in transit [0m[1;33m([0m[33m~32s[0m[1;33m)[0m[33m...[0m
[1;2;92m20:57:01[0m [32mTYLERMASTERY2-[0m[1;32m2[0m [33m⏳ in transit [0m[1;33m([0m[33m~26s[0m[1;33m)[0m[33m...[0m
[1;2;92m20:57:06[0m [32mTYLERMASTERY2-[0m[1;32m2[0m [33m⏳ in transit [0m[1;33m([0m[33m~21s[0m[1;33m)[0m[33m...[0m
[1;2;92m20:57:12[0m [32mTYLERMASTERY2-[0m[1;32m2[0m [33m⏳ in transit [0m[1;33m([0m[33m~15s[0m[1;33m)[0m[33m...[0m
[1;2;92m20:57:17[0m [32mTYLERMASTERY2-[0m[1;32m2[0m [33m⏳ in transit [0m[1;33m([0m[33m~10s[0m[1;33m)[0m[33m...[0m
[1;2;92m20:57:18[0m [93mTYLERMASTERY2-[0m[1;93m9[0m [33m⏳ in transit [0m[1;33m([0m[33m~2h 40m[0m[1;33m)[0m[33m...[0m
[1;2;92m20:57:23[0m [32mTYLERMASTERY2-[0m[1;32m2[0m [33m⏳ in transit [0m[1;33m([0m[33m~4s[0m[1;33m)[0m[33m...[0m
[1;2;92m20:57:28[0m [32mTYLERMASTERY2-[0m[1;32m2[0m [32m✓[0m arrived at [1mX1-KU6-A2[0m
[1;2;92m20:57:29[0m [96mTYLERMASTERY2-[0m[1;96m6[0m [33m⏳ in transit [0m[1;33m([0m[33m~2h 40m[0m[1;33m)[0m[33m...[0m
[1;2;92m20:57:30[0m [95mTYLERMASTERY2-[0m[1;95m8[0m [33m⏳ in transit [0m[1;33m([0m[33m~2h 45m[0m[1;33m)[0m[33m...[0m
[1;2;92m20:57:36[0m [35mTYLERMASTERY2-[0m[1;35m3[0m [33m⏳ in transit [0m[1;33m([0m[33m~1h 48m[0m[1;33m)[0m[33m...[0m
[1;2;92m20:57:38[0m [32mTYLERMASTERY2-[0m[1;32m2[0m [36m⚓ docked[0m
[3m                   Shipyard — X1-KU6-A2                    [0m
                                                           
 [1m [0m[1mType              [0m[1m [0m [1m [0m[1m       Price[0m[1m [0m [1m [0m[1mSupply  [0m[1m [0m [1m [0m[1mPriority[0m[1m [0m 
 ━━━━━━━━━━━━━━━━━━━━━━━━━━━━━━━━━━━━━━━━━━━━━━━━━━━━━━━━━ 
 [1m [0m[1mSHIP_PROBE        [0m[1m [0m   [32m✓[0m 22,288 cr   HIGH           [2mskip[0m  
 [1m [0m[1mSHIP_LIGHT_SHUTTLE[0m[1m [0m   [32m✓[0m 82,671 cr   ABUNDANT       [2mskip[0m  
 [1m [0m[1mSHIP_LIGHT_HAULER [0m[1m [0m  [32m✓[0m 268,652 cr   HIGH           [2mskip[0m  
                                                           
[1;2;92m20:57:55[0m [32mTYLERMASTERY2-[0m[1;32m2[0m [36m↑ orbiting[0m
[1;2;92m20:57:55[0m [32mTYLERMASTERY2-[0m[1;32m2[0m [34m🚀 Navigating → X1-KU6-C51[0m
[1;2;92m20:57:56[0m [32mTYLERMASTERY2-[0m[1;32m2[0m [33m⏳ in transit [0m[1;33m([0m[33m~8m 21s[0m[1;33m)[0m[33m...[0m
[1;2;92m20:57:56[0m [92mTYLERMASTERY2-[0m[1;92m7[0m [33m⏳ in transit [0m[1;33m([0m[33m~2h 41m[0m[1;33m)[0m[33m...[0m
[1;2;92m20:58:25[0m [93mTYLERMASTERY2-[0m[1;93m9[0m [33m⏳ in transit [0m[1;33m([0m[33m~2h 38m[0m[1;33m)[0m[33m...[0m
[1;2;92m20:58:39[0m [96mTYLERMASTERY2-[0m[1;96m6[0m [33m⏳ in transit [0m[1;33m([0m[33m~2h 39m[0m[1;33m)[0m[33m...[0m
[1;2;92m20:58:40[0m [95mTYLERMASTERY2-[0m[1;95m8[0m [33m⏳ in transit [0m[1;33m([0m[33m~2h 44m[0m[1;33m)[0m[33m...[0m
[1;2;92m20:58:46[0m [35mTYLERMASTERY2-[0m[1;35m3[0m [33m⏳ in transit [0m[1;33m([0m[33m~1h 47m[0m[1;33m)[0m[33m...[0m
[1;2;92m20:58:56[0m [32mTYLERMASTERY2-[0m[1;32m2[0m [33m⏳ in transit [0m[1;33m([0m[33m~7m 20s[0m[1;33m)[0m[33m...[0m
[1;2;92m20:59:00[0m [92mTYLERMASTERY2-[0m[1;92m7[0m [33m⏳ in transit [0m[1;33m([0m[33m~2h 40m[0m[1;33m)[0m[33m...[0m
[1;2;92m20:59:26[0m [93mTYLERMASTERY2-[0m[1;93m9[0m [33m⏳ in transit [0m[1;33m([0m[33m~2h 37m[0m[1;33m)[0m[33m...[0m
[1;2;92m20:59:41[0m [95mTYLERMASTERY2-[0m[1;95m8[0m [33m⏳ in transit [0m[1;33m([0m[33m~2h 43m[0m[1;33m)[0m[33m...[0m
[1;2;92m20:59:44[0m [96mTYLERMASTERY2-[0m[1;96m6[0m [33m⏳ in transit [0m[1;33m([0m[33m~2h 38m[0m[1;33m)[0m[33m...[0m
[1;2;92m20:59:54[0m [35mTYLERMASTERY2-[0m[1;35m3[0m [33m⏳ in transit [0m[1;33m([0m[33m~1h 46m[0m[1;33m)[0m[33m...[0m
[1;2;92m20:59:59[0m [32mTYLERMASTERY2-[0m[1;32m2[0m [33m⏳ in transit [0m[1;33m([0m[33m~6m 18s[0m[1;33m)[0m[33m...[0m
[1;2;92m21:00:03[0m [92mTYLERMASTERY2-[0m[1;92m7[0m [33m⏳ in transit [0m[1;33m([0m[33m~2h 39m[0m[1;33m)[0m[33m...[0m
[1;2;92m21:00:30[0m [93mTYLERMASTERY2-[0m[1;93m9[0m [33m⏳ in transit [0m[1;33m([0m[33m~2h 36m[0m[1;33m)[0m[33m...[0m
[1;2;92m21:00:47[0m [96mTYLERMASTERY2-[0m[1;96m6[0m [33m⏳ in transit [0m[1;33m([0m[33m~2h 37m[0m[1;33m)[0m[33m...[0m
[1;2;92m21:00:53[0m [95mTYLERMASTERY2-[0m[1;95m8[0m [33m⏳ in transit [0m[1;33m([0m[33m~2h 42m[0m[1;33m)[0m[33m...[0m
[1;2;92m21:00:55[0m [35mTYLERMASTERY2-[0m[1;35m3[0m [33m⏳ in transit [0m[1;33m([0m[33m~1h 45m[0m[1;33m)[0m[33m...[0m
[1;2;92m21:01:03[0m [32mTYLERMASTERY2-[0m[1;32m2[0m [33m⏳ in transit [0m[1;33m([0m[33m~5m 14s[0m[1;33m)[0m[33m...[0m
[1;2;92m21:01:06[0m [92mTYLERMASTERY2-[0m[1;92m7[0m [33m⏳ in transit [0m[1;33m([0m[33m~2h 38m[0m[1;33m)[0m[33m...[0m
[1;2;92m21:01:31[0m [93mTYLERMASTERY2-[0m[1;93m9[0m [33m⏳ in transit [0m[1;33m([0m[33m~2h 35m[0m[1;33m)[0m[33m...[0m
[1;2;92m21:01:52[0m [96mTYLERMASTERY2-[0m[1;96m6[0m [33m⏳ in transit [0m[1;33m([0m[33m~2h 36m[0m[1;33m)[0m[33m...[0m
[1;2;92m21:01:56[0m [95mTYLERMASTERY2-[0m[1;95m8[0m [33m⏳ in transit [0m[1;33m([0m[33m~2h 41m[0m[1;33m)[0m[33m...[0m
[1;2;92m21:01:57[0m [35mTYLERMASTERY2-[0m[1;35m3[0m [33m⏳ in transit [0m[1;33m([0m[33m~1h 44m[0m[1;33m)[0m[33m...[0m
[1;2;92m21:02:04[0m [32mTYLERMASTERY2-[0m[1;32m2[0m [33m⏳ in transit [0m[1;33m([0m[33m~4m 13s[0m[1;33m)[0m[33m...[0m
[1;2;92m21:02:10[0m [92mTYLERMASTERY2-[0m[1;92m7[0m [33m⏳ in transit [0m[1;33m([0m[33m~2h 36m[0m[1;33m)[0m[33m...[0m
[1;2;92m21:02:33[0m [93mTYLERMASTERY2-[0m[1;93m9[0m [33m⏳ in transit [0m[1;33m([0m[33m~2h 34m[0m[1;33m)[0m[33m...[0m
[1;2;92m21:02:53[0m [96mTYLERMASTERY2-[0m[1;96m6[0m [33m⏳ in transit [0m[1;33m([0m[33m~2h 35m[0m[1;33m)[0m[33m...[0m
[1;2;92m21:02:56[0m [95mTYLERMASTERY2-[0m[1;95m8[0m [33m⏳ in transit [0m[1;33m([0m[33m~2h 40m[0m[1;33m)[0m[33m...[0m
[1;2;92m21:03:00[0m [35mTYLERMASTERY2-[0m[1;35m3[0m [33m⏳ in transit [0m[1;33m([0m[33m~1h 43m[0m[1;33m)[0m[33m...[0m
[1;2;92m21:03:04[0m [32mTYLERMASTERY2-[0m[1;32m2[0m [33m⏳ in transit [0m[1;33m([0m[33m~3m 12s[0m[1;33m)[0m[33m...[0m
[1;2;92m21:03:11[0m [92mTYLERMASTERY2-[0m[1;92m7[0m [33m⏳ in transit [0m[1;33m([0m[33m~2h 35m[0m[1;33m)[0m[33m...[0m
[1;2;92m21:03:34[0m [93mTYLERMASTERY2-[0m[1;93m9[0m [33m⏳ in transit [0m[1;33m([0m[33m~2h 33m[0m[1;33m)[0m[33m...[0m
[1;2;92m21:03:55[0m [96mTYLERMASTERY2-[0m[1;96m6[0m [33m⏳ in transit [0m[1;33m([0m[33m~2h 34m[0m[1;33m)[0m[33m...[0m
[1;2;92m21:03:57[0m [95mTYLERMASTERY2-[0m[1;95m8[0m [33m⏳ in transit [0m[1;33m([0m[33m~2h 39m[0m[1;33m)[0m[33m...[0m
[1;2;92m21:04:05[0m [32mTYLERMASTERY2-[0m[1;32m2[0m [33m⏳ in transit [0m[1;33m([0m[33m~2m 11s[0m[1;33m)[0m[33m...[0m
[1;2;92m21:04:06[0m [35mTYLERMASTERY2-[0m[1;35m3[0m [33m⏳ in transit [0m[1;33m([0m[33m~1h 41m[0m[1;33m)[0m[33m...[0m
[1;2;92m21:04:15[0m [92mTYLERMASTERY2-[0m[1;92m7[0m [33m⏳ in transit [0m[1;33m([0m[33m~2h 34m[0m[1;33m)[0m[33m...[0m
[1;2;92m21:04:36[0m [32mTYLERMASTERY2-[0m[1;32m2[0m [33m⏳ in transit [0m[1;33m([0m[33m~1m 41s[0m[1;33m)[0m[33m...[0m
[1;2;92m21:04:36[0m [93mTYLERMASTERY2-[0m[1;93m9[0m [33m⏳ in transit [0m[1;33m([0m[33m~2h 32m[0m[1;33m)[0m[33m...[0m
[1;2;92m21:04:41[0m [32mTYLERMASTERY2-[0m[1;32m2[0m [33m⏳ in transit [0m[1;33m([0m[33m~1m 35s[0m[1;33m)[0m[33m...[0m
[1;2;92m21:04:47[0m [32mTYLERMASTERY2-[0m[1;32m2[0m [33m⏳ in transit [0m[1;33m([0m[33m~1m 30s[0m[1;33m)[0m[33m...[0m
[1;2;92m21:04:57[0m [32mTYLERMASTERY2-[0m[1;32m2[0m [33m⏳ in transit [0m[1;33m([0m[33m~1m 20s[0m[1;33m)[0m[33m...[0m
[1;2;92m21:04:58[0m [95mTYLERMASTERY2-[0m[1;95m8[0m [33m⏳ in transit [0m[1;33m([0m[33m~2h 38m[0m[1;33m)[0m[33m...[0m
[1;2;92m21:04:59[0m [96mTYLERMASTERY2-[0m[1;96m6[0m [33m⏳ in transit [0m[1;33m([0m[33m~2h 33m[0m[1;33m)[0m[33m...[0m
[1;2;92m21:05:02[0m [32mTYLERMASTERY2-[0m[1;32m2[0m [33m⏳ in transit [0m[1;33m([0m[33m~1m 15s[0m[1;33m)[0m[33m...[0m
[1;2;92m21:05:07[0m [32mTYLERMASTERY2-[0m[1;32m2[0m [33m⏳ in transit [0m[1;33m([0m[33m~1m 9s[0m[1;33m)[0m[33m...[0m
[1;2;92m21:05:13[0m [32mTYLERMASTERY2-[0m[1;32m2[0m [33m⏳ in transit [0m[1;33m([0m[33m~1m 4s[0m[1;33m)[0m[33m...[0m
[1;2;92m21:05:17[0m [92mTYLERMASTERY2-[0m[1;92m7[0m [33m⏳ in transit [0m[1;33m([0m[33m~2h 33m[0m[1;33m)[0m[33m...[0m
[1;2;92m21:05:18[0m [32mTYLERMASTERY2-[0m[1;32m2[0m [33m⏳ in transit [0m[1;33m([0m[33m~58s[0m[1;33m)[0m[33m...[0m
[1;2;92m21:05:20[0m [35mTYLERMASTERY2-[0m[1;35m3[0m [33m⏳ in transit [0m[1;33m([0m[33m~1h 40m[0m[1;33m)[0m[33m...[0m
[1;2;92m21:05:30[0m [32mTYLERMASTERY2-[0m[1;32m2[0m [33m⏳ in transit [0m[1;33m([0m[33m~47s[0m[1;33m)[0m[33m...[0m
[1;2;92m21:05:36[0m [32mTYLERMASTERY2-[0m[1;32m2[0m [33m⏳ in transit [0m[1;33m([0m[33m~40s[0m[1;33m)[0m[33m...[0m
[1;2;92m21:05:42[0m [32mTYLERMASTERY2-[0m[1;32m2[0m [33m⏳ in transit [0m[1;33m([0m[33m~35s[0m[1;33m)[0m[33m...[0m
[1;2;92m21:05:43[0m [93mTYLERMASTERY2-[0m[1;93m9[0m [33m⏳ in transit [0m[1;33m([0m[33m~2h 31m[0m[1;33m)[0m[33m...[0m
[1;2;92m21:05:47[0m [32mTYLERMASTERY2-[0m[1;32m2[0m [33m⏳ in transit [0m[1;33m([0m[33m~29s[0m[1;33m)[0m[33m...[0m
[1;2;92m21:05:54[0m [32mTYLERMASTERY2-[0m[1;32m2[0m [33m⏳ in transit [0m[1;33m([0m[33m~22s[0m[1;33m)[0m[33m...[0m
[1;2;92m21:06:00[0m [32mTYLERMASTERY2-[0m[1;32m2[0m [33m⏳ in transit [0m[1;33m([0m[33m~17s[0m[1;33m)[0m[33m...[0m
[1;2;92m21:06:02[0m [96mTYLERMASTERY2-[0m[1;96m6[0m [33m⏳ in transit [0m[1;33m([0m[33m~2h 32m[0m[1;33m)[0m[33m...[0m
[1;2;92m21:06:05[0m [32mTYLERMASTERY2-[0m[1;32m2[0m [33m⏳ in transit [0m[1;33m([0m[33m~11s[0m[1;33m)[0m[33m...[0m
[1;2;92m21:06:08[0m [95mTYLERMASTERY2-[0m[1;95m8[0m [33m⏳ in transit [0m[1;33m([0m[33m~2h 37m[0m[1;33m)[0m[33m...[0m
[1;2;92m21:06:11[0m [32mTYLERMASTERY2-[0m[1;32m2[0m [33m⏳ in transit [0m[1;33m([0m[33m~6s[0m[1;33m)[0m[33m...[0m
[1;2;92m21:06:16[0m [32mTYLERMASTERY2-[0m[1;32m2[0m [32m✓[0m arrived at [1mX1-KU6-C51[0m
[1;2;92m21:06:20[0m [32mTYLERMASTERY2-[0m[1;32m2[0m [36m⚓ docked[0m
[3m                  Shipyard — X1-KU6-C51                  [0m
                                                         
 [1m [0m[1mType             [0m[1m [0m [1m [0m[1m      Price[0m[1m [0m [1m [0m[1mSupply  [0m[1m [0m [1m [0m[1mPriority[0m[1m [0m 
 ━━━━━━━━━━━━━━━━━━━━━━━━━━━━━━━━━━━━━━━━━━━━━━━━━━━━━━━ 
 [1m [0m[1mSHIP_PROBE       [0m[1m [0m  [32m✓[0m 21,397 cr   HIGH           [2mskip[0m  
 [1m [0m[1mSHIP_SIPHON_DRONE[0m[1m [0m  [32m✓[0m 48,794 cr   MODERATE       [2mskip[0m  
                                                         
[1;2;92m21:06:30[0m [35mTYLERMASTERY2-[0m[1;35m3[0m [33m⏳ in transit [0m[1;33m([0m[33m~1h 39m[0m[1;33m)[0m[33m...[0m
[1;2;92m21:06:36[0m [92mTYLERMASTERY2-[0m[1;92m7[0m [33m⏳ in transit [0m[1;33m([0m[33m~2h 32m[0m[1;33m)[0m[33m...[0m
[1;2;92m21:06:45[0m [93mTYLERMASTERY2-[0m[1;93m9[0m [33m⏳ in transit [0m[1;33m([0m[33m~2h 30m[0m[1;33m)[0m[33m...[0m
[1;2;92m21:06:47[0m [32mTYLERMASTERY2-[0m[1;32m2[0m [36m↑ orbiting[0m
[1;2;92m21:06:47[0m [32mTYLERMASTERY2-[0m[1;32m2[0m [34m🚀 Navigating → X1-KU6-H62[0m
[1;2;92m21:06:51[0m [32mTYLERMASTERY2-[0m[1;32m2[0m [33m⏳ in transit [0m[1;33m([0m[33m~8m 59s[0m[1;33m)[0m[33m...[0m
[1;2;92m21:07:04[0m [96mTYLERMASTERY2-[0m[1;96m6[0m [33m⏳ in transit [0m[1;33m([0m[33m~2h 31m[0m[1;33m)[0m[33m...[0m
[1;2;92m21:07:10[0m [95mTYLERMASTERY2-[0m[1;95m8[0m [33m⏳ in transit [0m[1;33m([0m[33m~2h 36m[0m[1;33m)[0m[33m...[0m
[1;2;92m21:07:31[0m [35mTYLERMASTERY2-[0m[1;35m3[0m [33m⏳ in transit [0m[1;33m([0m[33m~1h 38m[0m[1;33m)[0m[33m...[0m
[1;2;92m21:07:55[0m [93mTYLERMASTERY2-[0m[1;93m9[0m [33m⏳ in transit [0m[1;33m([0m[33m~2h 29m[0m[1;33m)[0m[33m...[0m
[1;2;92m21:07:57[0m [92mTYLERMASTERY2-[0m[1;92m7[0m [33m⏳ in transit [0m[1;33m([0m[33m~2h 31m[0m[1;33m)[0m[33m...[0m
[1;2;92m21:07:57[0m [32mTYLERMASTERY2-[0m[1;32m2[0m [33m⏳ in transit [0m[1;33m([0m[33m~7m 52s[0m[1;33m)[0m[33m...[0m
[1;2;92m21:08:05[0m [96mTYLERMASTERY2-[0m[1;96m6[0m [33m⏳ in transit [0m[1;33m([0m[33m~2h 30m[0m[1;33m)[0m[33m...[0m
[1;2;92m21:08:13[0m [95mTYLERMASTERY2-[0m[1;95m8[0m [33m⏳ in transit [0m[1;33m([0m[33m~2h 35m[0m[1;33m)[0m[33m...[0m
[1;2;92m21:08:35[0m [35mTYLERMASTERY2-[0m[1;35m3[0m [33m⏳ in transit [0m[1;33m([0m[33m~1h 37m[0m[1;33m)[0m[33m...[0m
[1;2;92m21:08:58[0m [93mTYLERMASTERY2-[0m[1;93m9[0m [33m⏳ in transit [0m[1;33m([0m[33m~2h 28m[0m[1;33m)[0m[33m...[0m
[1;2;92m21:08:58[0m [32mTYLERMASTERY2-[0m[1;32m2[0m [33m⏳ in transit [0m[1;33m([0m[33m~6m 51s[0m[1;33m)[0m[33m...[0m
[1;2;92m21:09:00[0m [92mTYLERMASTERY2-[0m[1;92m7[0m [33m⏳ in transit [0m[1;33m([0m[33m~2h 30m[0m[1;33m)[0m[33m...[0m
[1;2;92m21:09:10[0m [96mTYLERMASTERY2-[0m[1;96m6[0m [33m⏳ in transit [0m[1;33m([0m[33m~2h 29m[0m[1;33m)[0m[33m...[0m
[1;2;92m21:09:16[0m [95mTYLERMASTERY2-[0m[1;95m8[0m [33m⏳ in transit [0m[1;33m([0m[33m~2h 33m[0m[1;33m)[0m[33m...[0m
[1;2;92m21:09:39[0m [35mTYLERMASTERY2-[0m[1;35m3[0m [33m⏳ in transit [0m[1;33m([0m[33m~1h 36m[0m[1;33m)[0m[33m...[0m
[1;2;92m21:09:59[0m [93mTYLERMASTERY2-[0m[1;93m9[0m [33m⏳ in transit [0m[1;33m([0m[33m~2h 27m[0m[1;33m)[0m[33m...[0m
[1;2;92m21:10:01[0m [32mTYLERMASTERY2-[0m[1;32m2[0m [33m⏳ in transit [0m[1;33m([0m[33m~5m 48s[0m[1;33m)[0m[33m...[0m
[1;2;92m21:10:07[0m [92mTYLERMASTERY2-[0m[1;92m7[0m [33m⏳ in transit [0m[1;33m([0m[33m~2h 29m[0m[1;33m)[0m[33m...[0m
[1;2;92m21:10:13[0m [96mTYLERMASTERY2-[0m[1;96m6[0m [33m⏳ in transit [0m[1;33m([0m[33m~2h 28m[0m[1;33m)[0m[33m...[0m
[1;2;92m21:10:23[0m [95mTYLERMASTERY2-[0m[1;95m8[0m [33m⏳ in transit [0m[1;33m([0m[33m~2h 32m[0m[1;33m)[0m[33m...[0m
[1;2;92m21:10:40[0m [35mTYLERMASTERY2-[0m[1;35m3[0m [33m⏳ in transit [0m[1;33m([0m[33m~1h 35m[0m[1;33m)[0m[33m...[0m
[1;2;92m21:11:01[0m [93mTYLERMASTERY2-[0m[1;93m9[0m [33m⏳ in transit [0m[1;33m([0m[33m~2h 26m[0m[1;33m)[0m[33m...[0m
[1;2;92m21:11:12[0m [32mTYLERMASTERY2-[0m[1;32m2[0m [33m⏳ in transit [0m[1;33m([0m[33m~4m 37s[0m[1;33m)[0m[33m...[0m
[1;2;92m21:11:16[0m [96mTYLERMASTERY2-[0m[1;96m6[0m [33m⏳ in transit [0m[1;33m([0m[33m~2h 27m[0m[1;33m)[0m[33m...[0m
[1;2;92m21:11:27[0m [92mTYLERMASTERY2-[0m[1;92m7[0m [33m⏳ in transit [0m[1;33m([0m[33m~2h 27m[0m[1;33m)[0m[33m...[0m
[1;2;92m21:11:32[0m [95mTYLERMASTERY2-[0m[1;95m8[0m [33m⏳ in transit [0m[1;33m([0m[33m~2h 31m[0m[1;33m)[0m[33m...[0m
[1;2;92m21:11:42[0m [35mTYLERMASTERY2-[0m[1;35m3[0m [33m⏳ in transit [0m[1;33m([0m[33m~1h 34m[0m[1;33m)[0m[33m...[0m
[1;2;92m21:12:05[0m [93mTYLERMASTERY2-[0m[1;93m9[0m [33m⏳ in transit [0m[1;33m([0m[33m~2h 25m[0m[1;33m)[0m[33m...[0m
[1;2;92m21:12:13[0m [32mTYLERMASTERY2-[0m[1;32m2[0m [33m⏳ in transit [0m[1;33m([0m[33m~3m 36s[0m[1;33m)[0m[33m...[0m
[1;2;92m21:12:19[0m [96mTYLERMASTERY2-[0m[1;96m6[0m [33m⏳ in transit [0m[1;33m([0m[33m~2h 26m[0m[1;33m)[0m[33m...[0m
[1;2;92m21:12:28[0m [92mTYLERMASTERY2-[0m[1;92m7[0m [33m⏳ in transit [0m[1;33m([0m[33m~2h 26m[0m[1;33m)[0m[33m...[0m
[1;2;92m21:12:33[0m [95mTYLERMASTERY2-[0m[1;95m8[0m [33m⏳ in transit [0m[1;33m([0m[33m~2h 30m[0m[1;33m)[0m[33m...[0m
[1;2;92m21:12:43[0m [35mTYLERMASTERY2-[0m[1;35m3[0m [33m⏳ in transit [0m[1;33m([0m[33m~1h 33m[0m[1;33m)[0m[33m...[0m
[1;2;92m21:13:09[0m [93mTYLERMASTERY2-[0m[1;93m9[0m [33m⏳ in transit [0m[1;33m([0m[33m~2h 24m[0m[1;33m)[0m[33m...[0m
[1;2;92m21:13:14[0m [32mTYLERMASTERY2-[0m[1;32m2[0m [33m⏳ in transit [0m[1;33m([0m[33m~2m 35s[0m[1;33m)[0m[33m...[0m
[1;2;92m21:13:23[0m [96mTYLERMASTERY2-[0m[1;96m6[0m [33m⏳ in transit [0m[1;33m([0m[33m~2h 24m[0m[1;33m)[0m[33m...[0m
[1;2;92m21:13:30[0m [92mTYLERMASTERY2-[0m[1;92m7[0m [33m⏳ in transit [0m[1;33m([0m[33m~2h 25m[0m[1;33m)[0m[33m...[0m
[1;2;92m21:13:36[0m [95mTYLERMASTERY2-[0m[1;95m8[0m [33m⏳ in transit [0m[1;33m([0m[33m~2h 29m[0m[1;33m)[0m[33m...[0m
[1;2;92m21:13:44[0m [35mTYLERMASTERY2-[0m[1;35m3[0m [33m⏳ in transit [0m[1;33m([0m[33m~1h 32m[0m[1;33m)[0m[33m...[0m
[1;2;92m21:13:50[0m [32mTYLERMASTERY2-[0m[1;32m2[0m [33m⏳ in transit [0m[1;33m([0m[33m~1m 59s[0m[1;33m)[0m[33m...[0m
[1;2;92m21:13:56[0m [32mTYLERMASTERY2-[0m[1;32m2[0m [33m⏳ in transit [0m[1;33m([0m[33m~1m 54s[0m[1;33m)[0m[33m...[0m
[1;2;92m21:14:01[0m [32mTYLERMASTERY2-[0m[1;32m2[0m [33m⏳ in transit [0m[1;33m([0m[33m~1m 48s[0m[1;33m)[0m[33m...[0m
[1;2;92m21:14:07[0m [32mTYLERMASTERY2-[0m[1;32m2[0m [33m⏳ in transit [0m[1;33m([0m[33m~1m 43s[0m[1;33m)[0m[33m...[0m
[1;2;92m21:14:11[0m [93mTYLERMASTERY2-[0m[1;93m9[0m [33m⏳ in transit [0m[1;33m([0m[33m~2h 23m[0m[1;33m)[0m[33m...[0m
[1;2;92m21:14:12[0m [32mTYLERMASTERY2-[0m[1;32m2[0m [33m⏳ in transit [0m[1;33m([0m[33m~1m 37s[0m[1;33m)[0m[33m...[0m
[1;2;92m21:14:18[0m [32mTYLERMASTERY2-[0m[1;32m2[0m [33m⏳ in transit [0m[1;33m([0m[33m~1m 32s[0m[1;33m)[0m[33m...[0m
[1;2;92m21:14:25[0m [32mTYLERMASTERY2-[0m[1;32m2[0m [33m⏳ in transit [0m[1;33m([0m[33m~1m 25s[0m[1;33m)[0m[33m...[0m
[1;2;92m21:14:26[0m [96mTYLERMASTERY2-[0m[1;96m6[0m [33m⏳ in transit [0m[1;33m([0m[33m~2h 23m[0m[1;33m)[0m[33m...[0m
[1;2;92m21:14:30[0m [32mTYLERMASTERY2-[0m[1;32m2[0m [33m⏳ in transit [0m[1;33m([0m[33m~1m 19s[0m[1;33m)[0m[33m...[0m
[1;2;92m21:14:33[0m [92mTYLERMASTERY2-[0m[1;92m7[0m [33m⏳ in transit [0m[1;33m([0m[33m~2h 24m[0m[1;33m)[0m[33m...[0m
[1;2;92m21:14:35[0m [32mTYLERMASTERY2-[0m[1;32m2[0m [33m⏳ in transit [0m[1;33m([0m[33m~1m 14s[0m[1;33m)[0m[33m...[0m
[1;2;92m21:14:41[0m [32mTYLERMASTERY2-[0m[1;32m2[0m [33m⏳ in transit [0m[1;33m([0m[33m~1m 8s[0m[1;33m)[0m[33m...[0m
[1;2;92m21:14:43[0m [95mTYLERMASTERY2-[0m[1;95m8[0m [33m⏳ in transit [0m[1;33m([0m[33m~2h 28m[0m[1;33m)[0m[33m...[0m
[1;2;92m21:14:48[0m [32mTYLERMASTERY2-[0m[1;32m2[0m [33m⏳ in transit [0m[1;33m([0m[33m~1m 2s[0m[1;33m)[0m[33m...[0m
[1;2;92m21:14:48[0m [35mTYLERMASTERY2-[0m[1;35m3[0m [33m⏳ in transit [0m[1;33m([0m[33m~1h 31m[0m[1;33m)[0m[33m...[0m
[1;2;92m21:14:58[0m [32mTYLERMASTERY2-[0m[1;32m2[0m [33m⏳ in transit [0m[1;33m([0m[33m~52s[0m[1;33m)[0m[33m...[0m
[1;2;92m21:15:03[0m [32mTYLERMASTERY2-[0m[1;32m2[0m [33m⏳ in transit [0m[1;33m([0m[33m~46s[0m[1;33m)[0m[33m...[0m
[1;2;92m21:15:09[0m [32mTYLERMASTERY2-[0m[1;32m2[0m [33m⏳ in transit [0m[1;33m([0m[33m~41s[0m[1;33m)[0m[33m...[0m
[1;2;92m21:15:13[0m [93mTYLERMASTERY2-[0m[1;93m9[0m [33m⏳ in transit [0m[1;33m([0m[33m~2h 22m[0m[1;33m)[0m[33m...[0m
[1;2;92m21:15:14[0m [32mTYLERMASTERY2-[0m[1;32m2[0m [33m⏳ in transit [0m[1;33m([0m[33m~35s[0m[1;33m)[0m[33m...[0m
[1;2;92m21:15:19[0m [32mTYLERMASTERY2-[0m[1;32m2[0m [33m⏳ in transit [0m[1;33m([0m[33m~30s[0m[1;33m)[0m[33m...[0m
[1;2;92m21:15:25[0m [32mTYLERMASTERY2-[0m[1;32m2[0m [33m⏳ in transit [0m[1;33m([0m[33m~25s[0m[1;33m)[0m[33m...[0m
[1;2;92m21:15:29[0m [96mTYLERMASTERY2-[0m[1;96m6[0m [33m⏳ in transit [0m[1;33m([0m[33m~2h 22m[0m[1;33m)[0m[33m...[0m
[1;2;92m21:15:30[0m [32mTYLERMASTERY2-[0m[1;32m2[0m [33m⏳ in transit [0m[1;33m([0m[33m~19s[0m[1;33m)[0m[33m...[0m
[1;2;92m21:15:36[0m [92mTYLERMASTERY2-[0m[1;92m7[0m [33m⏳ in transit [0m[1;33m([0m[33m~2h 23m[0m[1;33m)[0m[33m...[0m
[1;2;92m21:15:39[0m [32mTYLERMASTERY2-[0m[1;32m2[0m [33m⏳ in transit [0m[1;33m([0m[33m~11s[0m[1;33m)[0m[33m...[0m
[1;2;92m21:15:48[0m [32mTYLERMASTERY2-[0m[1;32m2[0m [32m✓[0m arrived at [1mX1-KU6-H62[0m
[1;2;92m21:15:51[0m [95mTYLERMASTERY2-[0m[1;95m8[0m [33m⏳ in transit [0m[1;33m([0m[33m~2h 27m[0m[1;33m)[0m[33m...[0m
[1;2;92m21:15:54[0m [32mTYLERMASTERY2-[0m[1;32m2[0m [36m⚓ docked[0m
[3m                  Shipyard — X1-KU6-H62                  [0m
                                                         
 [1m [0m[1mType             [0m[1m [0m [1m [0m[1m      Price[0m[1m [0m [1m [0m[1mSupply  [0m[1m [0m [1m [0m[1mPriority[0m[1m [0m 
 ━━━━━━━━━━━━━━━━━━━━━━━━━━━━━━━━━━━━━━━━━━━━━━━━━━━━━━━ 
 [1m [0m[1mSHIP_MINING_DRONE[0m[1m [0m  [32m✓[0m 39,993 cr   HIGH             95  
 [1m [0m[1mSHIP_SURVEYOR    [0m[1m [0m  [32m✓[0m 24,591 cr   ABUNDANT         85  
                                                         
[1;2;92m21:15:58[0m [35mTYLERMASTERY2-[0m[1;35m3[0m [33m⏳ in transit [0m[1;33m([0m[33m~1h 30m[0m[1;33m)[0m[33m...[0m
[1;2;92m21:15:58[0m [1;32m🚀 Bought TYLERMASTERY2-C [0m[1;32m([0m[1;32mSHIP_MINING_DRONE[0m[1;32m)[0m[1;32m for [0m[1;32m39[0m[1;32m,[0m[1;32m993[0m[1;32m cr![0m
[1;2;92m21:15:58[0m Credits remaining: [1;32m1[0m[32m,[0m[1;32m645[0m[32m,[0m[1;32m046[0m
[1;2;92m21:16:00[0m [1;32m🚀 Bought TYLERMASTERY2-D [0m[1;32m([0m[1;32mSHIP_SURVEYOR[0m[1;32m)[0m[1;32m for [0m[1;32m24[0m[1;32m,[0m[1;32m591[0m[1;32m cr![0m
[1;2;92m21:16:00[0m Credits remaining: [1;32m1[0m[32m,[0m[1;32m620[0m[32m,[0m[1;32m455[0m
[1;2;92m21:16:01[0m [1;32mPurchased [0m[1;32m2[0m[1;32m [0m[1;32mship[0m[1;32m([0m[1;32ms[0m[1;32m)[0m[1;32m! Fleet now: [0m[1;32m13[0m[1;32m ships[0m
[1;2;92m21:16:01[0m [1mMaintenance check[0m
[1;2;92m21:16:02[0m [35mTYLERMASTERY2-[0m[1;35m3[0m [33m🔧 needs repair [0m[1;33m([0m[33mworst condition: [0m[1;33m80[0m[33m%[0m[1;33m)[0m
[1;2;92m21:16:05[0m [35mTYLERMASTERY2-[0m[1;35m3[0m [33m⏳ in transit [0m[1;33m([0m[33m~1h 29m[0m[1;33m)[0m[33m...[0m
[1;2;92m21:16:16[0m [93mTYLERMASTERY2-[0m[1;93m9[0m [33m⏳ in transit [0m[1;33m([0m[33m~2h 21m[0m[1;33m)[0m[33m...[0m
[1;2;92m21:16:33[0m [96mTYLERMASTERY2-[0m[1;96m6[0m [33m⏳ in transit [0m[1;33m([0m[33m~2h 21m[0m[1;33m)[0m[33m...[0m
[1;2;92m21:16:58[0m [92mTYLERMASTERY2-[0m[1;92m7[0m [33m⏳ in transit [0m[1;33m([0m[33m~2h 22m[0m[1;33m)[0m[33m...[0m
[1;2;92m21:16:58[0m [95mTYLERMASTERY2-[0m[1;95m8[0m [33m⏳ in transit [0m[1;33m([0m[33m~2h 26m[0m[1;33m)[0m[33m...[0m
[1;2;92m21:17:00[0m [35mTYLERMASTERY2-[0m[1;35m3[0m [33m⏳ in transit [0m[1;33m([0m[33m~1h 29m[0m[1;33m)[0m[33m...[0m
[1;2;92m21:17:13[0m [35mTYLERMASTERY2-[0m[1;35m3[0m [33m⏳ in transit [0m[1;33m([0m[33m~1h 28m[0m[1;33m)[0m[33m...[0m
[1;2;92m21:17:17[0m [93mTYLERMASTERY2-[0m[1;93m9[0m [33m⏳ in transit [0m[1;33m([0m[33m~2h 20m[0m[1;33m)[0m[33m...[0m
[1;2;92m21:17:34[0m [96mTYLERMASTERY2-[0m[1;96m6[0m [33m⏳ in transit [0m[1;33m([0m[33m~2h 20m[0m[1;33m)[0m[33m...[0m
[1;2;92m21:17:59[0m [92mTYLERMASTERY2-[0m[1;92m7[0m [33m⏳ in transit [0m[1;33m([0m[33m~2h 21m[0m[1;33m)[0m[33m...[0m
[1;2;92m21:18:01[0m [35mTYLERMASTERY2-[0m[1;35m3[0m [33m⏳ in transit [0m[1;33m([0m[33m~1h 27m[0m[1;33m)[0m[33m...[0m
[1;2;92m21:18:03[0m [95mTYLERMASTERY2-[0m[1;95m8[0m [33m⏳ in transit [0m[1;33m([0m[33m~2h 25m[0m[1;33m)[0m[33m...[0m
[1;2;92m21:18:14[0m [35mTYLERMASTERY2-[0m[1;35m3[0m [33m⏳ in transit [0m[1;33m([0m[33m~1h 27m[0m[1;33m)[0m[33m...[0m
[1;2;92m21:18:18[0m [93mTYLERMASTERY2-[0m[1;93m9[0m [33m⏳ in transit [0m[1;33m([0m[33m~2h 19m[0m[1;33m)[0m[33m...[0m
[1;2;92m21:18:36[0m [96mTYLERMASTERY2-[0m[1;96m6[0m [33m⏳ in transit [0m[1;33m([0m[33m~2h 19m[0m[1;33m)[0m[33m...[0m
[1;2;92m21:19:01[0m [92mTYLERMASTERY2-[0m[1;92m7[0m [33m⏳ in transit [0m[1;33m([0m[33m~2h 20m[0m[1;33m)[0m[33m...[0m
[1;2;92m21:19:04[0m [95mTYLERMASTERY2-[0m[1;95m8[0m [33m⏳ in transit [0m[1;33m([0m[33m~2h 24m[0m[1;33m)[0m[33m...[0m
[1;2;92m21:19:09[0m [35mTYLERMASTERY2-[0m[1;35m3[0m [33m⏳ in transit [0m[1;33m([0m[33m~1h 26m[0m[1;33m)[0m[33m...[0m
[1;2;92m21:19:16[0m [35mTYLERMASTERY2-[0m[1;35m3[0m [33m⏳ in transit [0m[1;33m([0m[33m~1h 26m[0m[1;33m)[0m[33m...[0m
[1;2;92m21:19:21[0m [93mTYLERMASTERY2-[0m[1;93m9[0m [33m⏳ in transit [0m[1;33m([0m[33m~2h 18m[0m[1;33m)[0m[33m...[0m
[1;2;92m21:19:37[0m [96mTYLERMASTERY2-[0m[1;96m6[0m [33m⏳ in transit [0m[1;33m([0m[33m~2h 18m[0m[1;33m)[0m[33m...[0m
[1;2;92m21:20:07[0m [95mTYLERMASTERY2-[0m[1;95m8[0m [33m⏳ in transit [0m[1;33m([0m[33m~2h 23m[0m[1;33m)[0m[33m...[0m
[1;2;92m21:20:09[0m [92mTYLERMASTERY2-[0m[1;92m7[0m [33m⏳ in transit [0m[1;33m([0m[33m~2h 18m[0m[1;33m)[0m[33m...[0m
[1;2;92m21:20:10[0m [35mTYLERMASTERY2-[0m[1;35m3[0m [33m⏳ in transit [0m[1;33m([0m[33m~1h 25m[0m[1;33m)[0m[33m...[0m
[1;2;92m21:20:19[0m [35mTYLERMASTERY2-[0m[1;35m3[0m [33m⏳ in transit [0m[1;33m([0m[33m~1h 25m[0m[1;33m)[0m[33m...[0m
[1;2;92m21:20:26[0m [93mTYLERMASTERY2-[0m[1;93m9[0m [33m⏳ in transit [0m[1;33m([0m[33m~2h 16m[0m[1;33m)[0m[33m...[0m
[1;2;92m21:20:42[0m [96mTYLERMASTERY2-[0m[1;96m6[0m [33m⏳ in transit [0m[1;33m([0m[33m~2h 17m[0m[1;33m)[0m[33m...[0m
[1;2;92m21:21:10[0m [95mTYLERMASTERY2-[0m[1;95m8[0m [33m⏳ in transit [0m[1;33m([0m[33m~2h 22m[0m[1;33m)[0m[33m...[0m
[1;2;92m21:21:13[0m [35mTYLERMASTERY2-[0m[1;35m3[0m [33m⏳ in transit [0m[1;33m([0m[33m~1h 24m[0m[1;33m)[0m[33m...[0m
[1;2;92m21:21:17[0m [92mTYLERMASTERY2-[0m[1;92m7[0m [33m⏳ in transit [0m[1;33m([0m[33m~2h 17m[0m[1;33m)[0m[33m...[0m
[1;2;92m21:21:21[0m [35mTYLERMASTERY2-[0m[1;35m3[0m [33m⏳ in transit [0m[1;33m([0m[33m~1h 24m[0m[1;33m)[0m[33m...[0m
[1;2;92m21:21:30[0m [93mTYLERMASTERY2-[0m[1;93m9[0m [33m⏳ in transit [0m[1;33m([0m[33m~2h 15m[0m[1;33m)[0m[33m...[0m
[1;2;92m21:22:00[0m [96mTYLERMASTERY2-[0m[1;96m6[0m [33m⏳ in transit [0m[1;33m([0m[33m~2h 16m[0m[1;33m)[0m[33m...[0m
[1;2;92m21:22:11[0m [95mTYLERMASTERY2-[0m[1;95m8[0m [33m⏳ in transit [0m[1;33m([0m[33m~2h 21m[0m[1;33m)[0m[33m...[0m
[1;2;92m21:22:13[0m [35mTYLERMASTERY2-[0m[1;35m3[0m [33m⏳ in transit [0m[1;33m([0m[33m~1h 23m[0m[1;33m)[0m[33m...[0m
[1;2;92m21:22:20[0m [92mTYLERMASTERY2-[0m[1;92m7[0m [33m⏳ in transit [0m[1;33m([0m[33m~2h 16m[0m[1;33m)[0m[33m...[0m
[1;2;92m21:22:22[0m [35mTYLERMASTERY2-[0m[1;35m3[0m [33m⏳ in transit [0m[1;33m([0m[33m~1h 23m[0m[1;33m)[0m[33m...[0m
[1;2;92m21:22:31[0m [93mTYLERMASTERY2-[0m[1;93m9[0m [33m⏳ in transit [0m[1;33m([0m[33m~2h 14m[0m[1;33m)[0m[33m...[0m
[1;2;92m21:23:01[0m [96mTYLERMASTERY2-[0m[1;96m6[0m [33m⏳ in transit [0m[1;33m([0m[33m~2h 15m[0m[1;33m)[0m[33m...[0m
[1;2;92m21:23:14[0m [35mTYLERMASTERY2-[0m[1;35m3[0m [33m⏳ in transit [0m[1;33m([0m[33m~1h 22m[0m[1;33m)[0m[33m...[0m
[1;2;92m21:23:18[0m [95mTYLERMASTERY2-[0m[1;95m8[0m [33m⏳ in transit [0m[1;33m([0m[33m~2h 19m[0m[1;33m)[0m[33m...[0m
[1;2;92m21:23:22[0m [92mTYLERMASTERY2-[0m[1;92m7[0m [33m⏳ in transit [0m[1;33m([0m[33m~2h 15m[0m[1;33m)[0m[33m...[0m
[1;2;92m21:23:24[0m [35mTYLERMASTERY2-[0m[1;35m3[0m [33m⏳ in transit [0m[1;33m([0m[33m~1h 22m[0m[1;33m)[0m[33m...[0m
[1;2;92m21:23:32[0m [93mTYLERMASTERY2-[0m[1;93m9[0m [33m⏳ in transit [0m[1;33m([0m[33m~2h 13m[0m[1;33m)[0m[33m...[0m
[1;2;92m21:24:02[0m [96mTYLERMASTERY2-[0m[1;96m6[0m [33m⏳ in transit [0m[1;33m([0m[33m~2h 14m[0m[1;33m)[0m[33m...[0m
[1;2;92m21:24:15[0m [35mTYLERMASTERY2-[0m[1;35m3[0m [33m⏳ in transit [0m[1;33m([0m[33m~1h 21m[0m[1;33m)[0m[33m...[0m
[1;2;92m21:24:19[0m [95mTYLERMASTERY2-[0m[1;95m8[0m [33m⏳ in transit [0m[1;33m([0m[33m~2h 18m[0m[1;33m)[0m[33m...[0m
[1;2;92m21:24:26[0m [92mTYLERMASTERY2-[0m[1;92m7[0m [33m⏳ in transit [0m[1;33m([0m[33m~2h 14m[0m[1;33m)[0m[33m...[0m
[1;2;92m21:24:28[0m [35mTYLERMASTERY2-[0m[1;35m3[0m [33m⏳ in transit [0m[1;33m([0m[33m~1h 21m[0m[1;33m)[0m[33m...[0m
[1;2;92m21:24:33[0m [93mTYLERMASTERY2-[0m[1;93m9[0m [33m⏳ in transit [0m[1;33m([0m[33m~2h 12m[0m[1;33m)[0m[33m...[0m
[1;2;92m21:25:03[0m [96mTYLERMASTERY2-[0m[1;96m6[0m [33m⏳ in transit [0m[1;33m([0m[33m~2h 13m[0m[1;33m)[0m[33m...[0m
[1;2;92m21:25:17[0m [35mTYLERMASTERY2-[0m[1;35m3[0m [33m⏳ in transit [0m[1;33m([0m[33m~1h 20m[0m[1;33m)[0m[33m...[0m
[1;2;92m21:25:28[0m [92mTYLERMASTERY2-[0m[1;92m7[0m [33m⏳ in transit [0m[1;33m([0m[33m~2h 13m[0m[1;33m)[0m[33m...[0m
[1;2;92m21:25:30[0m [95mTYLERMASTERY2-[0m[1;95m8[0m [33m⏳ in transit [0m[1;33m([0m[33m~2h 17m[0m[1;33m)[0m[33m...[0m
[1;2;92m21:25:32[0m [35mTYLERMASTERY2-[0m[1;35m3[0m [33m⏳ in transit [0m[1;33m([0m[33m~1h 20m[0m[1;33m)[0m[33m...[0m
[1;2;92m21:25:42[0m [93mTYLERMASTERY2-[0m[1;93m9[0m [33m⏳ in transit [0m[1;33m([0m[33m~2h 11m[0m[1;33m)[0m[33m...[0m
[1;2;92m21:26:04[0m [96mTYLERMASTERY2-[0m[1;96m6[0m [33m⏳ in transit [0m[1;33m([0m[33m~2h 12m[0m[1;33m)[0m[33m...[0m
[1;2;92m21:26:18[0m [35mTYLERMASTERY2-[0m[1;35m3[0m [33m⏳ in transit [0m[1;33m([0m[33m~1h 19m[0m[1;33m)[0m[33m...[0m
[1;2;92m21:26:31[0m [95mTYLERMASTERY2-[0m[1;95m8[0m [33m⏳ in transit [0m[1;33m([0m[33m~2h 16m[0m[1;33m)[0m[33m...[0m
[1;2;92m21:26:32[0m [92mTYLERMASTERY2-[0m[1;92m7[0m [33m⏳ in transit [0m[1;33m([0m[33m~2h 12m[0m[1;33m)[0m[33m...[0m
[1;2;92m21:26:33[0m [35mTYLERMASTERY2-[0m[1;35m3[0m [33m⏳ in transit [0m[1;33m([0m[33m~1h 19m[0m[1;33m)[0m[33m...[0m
[1;2;92m21:26:47[0m [93mTYLERMASTERY2-[0m[1;93m9[0m [33m⏳ in transit [0m[1;33m([0m[33m~2h 10m[0m[1;33m)[0m[33m...[0m
[1;2;92m21:27:04[0m [96mTYLERMASTERY2-[0m[1;96m6[0m [33m⏳ in transit [0m[1;33m([0m[33m~2h 11m[0m[1;33m)[0m[33m...[0m
[1;2;92m21:27:24[0m [35mTYLERMASTERY2-[0m[1;35m3[0m [33m⏳ in transit [0m[1;33m([0m[33m~1h 18m[0m[1;33m)[0m[33m...[0m
[1;2;92m21:27:32[0m [95mTYLERMASTERY2-[0m[1;95m8[0m [33m⏳ in transit [0m[1;33m([0m[33m~2h 15m[0m[1;33m)[0m[33m...[0m
[1;2;92m21:27:33[0m [92mTYLERMASTERY2-[0m[1;92m7[0m [33m⏳ in transit [0m[1;33m([0m[33m~2h 11m[0m[1;33m)[0m[33m...[0m
[1;2;92m21:27:34[0m [35mTYLERMASTERY2-[0m[1;35m3[0m [33m⏳ in transit [0m[1;33m([0m[33m~1h 18m[0m[1;33m)[0m[33m...[0m
[1;2;92m21:27:48[0m [93mTYLERMASTERY2-[0m[1;93m9[0m [33m⏳ in transit [0m[1;33m([0m[33m~2h 9m[0m[1;33m)[0m[33m...[0m
[1;2;92m21:28:07[0m [96mTYLERMASTERY2-[0m[1;96m6[0m [33m⏳ in transit [0m[1;33m([0m[33m~2h 10m[0m[1;33m)[0m[33m...[0m
[1;2;92m21:28:30[0m [35mTYLERMASTERY2-[0m[1;35m3[0m [33m⏳ in transit [0m[1;33m([0m[33m~1h 17m[0m[1;33m)[0m[33m...[0m
[1;2;92m21:28:32[0m [95mTYLERMASTERY2-[0m[1;95m8[0m [33m⏳ in transit [0m[1;33m([0m[33m~2h 14m[0m[1;33m)[0m[33m...[0m
[1;2;92m21:28:34[0m [92mTYLERMASTERY2-[0m[1;92m7[0m [33m⏳ in transit [0m[1;33m([0m[33m~2h 10m[0m[1;33m)[0m[33m...[0m
[1;2;92m21:28:36[0m [35mTYLERMASTERY2-[0m[1;35m3[0m [33m⏳ in transit [0m[1;33m([0m[33m~1h 17m[0m[1;33m)[0m[33m...[0m
[1;2;92m21:28:49[0m [93mTYLERMASTERY2-[0m[1;93m9[0m [33m⏳ in transit [0m[1;33m([0m[33m~2h 8m[0m[1;33m)[0m[33m...[0m
[1;2;92m21:29:11[0m [96mTYLERMASTERY2-[0m[1;96m6[0m [33m⏳ in transit [0m[1;33m([0m[33m~2h 9m[0m[1;33m)[0m[33m...[0m
[1;2;92m21:29:33[0m [35mTYLERMASTERY2-[0m[1;35m3[0m [33m⏳ in transit [0m[1;33m([0m[33m~1h 16m[0m[1;33m)[0m[33m...[0m
[1;2;92m21:29:39[0m [35mTYLERMASTERY2-[0m[1;35m3[0m [33m⏳ in transit [0m[1;33m([0m[33m~1h 16m[0m[1;33m)[0m[33m...[0m
[1;2;92m21:29:42[0m [95mTYLERMASTERY2-[0m[1;95m8[0m [33m⏳ in transit [0m[1;33m([0m[33m~2h 13m[0m[1;33m)[0m[33m...[0m
[1;2;92m21:29:48[0m [92mTYLERMASTERY2-[0m[1;92m7[0m [33m⏳ in transit [0m[1;33m([0m[33m~2h 9m[0m[1;33m)[0m[33m...[0m
[1;2;92m21:29:53[0m [93mTYLERMASTERY2-[0m[1;93m9[0m [33m⏳ in transit [0m[1;33m([0m[33m~2h 7m[0m[1;33m)[0m[33m...[0m
[1;2;92m21:30:12[0m [96mTYLERMASTERY2-[0m[1;96m6[0m [33m⏳ in transit [0m[1;33m([0m[33m~2h 8m[0m[1;33m)[0m[33m...[0m
[1;2;92m21:30:35[0m [35mTYLERMASTERY2-[0m[1;35m3[0m [33m⏳ in transit [0m[1;33m([0m[33m~1h 15m[0m[1;33m)[0m[33m...[0m
[1;2;92m21:30:41[0m [35mTYLERMASTERY2-[0m[1;35m3[0m [33m⏳ in transit [0m[1;33m([0m[33m~1h 15m[0m[1;33m)[0m[33m...[0m
[1;2;92m21:30:49[0m [92mTYLERMASTERY2-[0m[1;92m7[0m [33m⏳ in transit [0m[1;33m([0m[33m~2h 8m[0m[1;33m)[0m[33m...[0m
[1;2;92m21:30:55[0m [95mTYLERMASTERY2-[0m[1;95m8[0m [33m⏳ in transit [0m[1;33m([0m[33m~2h 12m[0m[1;33m)[0m[33m...[0m
[1;2;92m21:30:57[0m [93mTYLERMASTERY2-[0m[1;93m9[0m [33m⏳ in transit [0m[1;33m([0m[33m~2h 6m[0m[1;33m)[0m[33m...[0m
[1;2;92m21:31:14[0m [96mTYLERMASTERY2-[0m[1;96m6[0m [33m⏳ in transit [0m[1;33m([0m[33m~2h 7m[0m[1;33m)[0m[33m...[0m
[1;2;92m21:31:36[0m [35mTYLERMASTERY2-[0m[1;35m3[0m [33m⏳ in transit [0m[1;33m([0m[33m~1h 14m[0m[1;33m)[0m[33m...[0m
[1;2;92m21:31:43[0m [35mTYLERMASTERY2-[0m[1;35m3[0m [33m⏳ in transit [0m[1;33m([0m[33m~1h 14m[0m[1;33m)[0m[33m...[0m
[1;2;92m21:31:58[0m [93mTYLERMASTERY2-[0m[1;93m9[0m [33m⏳ in transit [0m[1;33m([0m[33m~2h 5m[0m[1;33m)[0m[33m...[0m
[1;2;92m21:31:58[0m [95mTYLERMASTERY2-[0m[1;95m8[0m [33m⏳ in transit [0m[1;33m([0m[33m~2h 11m[0m[1;33m)[0m[33m...[0m
[1;2;92m21:32:03[0m [92mTYLERMASTERY2-[0m[1;92m7[0m [33m⏳ in transit [0m[1;33m([0m[33m~2h 7m[0m[1;33m)[0m[33m...[0m
[1;2;92m21:32:15[0m [96mTYLERMASTERY2-[0m[1;96m6[0m [33m⏳ in transit [0m[1;33m([0m[33m~2h 6m[0m[1;33m)[0m[33m...[0m
[36m╭───────────────────────────────────────────────────────────────────────────────────────────────────────────────────────────────────────────────────────────────────────────────────╮[0m
[36m│[0m [1;36mSpaceTraders Automation[0m                                                                                                                                                           [36m│[0m
[36m│[0m Goal: Complete contracts → buy ships → upgrade → repeat indefinitely                                                                                                              [36m│[0m
[36m╰───────────────────────────────────────────────────────────────────────────────────────────────────────────────────────────────────────────────────────────────────────────────────╯[0m
[1;2;92m21:32:29[0m [36mAgent: TYLERMASTERY2 | HQ: X1-KU6-A1 | System: X1-KU6[0m
[1;2;92m21:32:29[0m [36mLoaded config from DB: [0m[36mASTEROID[0m[36m=[0m[36mX1[0m[36m-KU6-B46 | [0m[36mBASE[0m[36m=[0m[36mX1[0m[36m-KU6-B7[0m
[1;2;92m21:32:29[0m [36mShipyards: [0m[1;36m[[0m[36m'X1-KU6-A2'[0m[36m, [0m[36m'X1-KU6-C51'[0m[36m, [0m[36m'X1-KU6-H62'[0m[1;36m][0m[36m | HQ: X1-KU6-A1[0m
[1;2;92m21:32:29[0m [2mWarm-loaded [0m[1;2;36m28[0m[2m markets, [0m[1;2;36m47[0m[2m goods from DB[0m
[1;2;92m21:32:29[0m [2mScanning system for markets[0m[2;33m...[0m
[1;2;92m21:32:40[0m [2mFound [0m[1;2;36m28[0m[2m [0m[1;2;35mmarket[0m[1;2m([0m[2ms[0m[1;2m)[0m[2m: X1-KU6-A1, X1-KU6-CD5E, X1-KU6-B6, X1-KU6-B7, X1-KU6-C52, X1-KU6-D53, X1-KU6-E55, X1-KU6-F57, X1-KU6-G59, X1-KU6-H61, X1-KU6-I65, X1-KU6-I66, [0m
[2mX1-KU6-J67, X1-KU6-J68, X1-KU6-K90, X1-KU6-A2, X1-KU6-A3, X1-KU6-A4, X1-KU6-C51, X1-KU6-D54, X1-KU6-E56, X1-KU6-F58, X1-KU6-H62, X1-KU6-H63, X1-KU6-H64, X1-KU6-K92, X1-KU6-K93, [0m
[2mX1-KU6-K94[0m
[36m╭──────────────────────────────────────────────────────────────────────────────╮[0m
[36m│[0m [1;36mSpaceTraders Automation[0m                                                      [36m│[0m
[36m│[0m Goal: Complete contracts → buy ships → upgrade → repeat indefinitely         [36m│[0m
[36m╰──────────────────────────────────────────────────────────────────────────────╯[0m
[1;2;92m21:33:21[0m [36mAgent: TYLERMASTERY2 | HQ: X1-KU6-A1 | System: X1-KU6[0m
[1;2;92m21:33:21[0m [36mLoaded config from DB: [0m[36mASTEROID[0m[36m=[0m[36mX1[0m[36m-KU6-B46 | [0m[36mBASE[0m[36m=[0m[36mX1[0m[36m-KU6-B7[0m
[1;2;92m21:33:21[0m [36mShipyards: [0m[1;36m[[0m[36m'X1-KU6-A2'[0m[36m, [0m[36m'X1-KU6-C51'[0m[36m, [0m[36m'X1-KU6-H62'[0m[1;36m][0m[36m | HQ: X1-KU6-A1[0m
[1;2;92m21:33:21[0m [2mWarm-loaded [0m[1;2;36m28[0m[2m markets, [0m[1;2;36m47[0m[2m goods from DB[0m
[1;2;92m21:33:21[0m [2mScanning system for markets[0m[2;33m...[0m
[1;2;92m21:33:36[0m [2mGood sources: [0m[1;2;36m47[0m[2m goods indexed, [0m[1;2;36m45[0m[2m buyable goods across [0m[1;2;36m28[0m[2m markets[0m
[1;2;92m21:33:45[0m [1m─── Loop [0m[1;36m1[0m[1m | Credits: [0m[1;36m1[0m[1m,[0m[1;36m620[0m[1m,[0m[1;36m455[0m[1m | Ships: [0m[1;36m13[0m[1m ───[0m
[1;2;92m21:33:58[0m [2mFound [0m[1;2;36m28[0m[2m [0m[1;2;35mmarket[0m[1;2m([0m[2ms[0m[1;2m)[0m[2m: X1-KU6-A1, X1-KU6-CD5E, X1-KU6-B6, X1-KU6-B7, [0m
[2mX1-KU6-C52, X1-KU6-D53, X1-KU6-E55, X1-KU6-F57, X1-KU6-G59, X1-KU6-H61, [0m
[2mX1-KU6-I65, X1-KU6-I66, X1-KU6-J67, X1-KU6-J68, X1-KU6-K90, X1-KU6-A2, [0m
[2mX1-KU6-A3, X1-KU6-A4, X1-KU6-C51, X1-KU6-D54, X1-KU6-E56, X1-KU6-F58, [0m
[2mX1-KU6-H62, X1-KU6-H63, X1-KU6-H64, X1-KU6-K92, X1-KU6-K93, X1-KU6-K94[0m
[1;2;92m21:34:07[0m [33mNo pending contracts — negotiating a new one[0m[33m...[0m
[1;2;92m21:34:08[0m [36mTYLERMASTERY2-[0m[1;36m1[0m [34m🚀 Navigating → X1-KU6-A1[0m
[1;2;92m21:34:09[0m [36mTYLERMASTERY2-[0m[1;36m1[0m [33m⏳ in transit [0m[1;33m([0m[33m~4m 5s[0m[1;33m)[0m[33m...[0m
[1;2;92m21:35:00[0m [2mGood sources: [0m[1;2;36m47[0m[2m goods indexed, [0m[1;2;36m45[0m[2m buyable goods across [0m[1;2;36m28[0m[2m markets[0m
[1;2;92m21:35:02[0m [1m─── Loop [0m[1;36m1[0m[1m | Credits: [0m[1;36m1[0m[1m,[0m[1;36m620[0m[1m,[0m[1;36m455[0m[1m | Ships: [0m[1;36m13[0m[1m ───[0m
[1;2;92m21:35:05[0m [33mNo pending contracts — negotiating a new one[0m[33m...[0m
[1;2;92m21:35:05[0m [36mTYLERMASTERY2-[0m[1;36m1[0m [2malready en route to X1-KU6-A1 — waiting[0m[2;33m...[0m
[1;2;92m21:35:06[0m [36mTYLERMASTERY2-[0m[1;36m1[0m [33m⏳ in transit [0m[1;33m([0m[33m~3m 8s[0m[1;33m)[0m[33m...[0m
[1;2;92m21:35:22[0m [36mTYLERMASTERY2-[0m[1;36m1[0m [33m⏳ in transit [0m[1;33m([0m[33m~2m 52s[0m[1;33m)[0m[33m...[0m
[1;2;92m21:36:07[0m [36mTYLERMASTERY2-[0m[1;36m1[0m [33m⏳ in transit [0m[1;33m([0m[33m~2m 7s[0m[1;33m)[0m[33m...[0m
[1;2;92m21:36:24[0m [36mTYLERMASTERY2-[0m[1;36m1[0m [33m⏳ in transit [0m[1;33m([0m[33m~1m 50s[0m[1;33m)[0m[33m...[0m
[1;2;92m21:36:30[0m [36mTYLERMASTERY2-[0m[1;36m1[0m [33m⏳ in transit [0m[1;33m([0m[33m~1m 44s[0m[1;33m)[0m[33m...[0m
[1;2;92m21:36:35[0m [36mTYLERMASTERY2-[0m[1;36m1[0m [33m⏳ in transit [0m[1;33m([0m[33m~1m 39s[0m[1;33m)[0m[33m...[0m
[1;2;92m21:36:37[0m [36mTYLERMASTERY2-[0m[1;36m1[0m [33m⏳ in transit [0m[1;33m([0m[33m~1m 37s[0m[1;33m)[0m[33m...[0m
[1;2;92m21:36:44[0m [36mTYLERMASTERY2-[0m[1;36m1[0m [33m⏳ in transit [0m[1;33m([0m[33m~1m 30s[0m[1;33m)[0m[33m...[0m
[1;2;92m21:36:48[0m [36mTYLERMASTERY2-[0m[1;36m1[0m [33m⏳ in transit [0m[1;33m([0m[33m~1m 26s[0m[1;33m)[0m[33m...[0m
[1;2;92m21:36:54[0m [36mTYLERMASTERY2-[0m[1;36m1[0m [33m⏳ in transit [0m[1;33m([0m[33m~1m 20s[0m[1;33m)[0m[33m...[0m
[1;2;92m21:36:56[0m [36mTYLERMASTERY2-[0m[1;36m1[0m [33m⏳ in transit [0m[1;33m([0m[33m~1m 18s[0m[1;33m)[0m[33m...[0m
[1;2;92m21:36:59[0m [36mTYLERMASTERY2-[0m[1;36m1[0m [33m⏳ in transit [0m[1;33m([0m[33m~1m 14s[0m[1;33m)[0m[33m...[0m
[1;2;92m21:37:03[0m [36mTYLERMASTERY2-[0m[1;36m1[0m [33m⏳ in transit [0m[1;33m([0m[33m~1m 11s[0m[1;33m)[0m[33m...[0m
[1;2;92m21:37:05[0m [36mTYLERMASTERY2-[0m[1;36m1[0m [33m⏳ in transit [0m[1;33m([0m[33m~1m 9s[0m[1;33m)[0m[33m...[0m
[1;2;92m21:37:09[0m [36mTYLERMASTERY2-[0m[1;36m1[0m [33m⏳ in transit [0m[1;33m([0m[33m~1m 5s[0m[1;33m)[0m[33m...[0m
[1;2;92m21:37:10[0m [36mTYLERMASTERY2-[0m[1;36m1[0m [33m⏳ in transit [0m[1;33m([0m[33m~1m 4s[0m[1;33m)[0m[33m...[0m
[1;2;92m21:37:14[0m [36mTYLERMASTERY2-[0m[1;36m1[0m [33m⏳ in transit [0m[1;33m([0m[33m~1m 0s[0m[1;33m)[0m[33m...[0m
[1;2;92m21:37:16[0m [36mTYLERMASTERY2-[0m[1;36m1[0m [33m⏳ in transit [0m[1;33m([0m[33m~58s[0m[1;33m)[0m[33m...[0m
[1;2;92m21:37:20[0m [36mTYLERMASTERY2-[0m[1;36m1[0m [33m⏳ in transit [0m[1;33m([0m[33m~54s[0m[1;33m)[0m[33m...[0m
[1;2;92m21:37:21[0m [36mTYLERMASTERY2-[0m[1;36m1[0m [33m⏳ in transit [0m[1;33m([0m[33m~53s[0m[1;33m)[0m[33m...[0m
[1;2;92m21:37:25[0m [36mTYLERMASTERY2-[0m[1;36m1[0m [33m⏳ in transit [0m[1;33m([0m[33m~49s[0m[1;33m)[0m[33m...[0m
[1;2;92m21:37:27[0m [36mTYLERMASTERY2-[0m[1;36m1[0m [33m⏳ in transit [0m[1;33m([0m[33m~47s[0m[1;33m)[0m[33m...[0m
[1;2;92m21:37:32[0m [36mTYLERMASTERY2-[0m[1;36m1[0m [33m⏳ in transit [0m[1;33m([0m[33m~42s[0m[1;33m)[0m[33m...[0m
[1;2;92m21:37:32[0m [36mTYLERMASTERY2-[0m[1;36m1[0m [33m⏳ in transit [0m[1;33m([0m[33m~42s[0m[1;33m)[0m[33m...[0m
[1;2;92m21:37:41[0m [36mTYLERMASTERY2-[0m[1;36m1[0m [33m⏳ in transit [0m[1;33m([0m[33m~33s[0m[1;33m)[0m[33m...[0m
[1;2;92m21:37:42[0m [36mTYLERMASTERY2-[0m[1;36m1[0m [33m⏳ in transit [0m[1;33m([0m[33m~32s[0m[1;33m)[0m[33m...[0m
[1;2;92m21:37:48[0m [36mTYLERMASTERY2-[0m[1;36m1[0m [33m⏳ in transit [0m[1;33m([0m[33m~26s[0m[1;33m)[0m[33m...[0m
[1;2;92m21:37:52[0m [36mTYLERMASTERY2-[0m[1;36m1[0m [33m⏳ in transit [0m[1;33m([0m[33m~22s[0m[1;33m)[0m[33m...[0m
[1;2;92m21:37:53[0m [36mTYLERMASTERY2-[0m[1;36m1[0m [33m⏳ in transit [0m[1;33m([0m[33m~21s[0m[1;33m)[0m[33m...[0m
[1;2;92m21:37:59[0m [36mTYLERMASTERY2-[0m[1;36m1[0m [33m⏳ in transit [0m[1;33m([0m[33m~15s[0m[1;33m)[0m[33m...[0m
[1;2;92m21:38:04[0m [36mTYLERMASTERY2-[0m[1;36m1[0m [33m⏳ in transit [0m[1;33m([0m[33m~10s[0m[1;33m)[0m[33m...[0m
[1;2;92m21:38:04[0m [36mTYLERMASTERY2-[0m[1;36m1[0m [33m⏳ in transit [0m[1;33m([0m[33m~10s[0m[1;33m)[0m[33m...[0m
[1;2;92m21:38:10[0m [36mTYLERMASTERY2-[0m[1;36m1[0m [33m⏳ in transit [0m[1;33m([0m[33m~4s[0m[1;33m)[0m[33m...[0m
[1;2;92m21:38:10[0m [36mTYLERMASTERY2-[0m[1;36m1[0m [33m⏳ in transit [0m[1;33m([0m[33m~4s[0m[1;33m)[0m[33m...[0m
[1;2;92m21:38:15[0m [36mTYLERMASTERY2-[0m[1;36m1[0m [32m✓[0m arrived at [1mX1-KU6-A1[0m
[1;2;92m21:38:15[0m [36mTYLERMASTERY2-[0m[1;36m1[0m [32m✓[0m arrived at [1mX1-KU6-A1[0m
[1;2;92m21:38:16[0m [36mTYLERMASTERY2-[0m[1;36m1[0m [36m⚓ docked[0m
[1;2;92m21:38:17[0m [32m📋 Great contract negotiated: SHIP_PARTS [0m[1;32m([0m[32m+[0m[1;32m83[0m[32m,[0m[1;32m985[0m[32m cr on fulfill[0m[1;32m)[0m
[33m╭─[0m[33m───────────────────────────────────────────────────────────────────────────────[0m[33m Working Contract [0m[33m────────────────────────────────────────────────────────────────────────────────[0m[33m─╮[0m
[33m│[0m [1mContract:[0m cmq8w1h97h6tvri6z1zgnk7xw                                                                                                                                               [33m│[0m
[33m│[0m [1mType:[0m PROCUREMENT                                                                                                                                                                 [33m│[0m
[33m│[0m [1mPayment:[0m 25,087 + 83,985 cr                                                                                                                                                       [33m│[0m
[33m│[0m [1mAccepted:[0m False                                                                                                                                                                   [33m│[0m
[33m╰───────────────────────────────────────────────────────────────────────────────────────────────────────────────────────────────────────────────────────────────────────────────────╯[0m
[1;2;92m21:38:17[0m   Deliver: 8x SHIP_PARTS → X1-KU6-A2 [1m([0m[1;36m0[0m done[1m)[0m
[1;2;92m21:38:17[0m [1mAccepting contract[0m
[1;2;92m21:38:17[0m [32m✓ Accepted! Credits: [0m[1;32m1[0m[32m,[0m[1;32m645[0m[32m,[0m[1;32m542[0m
[1;2;92m21:38:18[0m [36mDirect-buy contract: hauler TYLERMASTERY2-[0m[1;36m5[0m[36m handles buy/deliver; [0m[1;36m3[0m[36m [0m[1;36mminer[0m[1;36m([0m[36ms[0m[1;36m)[0m[36m mine for income[0m
[1;2;92m21:38:18[0m [1mLaunching [0m[1;36m3[0m[1m miner [0m[1;35mthread[0m[1m([0m[1ms[0m[1m)[0m[1m: [0m[1m[[0m[1;32m'TYLERMASTERY2-1'[0m[1m, [0m[1;32m'TYLERMASTERY2-3'[0m[1m, [0m[1;32m'TYLERMASTERY2-C'[0m[1m][0m
[1;2;92m21:38:18[0m [35mLaunching [0m[1;35m2[0m[35m surveyor [0m[1;35mthread[0m[1;35m([0m[35ms[0m[1;35m)[0m[35m: [0m[1;35m[[0m[35m'TYLERMASTERY2-4'[0m[35m, [0m[35m'TYLERMASTERY2-D'[0m[1;35m][0m
[1;2;92m21:38:18[0m [34mLaunching [0m[1;34m1[0m[34m [0m[1;34mhauler[0m[1;34m([0m[34ms[0m[1;34m)[0m[34m as contract [0m[1;34mbuyer[0m[1;34m([0m[34ms[0m[1;34m)[0m[34m: [0m[1;34m[[0m[34m'TYLERMASTERY2-5'[0m[1;34m][0m
[1;2;92m21:38:18[0m [34mLaunching [0m[1;34m2[0m[34m [0m[1;34mhauler[0m[1;34m([0m[34ms[0m[1;34m)[0m[34m as [0m[1;34mtrader[0m[1;34m([0m[34ms[0m[1;34m)[0m[34m [0m[1;34m([0m[34mdirect-buy contract[0m[1;34m)[0m[34m: [0m[1;34m[[0m[34m'TYLERMASTERY2-A'[0m[34m, [0m[34m'TYLERMASTERY2-B'[0m[1;34m][0m
[1;2;92m21:38:18[0m [34mLaunching [0m[1;34m4[0m[34m siphoner [0m[1;34mthread[0m[1;34m([0m[34ms[0m[1;34m)[0m[34m: [0m[1;34m[[0m[34m'TYLERMASTERY2-6'[0m[34m, [0m[34m'TYLERMASTERY2-7'[0m[34m, [0m[34m'TYLERMASTERY2-8'[0m[34m, [0m[34m'TYLERMASTERY2-9'[0m[1;34m][0m
[1;2;92m21:38:18[0m [33mTYLERMASTERY2-[0m[1;33m4[0m [35m🔭 surveyor thread started[0m
[1;2;92m21:38:18[0m [37mTYLERMASTERY2-D[0m [35m🔭 surveyor thread started[0m
[1;2;92m21:38:18[0m [37mTYLERMASTERY2-A[0m [35m💹 trader thread started[0m
[1;2;92m21:38:18[0m [37mTYLERMASTERY2-B[0m [35m💹 trader thread started[0m
[1;2;92m21:38:18[0m [96mTYLERMASTERY2-[0m[1;96m6[0m [34m🌀 siphon thread started[0m
[1;2;92m21:38:18[0m [92mTYLERMASTERY2-[0m[1;92m7[0m [34m🌀 siphon thread started[0m
[1;2;92m21:38:18[0m [95mTYLERMASTERY2-[0m[1;95m8[0m [34m🌀 siphon thread started[0m
[1;2;92m21:38:18[0m [93mTYLERMASTERY2-[0m[1;93m9[0m [34m🌀 siphon thread started[0m
[1;2;92m21:38:18[0m [2m⚙  Fleet manager thread started[0m
[1;2;92m21:38:18[0m [92mTYLERMASTERY2-[0m[1;92m7[0m [34m🌀 targeting gas giant X1-KU6-C50[0m
[1;2;92m21:38:18[0m [93mTYLERMASTERY2-[0m[1;93m9[0m [34m🌀 targeting gas giant X1-KU6-C50[0m
[1;2;92m21:38:18[0m [96mTYLERMASTERY2-[0m[1;96m6[0m [34m🌀 targeting gas giant X1-KU6-C50[0m
[1;2;92m21:38:18[0m [37mTYLERMASTERY2-B[0m [2mno profitable arbitrage found — waiting 5min[0m
[1;2;92m21:38:18[0m [95mTYLERMASTERY2-[0m[1;95m8[0m [34m🌀 targeting gas giant X1-KU6-C50[0m
[1;2;92m21:38:18[0m [37mTYLERMASTERY2-A[0m [2mno profitable arbitrage found — waiting 5min[0m
[1;2;92m21:38:18[0m [2mAsteroid cache: [0m[1;2;36m63[0m[2m candidates loaded[0m
[1;2;92m21:38:18[0m [36mTYLERMASTERY2-[0m[1;36m1[0m [36msell-only → X1-KU6-B47 [0m[1;36m([0m[36mdist [0m[1;36m15[0m[36m, fuel cap [0m[1;36m400[0m[1;36m)[0m
[1;2;92m21:38:18[0m [36mTYLERMASTERY2-[0m[1;36m1[0m [36m⚓ thread started | mining: __SELL_ONLY__ → X1-KU6-B7[0m
[1;2;92m21:38:18[0m [2mAsteroid cache: [0m[1;2;36m63[0m[2m candidates loaded[0m
[1;2;92m21:38:18[0m [37mTYLERMASTERY2-C[0m [36msell-only → X1-KU6-B47 [0m[1;36m([0m[36mdist [0m[1;36m15[0m[36m, fuel cap [0m[1;36m80[0m[1;36m)[0m
[1;2;92m21:38:18[0m [37mTYLERMASTERY2-C[0m [36m⚓ thread started | mining: __SELL_ONLY__ → X1-KU6-B7[0m
[1;2;92m21:38:24[0m [35mTYLERMASTERY2-[0m[1;35m3[0m [36msell-only → X1-KU6-B47 [0m[1;36m([0m[36mdist [0m[1;36m15[0m[36m, fuel cap [0m[1;36m80[0m[1;36m)[0m
[1;2;92m21:38:24[0m [35mTYLERMASTERY2-[0m[1;35m3[0m [36m⚓ thread started | mining: __SELL_ONLY__ → X1-KU6-B7[0m
[1;2;92m21:38:26[0m [37mTYLERMASTERY2-C[0m [2mcruise hop → X1-KU6-F57 [0m[1;2m([0m[2mclosing drift gap to X1-KU6-B47[0m[1;2m)[0m
[1;2;92m21:38:30[0m [36mTYLERMASTERY2-[0m[1;36m1[0m [2mpreflight refuel at X1-KU6-B7 [0m[1;2m([0m[2;33mwp[0m[2m=[0m[2;35mX1[0m[2m-KU6-A1, [0m[2;33mfuel[0m[2m=[0m[1;2;36m57[0m[2m/[0m[1;2;36m400[0m[1;2m)[0m
[1;2;92m21:38:31[0m [95mTYLERMASTERY2-[0m[1;95m8[0m [33mno reachable intermediate waypoint en route to X1-KU6-C50 — will drift[0m
[1;2;92m21:38:32[0m [36mTYLERMASTERY2-[0m[1;36m1[0m [33mno reachable intermediate waypoint en route to X1-KU6-B7 — will drift[0m
[1;2;92m21:38:38[0m [92mTYLERMASTERY2-[0m[1;92m7[0m [33m⏳ in transit [0m[1;33m([0m[33m~2h 0m[0m[1;33m)[0m[33m...[0m
[1;2;92m21:38:40[0m [34mTYLERMASTERY2-[0m[1;34m5[0m [36msell-only → X1-KU6-B47 [0m[1;36m([0m[36mdist [0m[1;36m15[0m[36m, fuel cap [0m[1;36m600[0m[1;36m)[0m
[1;2;92m21:38:40[0m [34mTYLERMASTERY2-[0m[1;34m5[0m [36m⚓ thread started | mining: SHIP_PARTS → X1-KU6-A2[0m
[1;2;92m21:38:45[0m [34mTYLERMASTERY2-[0m[1;34m5[0m [2mpreflight refuel at X1-KU6-B7 [0m[1;2m([0m[2;33mwp[0m[2m=[0m[2;35mX1[0m[2m-KU6-E56, [0m[2;33mfuel[0m[2m=[0m[1;2;36m261[0m[2m/[0m[1;2;36m600[0m[1;2m)[0m
[1;2;92m21:38:48[0m [36mTYLERMASTERY2-[0m[1;36m1[0m [36m↑ orbiting[0m
[1;2;92m21:38:48[0m [36mTYLERMASTERY2-[0m[1;36m1[0m [34m🚀 Navigating → X1-KU6-B7[0m
[1;2;92m21:38:49[0m [37mTYLERMASTERY2-D[0m [2mcruise hop → X1-KU6-F57 [0m[1;2m([0m[2mclosing drift gap to X1-KU6-B46[0m[1;2m)[0m
[1;2;92m21:38:49[0m [35mTYLERMASTERY2-[0m[1;35m3[0m [33m⏳ in transit [0m[1;33m([0m[33m~1h 7m[0m[1;33m)[0m[33m...[0m
[1;2;92m21:38:52[0m [34mTYLERMASTERY2-[0m[1;34m5[0m [2mrefuel hop → X1-KU6-B6 [0m[1;2m([0m[2men route to X1-KU6-B7[0m[1;2m)[0m
[1;2;92m21:38:54[0m [93mTYLERMASTERY2-[0m[1;93m9[0m [33m⏳ in transit [0m[1;33m([0m[33m~1h 58m[0m[1;33m)[0m[33m...[0m
[1;2;92m21:39:02[0m [37mTYLERMASTERY2-C[0m [36m↑ orbiting[0m
[1;2;92m21:39:02[0m [37mTYLERMASTERY2-C[0m [34m🚀 Navigating → X1-KU6-F57[0m
[1;2;92m21:39:04[0m [34mTYLERMASTERY2-[0m[1;34m5[0m [36m↑ orbiting[0m
[1;2;92m21:39:04[0m [34mTYLERMASTERY2-[0m[1;34m5[0m [34m🚀 Navigating → X1-KU6-B6[0m
[1;2;92m21:39:04[0m [37mTYLERMASTERY2-C[0m [33m⏳ in transit [0m[1;33m([0m[33m~2m 11s[0m[1;33m)[0m[33m...[0m
[1;2;92m21:39:05[0m [37mTYLERMASTERY2-D[0m [36m↑ orbiting[0m
[1;2;92m21:39:05[0m [37mTYLERMASTERY2-D[0m [34m🚀 Navigating → X1-KU6-F57[0m
[1;2;92m21:39:05[0m [34mTYLERMASTERY2-[0m[1;34m5[0m [33m⏳ in transit [0m[1;33m([0m[33m~5m 8s[0m[1;33m)[0m[33m...[0m
[1;2;92m21:39:05[0m [96mTYLERMASTERY2-[0m[1;96m6[0m [33m⏳ in transit [0m[1;33m([0m[33m~1h 59m[0m[1;33m)[0m[33m...[0m
[1;2;92m21:39:05[0m [95mTYLERMASTERY2-[0m[1;95m8[0m [33m⏳ in transit [0m[1;33m([0m[33m~2h 4m[0m[1;33m)[0m[33m...[0m
[1;2;92m21:39:06[0m [35m🔭 TYLERMASTERY2-[0m[1;35m4[0m[35m: [0m[1;35m1[0m[35m [0m[1;35msurvey[0m[1;35m([0m[35ms[0m[1;35m)[0m[35m added [0m[1;35m([0m[1;35m0x[0m[35m SHIP_PARTS hits[0m[1;35m)[0m[35m | pool: [0m[1;35m1[0m
[1;2;92m21:39:06[0m [37mTYLERMASTERY2-D[0m [33m⏳ in transit [0m[1;33m([0m[33m~2m 11s[0m[1;33m)[0m[33m...[0m
[1;2;92m21:39:06[0m [33mTYLERMASTERY2-[0m[1;33m4[0m [33m🌡 cooldown 69s[0m
[1;2;92m21:39:27[0m [33mTYLERMASTERY2-[0m[1;33m4[0m [33m🌡 cooldown 48s[0m
[3m                          [0m[1;3mFleet Status[0m[3m  [0m[3;32m1,645,542 cr[0m[3m  [0m[2;3m21:39:28[0m[3m                          [0m
                                                                                        
 [1m [0m[1mShip           [0m[1m [0m [1m [0m[1mRole     [0m[1m [0m [1m [0m[1mStatus   [0m[1m [0m [1m [0m[1mLocation  [0m[1m [0m [1m [0m[1m   Fuel[0m[1m [0m [1m [0m[1mCargo[0m[1m [0m [1m [0m[1mETA        [0m[1m [0m 
 ━━━━━━━━━━━━━━━━━━━━━━━━━━━━━━━━━━━━━━━━━━━━━━━━━━━━━━━━━━━━━━━━━━━━━━━━━━━━━━━━━━━━━━ 
 [1m [0m[1;36mTYLERMASTERY2-1[0m[1m [0m  miner       [36m↑ orbit[0m     X1-KU6-A1     57/400    0/40                
 [1m [0m[1;32mTYLERMASTERY2-2[0m[1m [0m  fleet-mgr   [32m⚓ docked[0m   X1-KU6-H62         —     0/0                
 [1m [0m[1;35mTYLERMASTERY2-3[0m[1m [0m  miner       [33m✈ transit[0m   X1-KU6-B7      79/80    0/15   [2m1h6m drift[0m   
 [1m [0m[1;33mTYLERMASTERY2-4[0m[1m [0m  surveyor    [36m↑ orbit[0m     X1-KU6-B46     21/80     0/0                
 [1m [0m[1;34mTYLERMASTERY2-5[0m[1m [0m  hauler      [33m✈ transit[0m   X1-KU6-B6     85/600    0/80   4m45s        
 [1m [0m[1;96mTYLERMASTERY2-6[0m[1m [0m  siphoner    [33m✈ transit[0m   X1-KU6-C50     79/80   15/15   [2m1h58m drift[0m  
 [1m [0m[1;92mTYLERMASTERY2-7[0m[1m [0m  siphoner    [33m✈ transit[0m   X1-KU6-C50     79/80   15/15   [2m1h59m drift[0m  
 [1m [0m[1;95mTYLERMASTERY2-8[0m[1m [0m  siphoner    [33m✈ transit[0m   X1-KU6-B7      38/80   15/15   [2m2h3m drift[0m   
 [1m [0m[1;93mTYLERMASTERY2-9[0m[1m [0m  siphoner    [33m✈ transit[0m   X1-KU6-C50     79/80   15/15   [2m1h57m drift[0m  
 [1m [0m[1;37mTYLERMASTERY2-A[0m[1m [0m  trader      [32m⚓ docked[0m   X1-KU6-F58   600/600    0/80                
 [1m [0m[1;37mTYLERMASTERY2-B[0m[1m [0m  trader      [32m⚓ docked[0m   X1-KU6-F58   600/600    0/80                
 [1m [0m[1;37mTYLERMASTERY2-C[0m[1m [0m  miner       [33m✈ transit[0m   X1-KU6-F57     38/80    0/15   1m47s        
 [1m [0m[1;37mTYLERMASTERY2-D[0m[1m [0m  surveyor    [33m✈ transit[0m   X1-KU6-F57     38/80     0/0   1m49s        
                                                                                        
  Contract: [36m░░░░░░░░░░░░░░░░░░░░░░░░░░░░░░[0m [1;36m0[0m[1m/[0m[1;36m8[0m SHIP_PARTS → X1-KU6-A2 [1m([0m[1;32m0[0m[32m%[0m[1m)[0m
[1;2;92m21:39:35[0m [37mTYLERMASTERY2-C[0m [33m⏳ in transit [0m[1;33m([0m[33m~1m 41s[0m[1;33m)[0m[33m...[0m
[1;2;92m21:39:42[0m [37mTYLERMASTERY2-D[0m [33m⏳ in transit [0m[1;33m([0m[33m~1m 35s[0m[1;33m)[0m[33m...[0m
[1;2;92m21:39:45[0m [37mTYLERMASTERY2-C[0m [33m⏳ in transit [0m[1;33m([0m[33m~1m 31s[0m[1;33m)[0m[33m...[0m
[1;2;92m21:39:49[0m [37mTYLERMASTERY2-D[0m [33m⏳ in transit [0m[1;33m([0m[33m~1m 28s[0m[1;33m)[0m[33m...[0m
[1;2;92m21:39:52[0m [37mTYLERMASTERY2-C[0m [33m⏳ in transit [0m[1;33m([0m[33m~1m 24s[0m[1;33m)[0m[33m...[0m
[1;2;92m21:39:52[0m [35mTYLERMASTERY2-[0m[1;35m3[0m [33m⏳ in transit [0m[1;33m([0m[33m~1h 6m[0m[1;33m)[0m[33m...[0m
[1;2;92m21:39:54[0m [92mTYLERMASTERY2-[0m[1;92m7[0m [33m⏳ in transit [0m[1;33m([0m[33m~1h 59m[0m[1;33m)[0m[33m...[0m
[1;2;92m21:39:56[0m [93mTYLERMASTERY2-[0m[1;93m9[0m [33m⏳ in transit [0m[1;33m([0m[33m~1h 57m[0m[1;33m)[0m[33m...[0m
[1;2;92m21:39:58[0m [33mTYLERMASTERY2-[0m[1;33m4[0m [33m🌡 cooldown 17s[0m
[1;2;92m21:40:00[0m [37mTYLERMASTERY2-D[0m [33m⏳ in transit [0m[1;33m([0m[33m~1m 17s[0m[1;33m)[0m[33m...[0m
[1;2;92m21:40:04[0m [37mTYLERMASTERY2-C[0m [33m⏳ in transit [0m[1;33m([0m[33m~1m 11s[0m[1;33m)[0m[33m...[0m
[1;2;92m21:40:06[0m [37mTYLERMASTERY2-D[0m [33m⏳ in transit [0m[1;33m([0m[33m~1m 11s[0m[1;33m)[0m[33m...[0m
[1;2;92m21:40:06[0m [95mTYLERMASTERY2-[0m[1;95m8[0m [33m⏳ in transit [0m[1;33m([0m[33m~2h 3m[0m[1;33m)[0m[33m...[0m
[1;2;92m21:40:07[0m [34mTYLERMASTERY2-[0m[1;34m5[0m [33m⏳ in transit [0m[1;33m([0m[33m~4m 6s[0m[1;33m)[0m[33m...[0m
[1;2;92m21:40:08[0m [33mTYLERMASTERY2-[0m[1;33m4[0m [33m🌡 cooldown 7s[0m
[1;2;92m21:40:10[0m [31mCould not negotiate contract: [0m[1;31m[[0m[1;31m4244[0m[1;31m][0m[31m Ship action failed. Ship is not [0m
[31mcurrently docked at X1-KU6-A1.[0m
[1;2;92m21:40:10[0m [31mNo contract available. Retrying in 60s[0m[31m...[0m
[1;2;92m21:40:10[0m [37mTYLERMASTERY2-C[0m [33m⏳ in transit [0m[1;33m([0m[33m~1m 6s[0m[1;33m)[0m[33m...[0m
[1;2;92m21:40:10[0m [96mTYLERMASTERY2-[0m[1;96m6[0m [33m⏳ in transit [0m[1;33m([0m[33m~1h 58m[0m[1;33m)[0m[33m...[0m
[1;2;92m21:40:11[0m [37mTYLERMASTERY2-D[0m [33m⏳ in transit [0m[1;33m([0m[33m~1m 6s[0m[1;33m)[0m[33m...[0m
[1;2;92m21:40:11[0m [36mTYLERMASTERY2-[0m[1;36m1[0m [33m⚠ insufficient fuel for X1-KU6-B7 — attempting local refuel[0m
[1;2;92m21:40:12[0m [36mTYLERMASTERY2-[0m[1;36m1[0m [36m⚓ docked[0m
[1;2;92m21:40:13[0m [32m⛽ Refueled to [0m[1;32m400[0m[32m/[0m[1;32m400[0m
[1;2;92m21:40:15[0m [36mTYLERMASTERY2-[0m[1;36m1[0m [33m⏳ in transit [0m[1;33m([0m[33m~4m 1s[0m[1;33m)[0m[33m...[0m
[1;2;92m21:40:15[0m [37mTYLERMASTERY2-C[0m [33m⏳ in transit [0m[1;33m([0m[33m~1m 0s[0m[1;33m)[0m[33m...[0m
[1;2;92m21:40:17[0m [37mTYLERMASTERY2-D[0m [33m⏳ in transit [0m[1;33m([0m[33m~1m 0s[0m[1;33m)[0m[33m...[0m
[1;2;92m21:40:21[0m [37mTYLERMASTERY2-C[0m [33m⏳ in transit [0m[1;33m([0m[33m~55s[0m[1;33m)[0m[33m...[0m
[1;2;92m21:40:22[0m [37mTYLERMASTERY2-D[0m [33m⏳ in transit [0m[1;33m([0m[33m~55s[0m[1;33m)[0m[33m...[0m
[1;2;92m21:40:25[0m [35m🔭 TYLERMASTERY2-[0m[1;35m4[0m[35m: [0m[1;35m1[0m[35m [0m[1;35msurvey[0m[1;35m([0m[35ms[0m[1;35m)[0m[35m added [0m[1;35m([0m[1;35m0x[0m[35m SHIP_PARTS hits[0m[1;35m)[0m[35m | pool: [0m[1;35m2[0m
[1;2;92m21:40:26[0m [37mTYLERMASTERY2-C[0m [33m⏳ in transit [0m[1;33m([0m[33m~49s[0m[1;33m)[0m[33m...[0m
[1;2;92m21:40:27[0m [37mTYLERMASTERY2-D[0m [33m⏳ in transit [0m[1;33m([0m[33m~50s[0m[1;33m)[0m[33m...[0m
[1;2;92m21:40:32[0m [37mTYLERMASTERY2-C[0m [33m⏳ in transit [0m[1;33m([0m[33m~44s[0m[1;33m)[0m[33m...[0m
[1;2;92m21:40:32[0m [33mTYLERMASTERY2-[0m[1;33m4[0m [33m🌡 cooldown 63s[0m
[1;2;92m21:40:33[0m [37mTYLERMASTERY2-D[0m [33m⏳ in transit [0m[1;33m([0m[33m~44s[0m[1;33m)[0m[33m...[0m
[1;2;92m21:40:39[0m [37mTYLERMASTERY2-C[0m [33m⏳ in transit [0m[1;33m([0m[33m~37s[0m[1;33m)[0m[33m...[0m
[1;2;92m21:40:40[0m [37mTYLERMASTERY2-D[0m [33m⏳ in transit [0m[1;33m([0m[33m~37s[0m[1;33m)[0m[33m...[0m
[1;2;92m21:40:42[0m [33mTYLERMASTERY2-[0m[1;33m4[0m [33m🌡 cooldown 52s[0m
[1;2;92m21:40:44[0m [37mTYLERMASTERY2-C[0m [33m⏳ in transit [0m[1;33m([0m[33m~31s[0m[1;33m)[0m[33m...[0m
[1;2;92m21:40:45[0m [37mTYLERMASTERY2-D[0m [33m⏳ in transit [0m[1;33m([0m[33m~32s[0m[1;33m)[0m[33m...[0m
[3m                          [0m[1;3mFleet Status[0m[3m  [0m[3;32m1,645,254 cr[0m[3m  [0m[2;3m21:40:48[0m[3m                          [0m
                                                                                        
 [1m [0m[1mShip           [0m[1m [0m [1m [0m[1mRole     [0m[1m [0m [1m [0m[1mStatus   [0m[1m [0m [1m [0m[1mLocation  [0m[1m [0m [1m [0m[1m   Fuel[0m[1m [0m [1m [0m[1mCargo[0m[1m [0m [1m [0m[1mETA        [0m[1m [0m 
 ━━━━━━━━━━━━━━━━━━━━━━━━━━━━━━━━━━━━━━━━━━━━━━━━━━━━━━━━━━━━━━━━━━━━━━━━━━━━━━━━━━━━━━ 
 [1m [0m[1;36mTYLERMASTERY2-1[0m[1m [0m  miner       [33m✈ transit[0m   X1-KU6-B7     77/400    0/40   3m28s        
 [1m [0m[1;32mTYLERMASTERY2-2[0m[1m [0m  fleet-mgr   [32m⚓ docked[0m   X1-KU6-H62         —     0/0                
 [1m [0m[1;35mTYLERMASTERY2-3[0m[1m [0m  miner       [33m✈ transit[0m   X1-KU6-B7      79/80    0/15   [2m1h5m drift[0m   
 [1m [0m[1;33mTYLERMASTERY2-4[0m[1m [0m  surveyor    [36m↑ orbit[0m     X1-KU6-B46     21/80     0/0                
 [1m [0m[1;34mTYLERMASTERY2-5[0m[1m [0m  hauler      [33m✈ transit[0m   X1-KU6-B6     85/600    0/80   3m26s        
 [1m [0m[1;96mTYLERMASTERY2-6[0m[1m [0m  siphoner    [33m✈ transit[0m   X1-KU6-C50     79/80   15/15   [2m1h57m drift[0m  
 [1m [0m[1;92mTYLERMASTERY2-7[0m[1m [0m  siphoner    [33m✈ transit[0m   X1-KU6-C50     79/80   15/15   [2m1h58m drift[0m  
 [1m [0m[1;95mTYLERMASTERY2-8[0m[1m [0m  siphoner    [33m✈ transit[0m   X1-KU6-B7      38/80   15/15   [2m2h2m drift[0m   
 [1m [0m[1;93mTYLERMASTERY2-9[0m[1m [0m  siphoner    [33m✈ transit[0m   X1-KU6-C50     79/80   15/15   [2m1h56m drift[0m  
 [1m [0m[1;37mTYLERMASTERY2-A[0m[1m [0m  trader      [32m⚓ docked[0m   X1-KU6-F58   600/600    0/80                
 [1m [0m[1;37mTYLERMASTERY2-B[0m[1m [0m  trader      [32m⚓ docked[0m   X1-KU6-F58   600/600    0/80                
 [1m [0m[1;37mTYLERMASTERY2-C[0m[1m [0m  miner       [33m✈ transit[0m   X1-KU6-F57     38/80    0/15   28s          
 [1m [0m[1;37mTYLERMASTERY2-D[0m[1m [0m  surveyor    [33m✈ transit[0m   X1-KU6-F57     38/80     0/0   29s          
                                                                                        
  Contract: [36m░░░░░░░░░░░░░░░░░░░░░░░░░░░░░░[0m [1;36m0[0m[1m/[0m[1;36m8[0m SHIP_PARTS → X1-KU6-A2 [1m([0m[1;32m0[0m[32m%[0m[1m)[0m
[1;2;92m21:40:51[0m [37mTYLERMASTERY2-D[0m [33m⏳ in transit [0m[1;33m([0m[33m~26s[0m[1;33m)[0m[33m...[0m
[1;2;92m21:40:53[0m [33mTYLERMASTERY2-[0m[1;33m4[0m [33m🌡 cooldown 42s[0m
[1;2;92m21:40:53[0m [37mTYLERMASTERY2-C[0m [33m⏳ in transit [0m[1;33m([0m[33m~23s[0m[1;33m)[0m[33m...[0m
[1;2;92m21:40:56[0m [37mTYLERMASTERY2-D[0m [33m⏳ in transit [0m[1;33m([0m[33m~21s[0m[1;33m)[0m[33m...[0m
[1;2;92m21:40:56[0m [92mTYLERMASTERY2-[0m[1;92m7[0m [33m⏳ in transit [0m[1;33m([0m[33m~1h 58m[0m[1;33m)[0m[33m...[0m
[1;2;92m21:40:58[0m [37mTYLERMASTERY2-C[0m [33m⏳ in transit [0m[1;33m([0m[33m~17s[0m[1;33m)[0m[33m...[0m
[1;2;92m21:41:01[0m [93mTYLERMASTERY2-[0m[1;93m9[0m [33m⏳ in transit [0m[1;33m([0m[33m~1h 56m[0m[1;33m)[0m[33m...[0m
[1;2;92m21:41:03[0m [35mTYLERMASTERY2-[0m[1;35m3[0m [33m⏳ in transit [0m[1;33m([0m[33m~1h 4m[0m[1;33m)[0m[33m...[0m
[1;2;92m21:41:05[0m [33mTYLERMASTERY2-[0m[1;33m4[0m [33m🌡 cooldown 30s[0m
[1;2;92m21:41:05[0m [37mTYLERMASTERY2-C[0m [33m⏳ in transit [0m[1;33m([0m[33m~10s[0m[1;33m)[0m[33m...[0m
[1;2;92m21:41:06[0m [37mTYLERMASTERY2-D[0m [33m⏳ in transit [0m[1;33m([0m[33m~11s[0m[1;33m)[0m[33m...[0m
[1;2;92m21:41:07[0m [95mTYLERMASTERY2-[0m[1;95m8[0m [33m⏳ in transit [0m[1;33m([0m[33m~2h 2m[0m[1;33m)[0m[33m...[0m
[1;2;92m21:41:08[0m [32mTYLERMASTERY2-[0m[1;32m2[0m [36m↑ orbiting[0m
[1;2;92m21:41:08[0m [32mTYLERMASTERY2-[0m[1;32m2[0m [34m🚀 Navigating → X1-KU6-A2[0m
[1;2;92m21:41:08[0m [34mTYLERMASTERY2-[0m[1;34m5[0m [33m⏳ in transit [0m[1;33m([0m[33m~3m 5s[0m[1;33m)[0m[33m...[0m
[1;2;92m21:41:09[0m [32mTYLERMASTERY2-[0m[1;32m2[0m [33m⏳ in transit [0m[1;33m([0m[33m~2m 30s[0m[1;33m)[0m[33m...[0m
[1;2;92m21:41:10[0m [1m─── Loop [0m[1;36m2[0m[1m | Credits: [0m[1;36m1[0m[1m,[0m[1;36m645[0m[1m,[0m[1;36m254[0m[1m | Ships: [0m[1;36m13[0m[1m ───[0m
[1;2;92m21:41:11[0m [37mTYLERMASTERY2-C[0m [33m⏳ in transit [0m[1;33m([0m[33m~5s[0m[1;33m)[0m[33m...[0m
[1;2;92m21:41:11[0m [37mTYLERMASTERY2-D[0m [33m⏳ in transit [0m[1;33m([0m[33m~6s[0m[1;33m)[0m[33m...[0m
[1;2;92m21:41:11[0m [96mTYLERMASTERY2-[0m[1;96m6[0m [33m⏳ in transit [0m[1;33m([0m[33m~1h 57m[0m[1;33m)[0m[33m...[0m
[33m╭─[0m[33m─────────────────────────────[0m[33m Working Contract [0m[33m─────────────────────────────[0m[33m─╮[0m
[33m│[0m [1mContract:[0m cmq8w1h97h6tvri6z1zgnk7xw                                          [33m│[0m
[33m│[0m [1mType:[0m PROCUREMENT                                                            [33m│[0m
[33m│[0m [1mPayment:[0m 25,087 + 83,985 cr                                                  [33m│[0m
[33m│[0m [1mAccepted:[0m True                                                               [33m│[0m
[33m╰──────────────────────────────────────────────────────────────────────────────╯[0m
[1;2;92m21:41:13[0m   Deliver: 8x SHIP_PARTS → X1-KU6-A2 [1m([0m[1;36m0[0m done[1m)[0m
[1;2;92m21:41:17[0m [37mTYLERMASTERY2-D[0m [32m✓[0m arrived at [1mX1-KU6-F57[0m
[1;2;92m21:41:18[0m [33mTYLERMASTERY2-[0m[1;33m4[0m [33m🌡 cooldown 17s[0m
[1;2;92m21:41:19[0m [37mTYLERMASTERY2-D[0m [33mno reachable intermediate waypoint en route to X1-KU6-B46 — will drift[0m
[1;2;92m21:41:20[0m [37mTYLERMASTERY2-C[0m [32m✓[0m arrived at [1mX1-KU6-F57[0m
[1;2;92m21:41:22[0m [37mTYLERMASTERY2-C[0m [33mno reachable intermediate waypoint en route to X1-KU6-B47 — will drift[0m
[1;2;92m21:41:24[0m [36mTYLERMASTERY2-[0m[1;36m1[0m [33m⏳ in transit [0m[1;33m([0m[33m~2m 51s[0m[1;33m)[0m[33m...[0m
[1;2;92m21:41:37[0m [37mTYLERMASTERY2-D[0m [34m🚀 Navigating → X1-KU6-B46[0m
[1;2;92m21:41:42[0m [37mTYLERMASTERY2-C[0m [34m🚀 Navigating → X1-KU6-B47[0m
[1;2;92m21:41:46[0m [35m🔭 TYLERMASTERY2-[0m[1;35m4[0m[35m: [0m[1;35m1[0m[35m [0m[1;35msurvey[0m[1;35m([0m[35ms[0m[1;35m)[0m[35m added [0m[1;35m([0m[1;35m0x[0m[35m SHIP_PARTS hits[0m[1;35m)[0m[35m | pool: [0m[1;35m3[0m
[1;2;92m21:41:51[0m [32mTYLERMASTERY2-[0m[1;32m2[0m [33m⏳ in transit [0m[1;33m([0m[33m~1m 48s[0m[1;33m)[0m[33m...[0m
[1;2;92m21:41:53[0m [33mTYLERMASTERY2-[0m[1;33m4[0m [33m🌡 cooldown 63s[0m
[1;2;92m21:41:57[0m [92mTYLERMASTERY2-[0m[1;92m7[0m [33m⏳ in transit [0m[1;33m([0m[33m~1h 57m[0m[1;33m)[0m[33m...[0m
[1;2;92m21:41:58[0m [32mTYLERMASTERY2-[0m[1;32m2[0m [33m⏳ in transit [0m[1;33m([0m[33m~1m 41s[0m[1;33m)[0m[33m...[0m
[1;2;92m21:42:03[0m [33mTYLERMASTERY2-[0m[1;33m4[0m [33m🌡 cooldown 52s[0m
[1;2;92m21:42:05[0m [32mTYLERMASTERY2-[0m[1;32m2[0m [33m⏳ in transit [0m[1;33m([0m[33m~1m 34s[0m[1;33m)[0m[33m...[0m
[1;2;92m21:42:05[0m [93mTYLERMASTERY2-[0m[1;93m9[0m [33m⏳ in transit [0m[1;33m([0m[33m~1h 55m[0m[1;33m)[0m[33m...[0m
[3m                          [0m[1;3mFleet Status[0m[3m  [0m[3;32m1,645,254 cr[0m[3m  [0m[2;3m21:42:05[0m[3m                          [0m
                                                                                        
 [1m [0m[1mShip           [0m[1m [0m [1m [0m[1mRole     [0m[1m [0m [1m [0m[1mStatus   [0m[1m [0m [1m [0m[1mLocation  [0m[1m [0m [1m [0m[1m   Fuel[0m[1m [0m [1m [0m[1mCargo[0m[1m [0m [1m [0m[1mETA        [0m[1m [0m 
 ━━━━━━━━━━━━━━━━━━━━━━━━━━━━━━━━━━━━━━━━━━━━━━━━━━━━━━━━━━━━━━━━━━━━━━━━━━━━━━━━━━━━━━ 
 [1m [0m[1;36mTYLERMASTERY2-1[0m[1m [0m  miner       [33m✈ transit[0m   X1-KU6-B7     77/400    0/40   2m10s        
 [1m [0m[1;32mTYLERMASTERY2-2[0m[1m [0m  fleet-mgr   [33m✈ transit[0m   X1-KU6-A2          —     0/0   1m34s        
 [1m [0m[1;35mTYLERMASTERY2-3[0m[1m [0m  miner       [33m✈ transit[0m   X1-KU6-B7      79/80    0/15   [2m1h3m drift[0m   
 [1m [0m[1;33mTYLERMASTERY2-4[0m[1m [0m  surveyor    [36m↑ orbit[0m     X1-KU6-B46     21/80     0/0                
 [1m [0m[1;34mTYLERMASTERY2-5[0m[1m [0m  hauler      [33m✈ transit[0m   X1-KU6-B6     85/600    0/80   2m8s         
 [1m [0m[1;96mTYLERMASTERY2-6[0m[1m [0m  siphoner    [33m✈ transit[0m   X1-KU6-C50     79/80   15/15   [2m1h56m drift[0m  
 [1m [0m[1;92mTYLERMASTERY2-7[0m[1m [0m  siphoner    [33m✈ transit[0m   X1-KU6-C50     79/80   15/15   [2m1h57m drift[0m  
 [1m [0m[1;95mTYLERMASTERY2-8[0m[1m [0m  siphoner    [33m✈ transit[0m   X1-KU6-B7      38/80   15/15   [2m2h1m drift[0m   
 [1m [0m[1;93mTYLERMASTERY2-9[0m[1m [0m  siphoner    [33m✈ transit[0m   X1-KU6-C50     79/80   15/15   [2m1h55m drift[0m  
 [1m [0m[1;37mTYLERMASTERY2-A[0m[1m [0m  trader      [32m⚓ docked[0m   X1-KU6-F58   600/600    0/80                
 [1m [0m[1;37mTYLERMASTERY2-B[0m[1m [0m  trader      [32m⚓ docked[0m   X1-KU6-F58   600/600    0/80                
 [1m [0m[1;37mTYLERMASTERY2-C[0m[1m [0m  miner       [36m↑ orbit[0m     X1-KU6-F57     38/80    0/15                
 [1m [0m[1;37mTYLERMASTERY2-D[0m[1m [0m  surveyor    [36m↑ orbit[0m     X1-KU6-F57     38/80     0/0                
                                                                                        
  Contract: [36m░░░░░░░░░░░░░░░░░░░░░░░░░░░░░░[0m [1;36m0[0m[1m/[0m[1;36m8[0m SHIP_PARTS → X1-KU6-A2 [1m([0m[1;32m0[0m[32m%[0m[1m)[0m
[1;2;92m21:42:10[0m [32mTYLERMASTERY2-[0m[1;32m2[0m [33m⏳ in transit [0m[1;33m([0m[33m~1m 29s[0m[1;33m)[0m[33m...[0m
[1;2;92m21:42:11[0m [95mTYLERMASTERY2-[0m[1;95m8[0m [33m⏳ in transit [0m[1;33m([0m[33m~2h 1m[0m[1;33m)[0m[33m...[0m
[1;2;92m21:42:14[0m [35mTYLERMASTERY2-[0m[1;35m3[0m [33m⏳ in transit [0m[1;33m([0m[33m~1h 3m[0m[1;33m)[0m[33m...[0m
[1;2;92m21:42:14[0m [33mTYLERMASTERY2-[0m[1;33m4[0m [33m🌡 cooldown 42s[0m
[1;2;92m21:42:16[0m [32mTYLERMASTERY2-[0m[1;32m2[0m [33m⏳ in transit [0m[1;33m([0m[33m~1m 23s[0m[1;33m)[0m[33m...[0m
[1;2;92m21:42:18[0m [36mDirect-buy contract: hauler TYLERMASTERY2-[0m[1;36m5[0m[36m handles buy/deliver; [0m[1;36m3[0m[36m [0m
[1;36mminer[0m[1;36m([0m[36ms[0m[1;36m)[0m[36m mine for income[0m
[1;2;92m21:42:18[0m [1mLaunching [0m[1;36m3[0m[1m miner [0m[1;35mthread[0m[1m([0m[1ms[0m[1m)[0m[1m: [0m[1m[[0m[1;32m'TYLERMASTERY2-1'[0m[1m, [0m[1;32m'TYLERMASTERY2-3'[0m[1m, [0m
[1;32m'TYLERMASTERY2-C'[0m[1m][0m
[1;2;92m21:42:18[0m [35mLaunching [0m[1;35m2[0m[35m surveyor [0m[1;35mthread[0m[1;35m([0m[35ms[0m[1;35m)[0m[35m: [0m[1;35m[[0m[35m'TYLERMASTERY2-4'[0m[35m, [0m[35m'TYLERMASTERY2-D'[0m[1;35m][0m
[1;2;92m21:42:18[0m [34mLaunching [0m[1;34m1[0m[34m [0m[1;34mhauler[0m[1;34m([0m[34ms[0m[1;34m)[0m[34m as contract [0m[1;34mbuyer[0m[1;34m([0m[34ms[0m[1;34m)[0m[34m: [0m[1;34m[[0m[34m'TYLERMASTERY2-5'[0m[1;34m][0m
[1;2;92m21:42:18[0m [34mLaunching [0m[1;34m2[0m[34m [0m[1;34mhauler[0m[1;34m([0m[34ms[0m[1;34m)[0m[34m as [0m[1;34mtrader[0m[1;34m([0m[34ms[0m[1;34m)[0m[34m [0m[1;34m([0m[34mdirect-buy contract[0m[1;34m)[0m[34m: [0m
[1;34m[[0m[34m'TYLERMASTERY2-A'[0m[34m, [0m[34m'TYLERMASTERY2-B'[0m[1;34m][0m
[1;2;92m21:42:18[0m [34mLaunching [0m[1;34m4[0m[34m siphoner [0m[1;34mthread[0m[1;34m([0m[34ms[0m[1;34m)[0m[34m: [0m[1;34m[[0m[34m'TYLERMASTERY2-6'[0m[34m, [0m[34m'TYLERMASTERY2-7'[0m[34m, [0m
[34m'TYLERMASTERY2-8'[0m[34m, [0m[34m'TYLERMASTERY2-9'[0m[1;34m][0m
[1;2;92m21:42:18[0m [33mTYLERMASTERY2-[0m[1;33m4[0m [35m🔭 surveyor thread started[0m
[1;2;92m21:42:18[0m [37mTYLERMASTERY2-D[0m [35m🔭 surveyor thread started[0m
[1;2;92m21:42:18[0m [37mTYLERMASTERY2-A[0m [35m💹 trader thread started[0m
[1;2;92m21:42:18[0m [37mTYLERMASTERY2-B[0m [35m💹 trader thread started[0m
[1;2;92m21:42:18[0m [96mTYLERMASTERY2-[0m[1;96m6[0m [34m🌀 siphon thread started[0m
[1;2;92m21:42:18[0m [92mTYLERMASTERY2-[0m[1;92m7[0m [34m🌀 siphon thread started[0m
[1;2;92m21:42:18[0m [95mTYLERMASTERY2-[0m[1;95m8[0m [34m🌀 siphon thread started[0m
[1;2;92m21:42:18[0m [93mTYLERMASTERY2-[0m[1;93m9[0m [34m🌀 siphon thread started[0m
[1;2;92m21:42:18[0m [2m⚙  Fleet manager thread started[0m
[1;2;92m21:42:18[0m [37mTYLERMASTERY2-A[0m [2mno profitable arbitrage found — waiting 5min[0m
[1;2;92m21:42:18[0m [37mTYLERMASTERY2-B[0m [2mno profitable arbitrage found — waiting 5min[0m
[1;2;92m21:42:18[0m [96mTYLERMASTERY2-[0m[1;96m6[0m [34m🌀 targeting gas giant X1-KU6-C50[0m
[1;2;92m21:42:18[0m [95mTYLERMASTERY2-[0m[1;95m8[0m [34m🌀 targeting gas giant X1-KU6-C50[0m
[1;2;92m21:42:18[0m [92mTYLERMASTERY2-[0m[1;92m7[0m [34m🌀 targeting gas giant X1-KU6-C50[0m
[1;2;92m21:42:18[0m [93mTYLERMASTERY2-[0m[1;93m9[0m [34m🌀 targeting gas giant X1-KU6-C50[0m
[1;2;92m21:42:18[0m [95mTYLERMASTERY2-[0m[1;95m8[0m [33mno reachable intermediate waypoint en route to [0m
[33mX1-KU6-C50 — will drift[0m
[1;2;92m21:42:18[0m [2mAsteroid cache: [0m[1;2;36m63[0m[2m candidates loaded[0m
[1;2;92m21:42:18[0m [36mTYLERMASTERY2-[0m[1;36m1[0m [36msell-only → X1-KU6-B47 [0m[1;36m([0m[36mdist [0m[1;36m15[0m[36m, fuel cap [0m[1;36m400[0m[1;36m)[0m
[1;2;92m21:42:18[0m [36mTYLERMASTERY2-[0m[1;36m1[0m [36m⚓ thread started | mining: __SELL_ONLY__ → X1-KU6-B7[0m
[1;2;92m21:42:18[0m [2mAsteroid cache: [0m[1;2;36m63[0m[2m candidates loaded[0m
[1;2;92m21:42:18[0m [34mTYLERMASTERY2-[0m[1;34m5[0m [36msell-only → X1-KU6-B47 [0m[1;36m([0m[36mdist [0m[1;36m15[0m[36m, fuel cap [0m[1;36m600[0m[1;36m)[0m
[1;2;92m21:42:18[0m [34mTYLERMASTERY2-[0m[1;34m5[0m [36m⚓ thread started | mining: SHIP_PARTS → X1-KU6-A2[0m
[1;2;92m21:42:19[0m [34mTYLERMASTERY2-[0m[1;34m5[0m [33m⏳ in transit [0m[1;33m([0m[33m~1m 54s[0m[1;33m)[0m[33m...[0m
[1;2;92m21:42:21[0m [32mTYLERMASTERY2-[0m[1;32m2[0m [33m⏳ in transit [0m[1;33m([0m[33m~1m 18s[0m[1;33m)[0m[33m...[0m
[1;2;92m21:42:22[0m [2mNearest fuel market to X1-KU6-F57: X1-KU6-F57 [0m[1;2m([0m[2;33mdist[0m[2m=[0m[1;2;36m0[0m[1;2m)[0m
[1;2;92m21:42:22[0m [37mTYLERMASTERY2-D[0m [2msurveyor preflight refuel at X1-KU6-F57[0m
[1;2;92m21:42:27[0m [37mTYLERMASTERY2-C[0m [36msell-only → X1-KU6-B47 [0m[1;36m([0m[36mdist [0m[1;36m15[0m[36m, fuel cap [0m[1;36m80[0m[1;36m)[0m
[1;2;92m21:42:27[0m [37mTYLERMASTERY2-C[0m [36m⚓ thread started | mining: __SELL_ONLY__ → X1-KU6-B7[0m
[1;2;92m21:42:27[0m [35mTYLERMASTERY2-[0m[1;35m3[0m [36msell-only → X1-KU6-B47 [0m[1;36m([0m[36mdist [0m[1;36m15[0m[36m, fuel cap [0m[1;36m80[0m[1;36m)[0m
[1;2;92m21:42:27[0m [35mTYLERMASTERY2-[0m[1;35m3[0m [36m⚓ thread started | mining: __SELL_ONLY__ → X1-KU6-B7[0m
[1;2;92m21:42:28[0m [32mTYLERMASTERY2-[0m[1;32m2[0m [33m⏳ in transit [0m[1;33m([0m[33m~1m 11s[0m[1;33m)[0m[33m...[0m
[1;2;92m21:42:31[0m [96mTYLERMASTERY2-[0m[1;96m6[0m [33m⏳ in transit [0m[1;33m([0m[33m~1h 55m[0m[1;33m)[0m[33m...[0m
[1;2;92m21:42:32[0m [33mTYLERMASTERY2-[0m[1;33m4[0m [33m🌡 cooldown 24s[0m
[1;2;92m21:42:32[0m [34mTYLERMASTERY2-[0m[1;34m5[0m [33m⏳ in transit [0m[1;33m([0m[33m~1m 41s[0m[1;33m)[0m[33m...[0m
[1;2;92m21:42:35[0m [37mTYLERMASTERY2-C[0m [2mpreflight refuel at X1-KU6-B7 [0m[1;2m([0m[2;33mwp[0m[2m=[0m[2;35mX1[0m[2m-KU6-F57, [0m
[2;33mfuel[0m[2m=[0m[1;2;36m38[0m[2m/[0m[1;2;36m80[0m[1;2m)[0m
[1;2;92m21:42:36[0m [95mTYLERMASTERY2-[0m[1;95m8[0m [33m⏳ in transit [0m[1;33m([0m[33m~2h 0m[0m[1;33m)[0m[33m...[0m
[1;2;92m21:42:37[0m [93mTYLERMASTERY2-[0m[1;93m9[0m [33m⏳ in transit [0m[1;33m([0m[33m~1h 54m[0m[1;33m)[0m[33m...[0m
[1;2;92m21:42:37[0m [37mTYLERMASTERY2-C[0m [33mno reachable intermediate waypoint en route to [0m
[33mX1-KU6-B7 — will drift[0m
[1;2;92m21:42:38[0m [32mTYLERMASTERY2-[0m[1;32m2[0m [33m⏳ in transit [0m[1;33m([0m[33m~1m 1s[0m[1;33m)[0m[33m...[0m
[1;2;92m21:42:39[0m [36mTYLERMASTERY2-[0m[1;36m1[0m [2mpreflight refuel at X1-KU6-B7 [0m[1;2m([0m[2;33mwp[0m[2m=[0m[2;35mX1[0m[2m-KU6-B7, [0m
[2;33mfuel[0m[2m=[0m[1;2;36m77[0m[2m/[0m[1;2;36m400[0m[1;2m)[0m
[1;2;92m21:42:41[0m [34mTYLERMASTERY2-[0m[1;34m5[0m [2mpreflight refuel at X1-KU6-B7 [0m[1;2m([0m[2;33mwp[0m[2m=[0m[2;35mX1[0m[2m-KU6-B6, [0m
[2;33mfuel[0m[2m=[0m[1;2;36m85[0m[2m/[0m[1;2;36m600[0m[1;2m)[0m
[1;2;92m21:42:41[0m [36mTYLERMASTERY2-[0m[1;36m1[0m [33m⏳ in transit [0m[1;33m([0m[33m~1m 34s[0m[1;33m)[0m[33m...[0m
[1;2;92m21:42:43[0m [32mTYLERMASTERY2-[0m[1;32m2[0m [33m⏳ in transit [0m[1;33m([0m[33m~56s[0m[1;33m)[0m[33m...[0m
[1;2;92m21:42:44[0m [34mTYLERMASTERY2-[0m[1;34m5[0m [33m⏳ in transit [0m[1;33m([0m[33m~1m 29s[0m[1;33m)[0m[33m...[0m
[1;2;92m21:42:49[0m [36mTYLERMASTERY2-[0m[1;36m1[0m [33m⏳ in transit [0m[1;33m([0m[33m~1m 26s[0m[1;33m)[0m[33m...[0m
[1;2;92m21:42:49[0m [34mTYLERMASTERY2-[0m[1;34m5[0m [33m⏳ in transit [0m[1;33m([0m[33m~1m 24s[0m[1;33m)[0m[33m...[0m
[1;2;92m21:42:52[0m [36mTYLERMASTERY2-[0m[1;36m1[0m [33m⏳ in transit [0m[1;33m([0m[33m~1m 24s[0m[1;33m)[0m[33m...[0m
[1;2;92m21:42:53[0m [92mTYLERMASTERY2-[0m[1;92m7[0m [33m⏳ in transit [0m[1;33m([0m[33m~1h 56m[0m[1;33m)[0m[33m...[0m
[1;2;92m21:42:55[0m [32mTYLERMASTERY2-[0m[1;32m2[0m [33m⏳ in transit [0m[1;33m([0m[33m~44s[0m[1;33m)[0m[33m...[0m
[1;2;92m21:42:57[0m [36mTYLERMASTERY2-[0m[1;36m1[0m [33m⏳ in transit [0m[1;33m([0m[33m~1m 18s[0m[1;33m)[0m[33m...[0m
[1;2;92m21:42:59[0m [36mTYLERMASTERY2-[0m[1;36m1[0m [33m⏳ in transit [0m[1;33m([0m[33m~1m 16s[0m[1;33m)[0m[33m...[0m
[1;2;92m21:43:02[0m [32mTYLERMASTERY2-[0m[1;32m2[0m [33m⏳ in transit [0m[1;33m([0m[33m~38s[0m[1;33m)[0m[33m...[0m
[1;2;92m21:43:04[0m [34mTYLERMASTERY2-[0m[1;34m5[0m [33mno reachable intermediate waypoint en route to [0m
[33mX1-KU6-B7 — will drift[0m
[1;2;92m21:43:05[0m [34mTYLERMASTERY2-[0m[1;34m5[0m [33m⏳ in transit [0m[1;33m([0m[33m~1m 8s[0m[1;33m)[0m[33m...[0m
[1;2;92m21:43:05[0m [92mTYLERMASTERY2-[0m[1;92m7[0m [33m⏳ in transit [0m[1;33m([0m[33m~1h 56m[0m[1;33m)[0m[33m...[0m
[1;2;92m21:43:05[0m [37mTYLERMASTERY2-D[0m [36m⚓ docked[0m
[1;2;92m21:43:05[0m [35m🔭 TYLERMASTERY2-[0m[1;35m4[0m[35m: [0m[1;35m1[0m[35m [0m[1;35msurvey[0m[1;35m([0m[35ms[0m[1;35m)[0m[35m added [0m[1;35m([0m[1;35m0x[0m[35m SHIP_PARTS hits[0m[1;35m)[0m[35m | pool: [0m[1;35m4[0m
[1;2;92m21:43:05[0m [36mTYLERMASTERY2-[0m[1;36m1[0m [33m⏳ in transit [0m[1;33m([0m[33m~1m 10s[0m[1;33m)[0m[33m...[0m
[1;2;92m21:43:06[0m [96mTYLERMASTERY2-[0m[1;96m6[0m [33m⏳ in transit [0m[1;33m([0m[33m~1h 55m[0m[1;33m)[0m[33m...[0m
[1;2;92m21:43:06[0m [37mTYLERMASTERY2-C[0m [34m🚀 Navigating → X1-KU6-B7[0m
[1;2;92m21:43:07[0m [32mTYLERMASTERY2-[0m[1;32m2[0m [33m⏳ in transit [0m[1;33m([0m[33m~32s[0m[1;33m)[0m[33m...[0m
[1;2;92m21:43:08[0m [33mTYLERMASTERY2-[0m[1;33m4[0m [33m🌡 cooldown 67s[0m
[1;2;92m21:43:09[0m [36mTYLERMASTERY2-[0m[1;36m1[0m [33m⏳ in transit [0m[1;33m([0m[33m~1m 7s[0m[1;33m)[0m[33m...[0m
[1;2;92m21:43:15[0m [95mTYLERMASTERY2-[0m[1;95m8[0m [33m⏳ in transit [0m[1;33m([0m[33m~2h 0m[0m[1;33m)[0m[33m...[0m
[1;2;92m21:43:16[0m [32mTYLERMASTERY2-[0m[1;32m2[0m [33m⏳ in transit [0m[1;33m([0m[33m~23s[0m[1;33m)[0m[33m...[0m
[1;2;92m21:43:16[0m [36mTYLERMASTERY2-[0m[1;36m1[0m [33m⏳ in transit [0m[1;33m([0m[33m~1m 0s[0m[1;33m)[0m[33m...[0m
[3m                          [0m[1;3mFleet Status[0m[3m  [0m[3;32m1,645,254 cr[0m[3m  [0m[2;3m21:43:17[0m[3m                          [0m
                                                                                        
 [1m [0m[1mShip           [0m[1m [0m [1m [0m[1mRole     [0m[1m [0m [1m [0m[1mStatus   [0m[1m [0m [1m [0m[1mLocation  [0m[1m [0m [1m [0m[1m   Fuel[0m[1m [0m [1m [0m[1mCargo[0m[1m [0m [1m [0m[1mETA        [0m[1m [0m 
 ━━━━━━━━━━━━━━━━━━━━━━━━━━━━━━━━━━━━━━━━━━━━━━━━━━━━━━━━━━━━━━━━━━━━━━━━━━━━━━━━━━━━━━ 
 [1m [0m[1;36mTYLERMASTERY2-1[0m[1m [0m  miner       [33m✈ transit[0m   X1-KU6-B7     77/400    0/40   59s          
 [1m [0m[1;32mTYLERMASTERY2-2[0m[1m [0m  fleet-mgr   [33m✈ transit[0m   X1-KU6-A2          —     0/0   22s          
 [1m [0m[1;35mTYLERMASTERY2-3[0m[1m [0m  miner       [33m✈ transit[0m   X1-KU6-B7      79/80    0/15   [2m1h2m drift[0m   
 [1m [0m[1;33mTYLERMASTERY2-4[0m[1m [0m  surveyor    [36m↑ orbit[0m     X1-KU6-B46     21/80     0/0                
 [1m [0m[1;34mTYLERMASTERY2-5[0m[1m [0m  hauler      [33m✈ transit[0m   X1-KU6-B6     85/600    0/80   56s          
 [1m [0m[1;96mTYLERMASTERY2-6[0m[1m [0m  siphoner    [33m✈ transit[0m   X1-KU6-C50     79/80   15/15   [2m1h55m drift[0m  
 [1m [0m[1;92mTYLERMASTERY2-7[0m[1m [0m  siphoner    [33m✈ transit[0m   X1-KU6-C50     79/80   15/15   [2m1h55m drift[0m  
 [1m [0m[1;95mTYLERMASTERY2-8[0m[1m [0m  siphoner    [33m✈ transit[0m   X1-KU6-B7      38/80   15/15   [2m1h59m drift[0m  
 [1m [0m[1;93mTYLERMASTERY2-9[0m[1m [0m  siphoner    [33m✈ transit[0m   X1-KU6-C50     79/80   15/15   [2m1h54m drift[0m  
 [1m [0m[1;37mTYLERMASTERY2-A[0m[1m [0m  trader      [32m⚓ docked[0m   X1-KU6-F58   600/600    0/80                
 [1m [0m[1;37mTYLERMASTERY2-B[0m[1m [0m  trader      [32m⚓ docked[0m   X1-KU6-F58   600/600    0/80                
 [1m [0m[1;37mTYLERMASTERY2-C[0m[1m [0m  miner       [36m↑ orbit[0m     X1-KU6-F57     38/80    0/15                
 [1m [0m[1;37mTYLERMASTERY2-D[0m[1m [0m  surveyor    [32m⚓ docked[0m   X1-KU6-F57     38/80     0/0                
                                                                                        
  Contract: [36m░░░░░░░░░░░░░░░░░░░░░░░░░░░░░░[0m [1;36m0[0m[1m/[0m[1;36m8[0m SHIP_PARTS → X1-KU6-A2 [1m([0m[1;32m0[0m[32m%[0m[1m)[0m
[1;2;92m21:43:18[0m [37mTYLERMASTERY2-B[0m [2mno profitable arbitrage found — waiting 5min[0m
[1;2;92m21:43:18[0m [37mTYLERMASTERY2-A[0m [2mno profitable arbitrage found — waiting 5min[0m
[1;2;92m21:43:19[0m [93mTYLERMASTERY2-[0m[1;93m9[0m [33m⏳ in transit [0m[1;33m([0m[33m~1h 54m[0m[1;33m)[0m[33m...[0m
[1;2;92m21:43:20[0m [34mTYLERMASTERY2-[0m[1;34m5[0m [33m⏳ in transit [0m[1;33m([0m[33m~53s[0m[1;33m)[0m[33m...[0m
[1;2;92m21:43:21[0m [34mTYLERMASTERY2-[0m[1;34m5[0m [33m⏳ in transit [0m[1;33m([0m[33m~52s[0m[1;33m)[0m[33m...[0m
[1;2;92m21:43:24[0m [35mTYLERMASTERY2-[0m[1;35m3[0m [33m⏳ in transit [0m[1;33m([0m[33m~1h 2m[0m[1;33m)[0m[33m...[0m
[1;2;92m21:43:25[0m [33mTYLERMASTERY2-[0m[1;33m4[0m [33m🌡 cooldown 50s[0m
[1;2;92m21:43:26[0m [32mTYLERMASTERY2-[0m[1;32m2[0m [33m⏳ in transit [0m[1;33m([0m[33m~13s[0m[1;33m)[0m[33m...[0m
[1;2;92m21:43:26[0m [34mTYLERMASTERY2-[0m[1;34m5[0m [33m⏳ in transit [0m[1;33m([0m[33m~47s[0m[1;33m)[0m[33m...[0m
[1;2;92m21:43:28[0m [34mTYLERMASTERY2-[0m[1;34m5[0m [33m⏳ in transit [0m[1;33m([0m[33m~45s[0m[1;33m)[0m[33m...[0m
[1;2;92m21:43:28[0m [35mTYLERMASTERY2-[0m[1;35m3[0m [33m⏳ in transit [0m[1;33m([0m[33m~1h 2m[0m[1;33m)[0m[33m...[0m
[1;2;92m21:43:31[0m [37mTYLERMASTERY2-D[0m [31m💥 surveyor thread crashed: [0m[1;31m[[0m[1;31m4236[0m[1;31m][0m[31m Ship action failed. Ship is not currently in orbit at X1-KU6-F57. — restarting in 30s[0m
[1;2;92m21:43:31[0m [37mTYLERMASTERY2-C[0m [33m⚠ insufficient fuel for X1-KU6-B47 — attempting local refuel[0m
[1;2;92m21:43:31[0m [2mTraceback [0m[1;2m([0m[2mmost recent call last[0m[1;2m)[0m[2m:[0m
[2m  File [0m[2;32m"/Users/Tyler.Steinhaus/Documents/Mastery/space game/play.py"[0m[2m, line [0m[1;2;36m1419[0m[2m, in surveyor_loop[0m
[2m    [0m[1;2;35m_surveyor_loop_inner[0m[1;2m([0m[2mship_symbol, contract, contract_done, stop_event[0m[1;2m)[0m
[2m    ~~~~~~~~~~~~~~~~~~~~^^^^^^^^^^^^^^^^^^^^^^^^^^^^^^^^^^^^^^^^^^^^^^^^^^[0m
[2m  File [0m[2;32m"/Users/Tyler.Steinhaus/Documents/Mastery/space game/play.py"[0m[2m, line [0m[1;2;36m1450[0m[2m, in _surveyor_loop_inner[0m
[2m    [0m[1;2;35mnavigate_with_refuel[0m[1;2m([0m[2mship_symbol, ASTEROID[0m[1;2m)[0m
[2m    ~~~~~~~~~~~~~~~~~~~~^^^^^^^^^^^^^^^^^^^^^^^[0m
[2m  File [0m[2;32m"/Users/Tyler.Steinhaus/Documents/Mastery/space game/play.py"[0m[2m, line [0m[1;2;36m449[0m[2m, in navigate_with_refuel[0m
[2m    [0m[1;2;35mnavigate_to[0m[1;2m([0m[2mship_symbol, destination[0m[1;2m)[0m
[2m    ~~~~~~~~~~~^^^^^^^^^^^^^^^^^^^^^^^^^^[0m
[2m  File [0m[2;32m"/Users/Tyler.Steinhaus/Documents/Mastery/space game/play.py"[0m[2m, line [0m[1;2;36m343[0m[2m, in navigate_to[0m
[2m    [0m[1;2;35mfleet_api.navigate[0m[1;2m([0m[2mship_symbol, destination[0m[1;2m)[0m
[2m    ~~~~~~~~~~~~~~~~~~^^^^^^^^^^^^^^^^^^^^^^^^^^[0m
[2m  File [0m[2;32m"/Users/Tyler.Steinhaus/Documents/Mastery/space game/fleet.py"[0m[2m, line [0m[1;2;36m36[0m[2m, in navigate[0m
[2m    return [0m[1;2;35mclient.post[0m[1;2m([0m[2mf"[0m[2;35m/my/ships/[0m[1;2m{[0m[2msymbol[0m[1;2m}[0m[2;35m/[0m[2;95mnavigate[0m[2m", [0m[1;2m{[0m[2;32m"waypointSymbol"[0m[2m: waypoint_symbol[0m[1;2m}[0m[1;2m)[0m
[2m           ~~~~~~~~~~~^^^^^^^^^^^^^^^^^^^^^^^^^^^^^^^^^^^^^^^^^^^^^^^^^^^^^^^^^^^^^^^^^^^^^[0m
[2m  File [0m[2;32m"/Users/Tyler.Steinhaus/Documents/Mastery/space game/client.py"[0m[2m, line [0m[1;2;36m116[0m[2m, in post[0m
[2m    return [0m[1;2;35m_request_with_retry[0m[1;2m([0m[2;32m"POST"[0m[2m, path, [0m[2;33mjson[0m[2m=[0m[2;35mbody[0m[2m or [0m[1;2m{[0m[1;2m}[0m[2m, [0m[2;33mtoken[0m[2m=[0m[2;35mtoken[0m[1;2m)[0m
[2m  File [0m[2;32m"/Users/Tyler.Steinhaus/Documents/Mastery/space game/client.py"[0m[2m, line [0m[1;2;36m70[0m[2m, in _request_with_retry[0m
[2m    return [0m[1;2;35m_handle_response[0m[1;2m([0m[2mresp[0m[1;2m)[0m
[2m  File [0m[2;32m"/Users/Tyler.Steinhaus/Documents/Mastery/space game/client.py"[0m[2m, line [0m[1;2;36m51[0m[2m, in _handle_response[0m
[2m    raise [0m[1;2;35mSpaceTradersError[0m[1;2m([0m
[2m    [0m[2;33m...[0m[1;2m<[0m[1;2;36m2[0m[2;39m lines[0m[1;2m>[0m[2;33m...[0m
[2m    [0m[1;2m)[0m
[2mclient.SpaceTradersError: [0m[1;2m[[0m[1;2;36m4236[0m[1;2m][0m[2m Ship action failed. Ship is not currently in orbit at X1-KU6-F57.[0m

[1;2;92m21:43:32[0m [32mTYLERMASTERY2-[0m[1;32m2[0m [33m⏳ in transit [0m[1;33m([0m[33m~7s[0m[1;33m)[0m[33m...[0m
[1;2;92m21:43:33[0m [34mTYLERMASTERY2-[0m[1;34m5[0m [33m⏳ in transit [0m[1;33m([0m[33m~40s[0m[1;33m)[0m[33m...[0m
[1;2;92m21:43:34[0m [34mTYLERMASTERY2-[0m[1;34m5[0m [33m⏳ in transit [0m[1;33m([0m[33m~39s[0m[1;33m)[0m[33m...[0m
[1;2;92m21:43:36[0m [33mTYLERMASTERY2-[0m[1;33m4[0m [33m🌡 cooldown 39s[0m
[1;2;92m21:43:37[0m [33mTYLERMASTERY2-[0m[1;33m4[0m [33m🌡 cooldown 38s[0m
[1;2;92m21:43:38[0m [32mTYLERMASTERY2-[0m[1;32m2[0m [32m✓[0m arrived at [1mX1-KU6-A2[0m
[1;2;92m21:43:39[0m [96mTYLERMASTERY2-[0m[1;96m6[0m [33m⏳ in transit [0m[1;33m([0m[33m~1h 54m[0m[1;33m)[0m[33m...[0m
[1;2;92m21:43:40[0m [34mTYLERMASTERY2-[0m[1;34m5[0m [33m⏳ in transit [0m[1;33m([0m[33m~33s[0m[1;33m)[0m[33m...[0m
[1;2;92m21:43:42[0m [34mTYLERMASTERY2-[0m[1;34m5[0m [33m⏳ in transit [0m[1;33m([0m[33m~31s[0m[1;33m)[0m[33m...[0m
[1;2;92m21:43:43[0m [93mTYLERMASTERY2-[0m[1;93m9[0m [33m⏳ in transit [0m[1;33m([0m[33m~1h 53m[0m[1;33m)[0m[33m...[0m
[1;2;92m21:43:47[0m [33mTYLERMASTERY2-[0m[1;33m4[0m [33m🌡 cooldown 28s[0m
[1;2;92m21:43:49[0m [34mTYLERMASTERY2-[0m[1;34m5[0m [33m⏳ in transit [0m[1;33m([0m[33m~24s[0m[1;33m)[0m[33m...[0m
[1;2;92m21:43:50[0m [36mTYLERMASTERY2-[0m[1;36m1[0m [33m⏳ in transit [0m[1;33m([0m[33m~25s[0m[1;33m)[0m[33m...[0m
[1;2;92m21:43:53[0m [33mTYLERMASTERY2-[0m[1;33m4[0m [33m🌡 cooldown 22s[0m
[1;2;92m21:43:55[0m [36mTYLERMASTERY2-[0m[1;36m1[0m [33m⏳ in transit [0m[1;33m([0m[33m~21s[0m[1;33m)[0m[33m...[0m
[3m                      [0m[1;3mFleet Status[0m[3m  [0m[3;32m1,645,254 cr[0m[3m  [0m[2;3m21:43:56[0m[3m                      [0m
                                                                                
 [1m [0m[1mShip     [0m[1m [0m [1m [0m[1mRole     [0m[1m [0m [1m [0m[1mStatus   [0m[1m [0m [1m [0m[1mLocation  [0m[1m [0m [1m [0m[1m   Fuel[0m[1m [0m [1m [0m[1mCargo[0m[1m [0m [1m [0m[1mETA      [0m[1m [0m 
 ━━━━━━━━━━━━━━━━━━━━━━━━━━━━━━━━━━━━━━━━━━━━━━━━━━━━━━━━━━━━━━━━━━━━━━━━━━━━━━ 
 [1m [0m[1;36mTYLERMAS…[0m[1m [0m  miner       [33m✈ transit[0m   X1-KU6-B7     77/400    0/40   19s        
 [1m [0m[1;32mTYLERMAS…[0m[1m [0m  fleet-mgr   [36m↑ orbit[0m     X1-KU6-A2          —     0/0              
 [1m [0m[1;35mTYLERMAS…[0m[1m [0m  miner       [33m✈ transit[0m   X1-KU6-B7      79/80    0/15   [2m1h2m [0m      
 [1m           [0m                                                         [2mdrift[0m      
 [1m [0m[1;33mTYLERMAS…[0m[1m [0m  surveyor    [36m↑ orbit[0m     X1-KU6-B46     21/80     0/0              
 [1m [0m[1;34mTYLERMAS…[0m[1m [0m  hauler      [33m✈ transit[0m   X1-KU6-B6     85/600    0/80   17s        
 [1m [0m[1;96mTYLERMAS…[0m[1m [0m  siphoner    [33m✈ transit[0m   X1-KU6-C50     79/80   15/15   [2m1h54m [0m     
 [1m           [0m                                                         [2mdrift[0m      
 [1m [0m[1;92mTYLERMAS…[0m[1m [0m  siphoner    [33m✈ transit[0m   X1-KU6-C50     79/80   15/15   [2m1h55m [0m     
 [1m           [0m                                                         [2mdrift[0m      
 [1m [0m[1;95mTYLERMAS…[0m[1m [0m  siphoner    [33m✈ transit[0m   X1-KU6-B7      38/80   15/15   [2m1h59m [0m     
 [1m           [0m                                                         [2mdrift[0m      
 [1m [0m[1;93mTYLERMAS…[0m[1m [0m  siphoner    [33m✈ transit[0m   X1-KU6-C50     79/80   15/15   [2m1h53m [0m     
 [1m           [0m                                                         [2mdrift[0m      
 [1m [0m[1;37mTYLERMAS…[0m[1m [0m  trader      [32m⚓ docked[0m   X1-KU6-F58   600/600    0/80              
 [1m [0m[1;37mTYLERMAS…[0m[1m [0m  trader      [32m⚓ docked[0m   X1-KU6-F58   600/600    0/80              
 [1m [0m[1;37mTYLERMAS…[0m[1m [0m  miner       [36m↑ orbit[0m     X1-KU6-F57     38/80    0/15              
 [1m [0m[1;37mTYLERMAS…[0m[1m [0m  surveyor    [32m⚓ docked[0m   X1-KU6-F57     38/80     0/0              
                                                                                
  Contract: [36m░░░░░░░░░░░░░░░░░░░░░░░░░░░░░░[0m [1;36m0[0m[1m/[0m[1;36m8[0m SHIP_PARTS → X1-KU6-A2 [1m([0m[1;32m0[0m[32m%[0m[1m)[0m
[1;2;92m21:43:57[0m [33mTYLERMASTERY2-[0m[1;33m4[0m [33m🌡 cooldown 18s[0m
[1;2;92m21:43:59[0m [34mTYLERMASTERY2-[0m[1;34m5[0m [33m⏳ in transit [0m[1;33m([0m[33m~15s[0m[1;33m)[0m[33m...[0m
[1;2;92m21:43:59[0m [36mTYLERMASTERY2-[0m[1;36m1[0m [33m⏳ in transit [0m[1;33m([0m[33m~17s[0m[1;33m)[0m[33m...[0m
[1;2;92m21:44:00[0m [92mTYLERMASTERY2-[0m[1;92m7[0m [33m⏳ in transit [0m[1;33m([0m[33m~1h 55m[0m[1;33m)[0m[33m...[0m
[1;2;92m21:44:01[0m [34mTYLERMASTERY2-[0m[1;34m5[0m [33m⏳ in transit [0m[1;33m([0m[33m~12s[0m[1;33m)[0m[33m...[0m
[1;2;92m21:44:01[0m [32m⛽ Refueled to [0m[1;32m80[0m[32m/[0m[1;32m80[0m
[1;2;92m21:44:01[0m [37mTYLERMASTERY2-D[0m [35m🔭 surveyor thread started[0m
[1;2;92m21:44:05[0m [95mTYLERMASTERY2-[0m[1;95m8[0m [33m⏳ in transit [0m[1;33m([0m[33m~1h 59m[0m[1;33m)[0m[33m...[0m
[1;2;92m21:44:05[0m [33mTYLERMASTERY2-[0m[1;33m4[0m [33m🌡 cooldown 10s[0m
[1;2;92m21:44:05[0m [37mTYLERMASTERY2-C[0m [36m⚓ docked[0m
[1;2;92m21:44:05[0m [36mTYLERMASTERY2-[0m[1;36m1[0m [33m⏳ in transit [0m[1;33m([0m[33m~10s[0m[1;33m)[0m[33m...[0m
[1;2;92m21:44:05[0m [34mTYLERMASTERY2-[0m[1;34m5[0m [33m⏳ in transit [0m[1;33m([0m[33m~8s[0m[1;33m)[0m[33m...[0m
[1;2;92m21:44:06[0m [37mTYLERMASTERY2-D[0m [33mno reachable intermediate waypoint en route to [0m
[33mX1-KU6-B46 — will drift[0m
[1;2;92m21:44:06[0m [32mTYLERMASTERY2-[0m[1;32m2[0m [36m⚓ docked[0m
[1;2;92m21:44:06[0m [36mTYLERMASTERY2-[0m[1;36m1[0m [33m⏳ in transit [0m[1;33m([0m[33m~10s[0m[1;33m)[0m[33m...[0m
[1;2;92m21:44:06[0m [34mTYLERMASTERY2-[0m[1;34m5[0m [33m⏳ in transit [0m[1;33m([0m[33m~7s[0m[1;33m)[0m[33m...[0m
[1;2;92m21:44:06[0m [32m⛽ Refueled to [0m[1;32m80[0m[32m/[0m[1;32m80[0m
[1;2;92m21:44:06[0m [37mTYLERMASTERY2-D[0m [33mno reachable intermediate waypoint en route to X1-KU6-B46 — will drift[0m
[1;2;92m21:44:07[0m [37mTYLERMASTERY2-D[0m [36m↑ orbiting[0m
[1;2;92m21:44:07[0m [37mTYLERMASTERY2-D[0m [34m🚀 Navigating → X1-KU6-B46[0m
[1;2;92m21:44:07[0m [37mTYLERMASTERY2-D[0m [34m🚀 Navigating → X1-KU6-B46[0m
[1;2;92m21:44:11[0m [33mTYLERMASTERY2-[0m[1;33m4[0m [33m🌡 cooldown 4s[0m
[1;2;92m21:44:12[0m [92mTYLERMASTERY2-[0m[1;92m7[0m [33m⏳ in transit [0m[1;33m([0m[33m~1h 54m[0m[1;33m)[0m[33m...[0m
[1;2;92m21:44:12[0m [32mTYLERMASTERY2-[0m[1;32m2[0m [36m↑ orbiting[0m
[1;2;92m21:44:12[0m [32mTYLERMASTERY2-[0m[1;32m2[0m [34m🚀 Navigating → X1-KU6-C51[0m
[1;2;92m21:44:13[0m [36mTYLERMASTERY2-[0m[1;36m1[0m [33m⏳ in transit [0m[1;33m([0m[33m~3s[0m[1;33m)[0m[33m...[0m
[1;2;92m21:44:15[0m [96mTYLERMASTERY2-[0m[1;96m6[0m [33m⏳ in transit [0m[1;33m([0m[33m~1h 54m[0m[1;33m)[0m[33m...[0m
[1;2;92m21:44:17[0m [34mTYLERMASTERY2-[0m[1;34m5[0m [32m✓[0m arrived at [1mX1-KU6-B6[0m
[1;2;92m21:44:18[0m [36mTYLERMASTERY2-[0m[1;36m1[0m [32m✓[0m arrived at [1mX1-KU6-B7[0m
[3m                          [0m[1;3mFleet Status[0m[3m  [0m[3;32m1,645,110 cr[0m[3m  [0m[2;3m21:44:19[0m[3m                          [0m
                                                                                        
 [1m [0m[1mShip           [0m[1m [0m [1m [0m[1mRole     [0m[1m [0m [1m [0m[1mStatus   [0m[1m [0m [1m [0m[1mLocation  [0m[1m [0m [1m [0m[1m   Fuel[0m[1m [0m [1m [0m[1mCargo[0m[1m [0m [1m [0m[1mETA        [0m[1m [0m 
 ━━━━━━━━━━━━━━━━━━━━━━━━━━━━━━━━━━━━━━━━━━━━━━━━━━━━━━━━━━━━━━━━━━━━━━━━━━━━━━━━━━━━━━ 
 [1m [0m[1;36mTYLERMASTERY2-1[0m[1m [0m  miner       [36m↑ orbit[0m     X1-KU6-B7     77/400    0/40                
 [1m [0m[1;32mTYLERMASTERY2-2[0m[1m [0m  fleet-mgr   [33m✈ transit[0m   X1-KU6-C51         —     0/0   8m17s        
 [1m [0m[1;35mTYLERMASTERY2-3[0m[1m [0m  miner       [33m✈ transit[0m   X1-KU6-B7      79/80    0/15   [2m1h1m drift[0m   
 [1m [0m[1;33mTYLERMASTERY2-4[0m[1m [0m  surveyor    [36m↑ orbit[0m     X1-KU6-B46     21/80     0/0                
 [1m [0m[1;34mTYLERMASTERY2-5[0m[1m [0m  hauler      [36m↑ orbit[0m     X1-KU6-B6     85/600    0/80                
 [1m [0m[1;96mTYLERMASTERY2-6[0m[1m [0m  siphoner    [33m✈ transit[0m   X1-KU6-C50     79/80   15/15   [2m1h54m drift[0m  
 [1m [0m[1;92mTYLERMASTERY2-7[0m[1m [0m  siphoner    [33m✈ transit[0m   X1-KU6-C50     79/80   15/15   [2m1h54m drift[0m  
 [1m [0m[1;95mTYLERMASTERY2-8[0m[1m [0m  siphoner    [33m✈ transit[0m   X1-KU6-B7      38/80   15/15   [2m1h58m drift[0m  
 [1m [0m[1;93mTYLERMASTERY2-9[0m[1m [0m  siphoner    [33m✈ transit[0m   X1-KU6-C50     79/80   15/15   [2m1h53m drift[0m  
 [1m [0m[1;37mTYLERMASTERY2-A[0m[1m [0m  trader      [32m⚓ docked[0m   X1-KU6-F58   600/600    0/80                
 [1m [0m[1;37mTYLERMASTERY2-B[0m[1m [0m  trader      [32m⚓ docked[0m   X1-KU6-F58   600/600    0/80                
 [1m [0m[1;37mTYLERMASTERY2-C[0m[1m [0m  miner       [36m↑ orbit[0m     X1-KU6-F57     80/80    0/15                
 [1m [0m[1;37mTYLERMASTERY2-D[0m[1m [0m  surveyor    [36m↑ orbit[0m     X1-KU6-F57     80/80     0/0                
                                                                                        
  Contract: [36m░░░░░░░░░░░░░░░░░░░░░░░░░░░░░░[0m [1;36m0[0m[1m/[0m[1;36m8[0m SHIP_PARTS → X1-KU6-A2 [1m([0m[1;32m0[0m[32m%[0m[1m)[0m
[1;2;92m21:44:21[0m [35m🔭 TYLERMASTERY2-[0m[1;35m4[0m[35m: [0m[1;35m1[0m[35m [0m[1;35msurvey[0m[1;35m([0m[35ms[0m[1;35m)[0m[35m added [0m[1;35m([0m[1;35m0x[0m[35m SHIP_PARTS hits[0m[1;35m)[0m[35m | pool: [0m[1;35m5[0m
[1;2;92m21:44:21[0m [32mTYLERMASTERY2-[0m[1;32m2[0m [33m⏳ in transit [0m[1;33m([0m[33m~8m 15s[0m[1;33m)[0m[33m...[0m
[1;2;92m21:44:22[0m [36mTYLERMASTERY2-[0m[1;36m1[0m [32m✓[0m arrived at [1mX1-KU6-B7[0m
[1;2;92m21:44:30[0m [93mTYLERMASTERY2-[0m[1;93m9[0m [33m⏳ in transit [0m[1;33m([0m[33m~1h 52m[0m[1;33m)[0m[33m...[0m
[1;2;92m21:44:30[0m [36mTYLERMASTERY2-[0m[1;36m1[0m [36m⚓ docked[0m
[1;2;92m21:44:32[0m [33mTYLERMASTERY2-[0m[1;33m4[0m [33m🌡 cooldown 59s[0m
[1;2;92m21:44:36[0m [35mTYLERMASTERY2-[0m[1;35m3[0m [33m⏳ in transit [0m[1;33m([0m[33m~1h 1m[0m[1;33m)[0m[33m...[0m
[1;2;92m21:44:40[0m [96mTYLERMASTERY2-[0m[1;96m6[0m [33m⏳ in transit [0m[1;33m([0m[33m~1h 53m[0m[1;33m)[0m[33m...[0m
[1;2;92m21:44:41[0m [35mTYLERMASTERY2-[0m[1;35m3[0m [33m⏳ in transit [0m[1;33m([0m[33m~1h 1m[0m[1;33m)[0m[33m...[0m
[1;2;92m21:44:42[0m [33mTYLERMASTERY2-[0m[1;33m4[0m [33m🌡 cooldown 48s[0m
[1;2;92m21:44:47[0m [95mTYLERMASTERY2-[0m[1;95m8[0m [33m⏳ in transit [0m[1;33m([0m[33m~1h 58m[0m[1;33m)[0m[33m...[0m
[1;2;92m21:44:50[0m [34mTYLERMASTERY2-[0m[1;34m5[0m [36m⚓ docked[0m
[1;2;92m21:44:51[0m [32mTYLERMASTERY2-[0m[1;32m2[0m [33m⏳ in transit [0m[1;33m([0m[33m~7m 45s[0m[1;33m)[0m[33m...[0m
[1;2;92m21:44:55[0m [32m⛽ Refueled to [0m[1;32m600[0m[32m/[0m[1;32m600[0m
[1;2;92m21:44:58[0m [34mTYLERMASTERY2-[0m[1;34m5[0m [32m✓[0m arrived at [1mX1-KU6-B6[0m
[1;2;92m21:44:58[0m [34mTYLERMASTERY2-[0m[1;34m5[0m [34m🚀 Navigating → X1-KU6-B7[0m
[1;2;92m21:44:59[0m [32m⛽ Refueled to [0m[1;32m400[0m[32m/[0m[1;32m400[0m
[3m                      [0m[1;3mFleet Status[0m[3m  [0m[3;32m1,644,382 cr[0m[3m  [0m[2;3m21:45:00[0m[3m                      [0m
                                                                                
 [1m [0m[1mShip     [0m[1m [0m [1m [0m[1mRole     [0m[1m [0m [1m [0m[1mStatus   [0m[1m [0m [1m [0m[1mLocation  [0m[1m [0m [1m [0m[1m   Fuel[0m[1m [0m [1m [0m[1mCargo[0m[1m [0m [1m [0m[1mETA      [0m[1m [0m 
 ━━━━━━━━━━━━━━━━━━━━━━━━━━━━━━━━━━━━━━━━━━━━━━━━━━━━━━━━━━━━━━━━━━━━━━━━━━━━━━ 
 [1m [0m[1;36mTYLERMAS…[0m[1m [0m  miner       [32m⚓ docked[0m   X1-KU6-B7     77/400    0/40              
 [1m [0m[1;32mTYLERMAS…[0m[1m [0m  fleet-mgr   [33m✈ transit[0m   X1-KU6-C51         —     0/0   7m36s      
 [1m [0m[1;35mTYLERMAS…[0m[1m [0m  miner       [33m✈ transit[0m   X1-KU6-B7      79/80    0/15   [2m1h1m [0m      
 [1m           [0m                                                         [2mdrift[0m      
 [1m [0m[1;33mTYLERMAS…[0m[1m [0m  surveyor    [36m↑ orbit[0m     X1-KU6-B46     21/80     0/0              
 [1m [0m[1;34mTYLERMAS…[0m[1m [0m  hauler      [32m⚓ docked[0m   X1-KU6-B6    600/600    0/80              
 [1m [0m[1;96mTYLERMAS…[0m[1m [0m  siphoner    [33m✈ transit[0m   X1-KU6-C50     79/80   15/15   [2m1h53m [0m     
 [1m           [0m                                                         [2mdrift[0m      
 [1m [0m[1;92mTYLERMAS…[0m[1m [0m  siphoner    [33m✈ transit[0m   X1-KU6-C50     79/80   15/15   [2m1h54m [0m     
 [1m           [0m                                                         [2mdrift[0m      
 [1m [0m[1;95mTYLERMAS…[0m[1m [0m  siphoner    [33m✈ transit[0m   X1-KU6-B7      38/80   15/15   [2m1h58m [0m     
 [1m           [0m                                                         [2mdrift[0m      
 [1m [0m[1;93mTYLERMAS…[0m[1m [0m  siphoner    [33m✈ transit[0m   X1-KU6-C50     79/80   15/15   [2m1h52m [0m     
 [1m           [0m                                                         [2mdrift[0m      
 [1m [0m[1;37mTYLERMAS…[0m[1m [0m  trader      [32m⚓ docked[0m   X1-KU6-F58   600/600    0/80              
 [1m [0m[1;37mTYLERMAS…[0m[1m [0m  trader      [32m⚓ docked[0m   X1-KU6-F58   600/600    0/80              
 [1m [0m[1;37mTYLERMAS…[0m[1m [0m  miner       [36m↑ orbit[0m     X1-KU6-F57     80/80    0/15              
 [1m [0m[1;37mTYLERMAS…[0m[1m [0m  surveyor    [36m↑ orbit[0m     X1-KU6-F57     80/80     0/0              
                                                                                
  Contract: [36m░░░░░░░░░░░░░░░░░░░░░░░░░░░░░░[0m [1;36m0[0m[1m/[0m[1;36m8[0m SHIP_PARTS → X1-KU6-A2 [1m([0m[1;32m0[0m[32m%[0m[1m)[0m
[1;2;92m21:45:03[0m [32m⛽ Refueled to [0m[1;32m400[0m[32m/[0m[1;32m400[0m
[1;2;92m21:45:05[0m [33mTYLERMASTERY2-[0m[1;33m4[0m [33m🌡 cooldown 25s[0m
[1;2;92m21:45:05[0m [34mTYLERMASTERY2-[0m[1;34m5[0m [36m↑ orbiting[0m
[1;2;92m21:45:05[0m [34mTYLERMASTERY2-[0m[1;34m5[0m [34m🚀 Navigating → X1-KU6-B7[0m
[1;2;92m21:45:06[0m [37mTYLERMASTERY2-C[0m [33m⚠ insufficient fuel for X1-KU6-B7 — attempting local [0m
[33mrefuel[0m
[1;2;92m21:45:06[0m [34mTYLERMASTERY2-[0m[1;34m5[0m [33m⏳ in transit [0m[1;33m([0m[33m~4m 46s[0m[1;33m)[0m[33m...[0m
[1;2;92m21:45:06[0m [93mTYLERMASTERY2-[0m[1;93m9[0m [33m⏳ in transit [0m[1;33m([0m[33m~1h 52m[0m[1;33m)[0m[33m...[0m
[1;2;92m21:45:07[0m [36mTYLERMASTERY2-[0m[1;36m1[0m [36m↑ orbiting[0m
[1;2;92m21:45:07[0m [36mTYLERMASTERY2-[0m[1;36m1[0m [34m🚀 Navigating → X1-KU6-B47[0m
[1;2;92m21:45:07[0m [37mTYLERMASTERY2-C[0m [36m⚓ docked[0m
[1;2;92m21:45:07[0m [36mTYLERMASTERY2-[0m[1;36m1[0m [36m↑ orbiting[0m
[1;2;92m21:45:07[0m [36mTYLERMASTERY2-[0m[1;36m1[0m [34m🚀 Navigating → X1-KU6-B47[0m
[1;2;92m21:45:07[0m [36mTYLERMASTERY2-[0m[1;36m1[0m [33m⏳ in transit [0m[1;33m([0m[33m~25s[0m[1;33m)[0m[33m...[0m
[1;2;92m21:45:13[0m [92mTYLERMASTERY2-[0m[1;92m7[0m [33m⏳ in transit [0m[1;33m([0m[33m~1h 53m[0m[1;33m)[0m[33m...[0m
[1;2;92m21:45:14[0m [92mTYLERMASTERY2-[0m[1;92m7[0m [33m⏳ in transit [0m[1;33m([0m[33m~1h 53m[0m[1;33m)[0m[33m...[0m
[1;2;92m21:45:16[0m [33mTYLERMASTERY2-[0m[1;33m4[0m [33m🌡 cooldown 14s[0m
[1;2;92m21:45:16[0m [36mTYLERMASTERY2-[0m[1;36m1[0m [33m⏳ in transit [0m[1;33m([0m[33m~17s[0m[1;33m)[0m[33m...[0m
[1;2;92m21:45:21[0m [96mTYLERMASTERY2-[0m[1;96m6[0m [33m⏳ in transit [0m[1;33m([0m[33m~1h 52m[0m[1;33m)[0m[33m...[0m
[1;2;92m21:45:23[0m [36mTYLERMASTERY2-[0m[1;36m1[0m [33m⏳ in transit [0m[1;33m([0m[33m~10s[0m[1;33m)[0m[33m...[0m
[1;2;92m21:45:29[0m [37mTYLERMASTERY2-D[0m [33m⚠ insufficient fuel for X1-KU6-B46 — attempting local refuel[0m
[1;2;92m21:45:30[0m [37mTYLERMASTERY2-D[0m [33m⚠ insufficient fuel for X1-KU6-B46 — attempting local [0m
[33mrefuel[0m
[1;2;92m21:45:31[0m [32mTYLERMASTERY2-[0m[1;32m2[0m [33m⏳ in transit [0m[1;33m([0m[33m~7m 6s[0m[1;33m)[0m[33m...[0m
[1;2;92m21:45:38[0m [37mTYLERMASTERY2-D[0m [36m⚓ docked[0m
[1;2;92m21:45:38[0m [93mTYLERMASTERY2-[0m[1;93m9[0m [33m⏳ in transit [0m[1;33m([0m[33m~1h 51m[0m[1;33m)[0m[33m...[0m
[1;2;92m21:45:41[0m [96mTYLERMASTERY2-[0m[1;96m6[0m [33m⏳ in transit [0m[1;33m([0m[33m~1h 52m[0m[1;33m)[0m[33m...[0m
[1;2;92m21:45:43[0m [95mTYLERMASTERY2-[0m[1;95m8[0m [33m⏳ in transit [0m[1;33m([0m[33m~1h 57m[0m[1;33m)[0m[33m...[0m
[1;2;92m21:45:43[0m [35mTYLERMASTERY2-[0m[1;35m3[0m [33m⏳ in transit [0m[1;33m([0m[33m~1h 0m[0m[1;33m)[0m[33m...[0m
[1;2;92m21:45:46[0m [36mTYLERMASTERY2-[0m[1;36m1[0m [32m✓[0m arrived at [1mX1-KU6-B47[0m
[1;2;92m21:45:48[0m [37mTYLERMASTERY2-C[0m [31m⚠ no fuel available locally, emergency DRIFT to X1-KU6-B47[0m
[1;2;92m21:45:49[0m 📡 Surveying asteroid for better yields[33m...[0m
[1;2;92m21:45:50[0m [95mTYLERMASTERY2-[0m[1;95m8[0m [33m⏳ in transit [0m[1;33m([0m[33m~1h 57m[0m[1;33m)[0m[33m...[0m
[1;2;92m21:45:50[0m [35mTYLERMASTERY2-[0m[1;35m3[0m [33m⏳ in transit [0m[1;33m([0m[33m~1h 0m[0m[1;33m)[0m[33m...[0m
[1;2;92m21:45:55[0m [32mTYLERMASTERY2-[0m[1;32m2[0m [33m⏳ in transit [0m[1;33m([0m[33m~6m 42s[0m[1;33m)[0m[33m...[0m
[1;2;92m21:45:57[0m [37mTYLERMASTERY2-D[0m [36m⚓ docked[0m
[1;2;92m21:45:59[0m [35m🔭 TYLERMASTERY2-[0m[1;35m4[0m[35m: [0m[1;35m1[0m[35m [0m[1;35msurvey[0m[1;35m([0m[35ms[0m[1;35m)[0m[35m added [0m[1;35m([0m[1;35m0x[0m[35m SHIP_PARTS hits[0m[1;35m)[0m[35m | pool: [0m[1;35m6[0m
[3m                          [0m[1;3mFleet Status[0m[3m  [0m[3;32m1,644,382 cr[0m[3m  [0m[2;3m21:45:59[0m[3m                          [0m
                                                                                        
 [1m [0m[1mShip           [0m[1m [0m [1m [0m[1mRole     [0m[1m [0m [1m [0m[1mStatus   [0m[1m [0m [1m [0m[1mLocation  [0m[1m [0m [1m [0m[1m   Fuel[0m[1m [0m [1m [0m[1mCargo[0m[1m [0m [1m [0m[1mETA        [0m[1m [0m 
 ━━━━━━━━━━━━━━━━━━━━━━━━━━━━━━━━━━━━━━━━━━━━━━━━━━━━━━━━━━━━━━━━━━━━━━━━━━━━━━━━━━━━━━ 
 [1m [0m[1;36mTYLERMASTERY2-1[0m[1m [0m  miner       [36m↑ orbit[0m     X1-KU6-B47   385/400    0/40                
 [1m [0m[1;32mTYLERMASTERY2-2[0m[1m [0m  fleet-mgr   [33m✈ transit[0m   X1-KU6-C51         —     0/0   6m38s        
 [1m [0m[1;35mTYLERMASTERY2-3[0m[1m [0m  miner       [33m✈ transit[0m   X1-KU6-B7      79/80    0/15   [2m1h0m drift[0m   
 [1m [0m[1;33mTYLERMASTERY2-4[0m[1m [0m  surveyor    [36m↑ orbit[0m     X1-KU6-B46     21/80     0/0                
 [1m [0m[1;34mTYLERMASTERY2-5[0m[1m [0m  hauler      [33m✈ transit[0m   X1-KU6-B7    437/600    0/80   3m54s        
 [1m [0m[1;96mTYLERMASTERY2-6[0m[1m [0m  siphoner    [33m✈ transit[0m   X1-KU6-C50     79/80   15/15   [2m1h52m drift[0m  
 [1m [0m[1;92mTYLERMASTERY2-7[0m[1m [0m  siphoner    [33m✈ transit[0m   X1-KU6-C50     79/80   15/15   [2m1h53m drift[0m  
 [1m [0m[1;95mTYLERMASTERY2-8[0m[1m [0m  siphoner    [33m✈ transit[0m   X1-KU6-B7      38/80   15/15   [2m1h57m drift[0m  
 [1m [0m[1;93mTYLERMASTERY2-9[0m[1m [0m  siphoner    [33m✈ transit[0m   X1-KU6-C50     79/80   15/15   [2m1h51m drift[0m  
 [1m [0m[1;37mTYLERMASTERY2-A[0m[1m [0m  trader      [32m⚓ docked[0m   X1-KU6-F58   600/600    0/80                
 [1m [0m[1;37mTYLERMASTERY2-B[0m[1m [0m  trader      [32m⚓ docked[0m   X1-KU6-F58   600/600    0/80                
 [1m [0m[1;37mTYLERMASTERY2-C[0m[1m [0m  miner       [36m↑ orbit[0m     X1-KU6-F57     80/80    0/15                
 [1m [0m[1;37mTYLERMASTERY2-D[0m[1m [0m  surveyor    [36m↑ orbit[0m     X1-KU6-F57     80/80     0/0                
                                                                                        
  Contract: [36m░░░░░░░░░░░░░░░░░░░░░░░░░░░░░░[0m [1;36m0[0m[1m/[0m[1;36m8[0m SHIP_PARTS → X1-KU6-A2 [1m([0m[1;32m0[0m[32m%[0m[1m)[0m
[1;2;92m21:46:00[0m [2mNo focused survey found, using generic survey[0m
[3m                      [0m[1;3mFleet Status[0m[3m  [0m[3;32m1,644,382 cr[0m[3m  [0m[2;3m21:46:03[0m[3m                      [0m
                                                                                
 [1m [0m[1mShip     [0m[1m [0m [1m [0m[1mRole     [0m[1m [0m [1m [0m[1mStatus   [0m[1m [0m [1m [0m[1mLocation  [0m[1m [0m [1m [0m[1m   Fuel[0m[1m [0m [1m [0m[1mCargo[0m[1m [0m [1m [0m[1mETA      [0m[1m [0m 
 ━━━━━━━━━━━━━━━━━━━━━━━━━━━━━━━━━━━━━━━━━━━━━━━━━━━━━━━━━━━━━━━━━━━━━━━━━━━━━━ 
 [1m [0m[1;36mTYLERMAS…[0m[1m [0m  miner       [36m↑ orbit[0m     X1-KU6-B47   385/400    0/40              
 [1m [0m[1;32mTYLERMAS…[0m[1m [0m  fleet-mgr   [33m✈ transit[0m   X1-KU6-C51         —     0/0   6m34s      
 [1m [0m[1;35mTYLERMAS…[0m[1m [0m  miner       [33m✈ transit[0m   X1-KU6-B7      79/80    0/15   [2m59m57s [0m    
 [1m           [0m                                                         [2mdrift[0m      
 [1m [0m[1;33mTYLERMAS…[0m[1m [0m  surveyor    [36m↑ orbit[0m     X1-KU6-B46     21/80     0/0              
 [1m [0m[1;34mTYLERMAS…[0m[1m [0m  hauler      [33m✈ transit[0m   X1-KU6-B7    437/600    0/80   3m50s      
 [1m [0m[1;96mTYLERMAS…[0m[1m [0m  siphoner    [33m✈ transit[0m   X1-KU6-C50     79/80   15/15   [2m1h52m [0m     
 [1m           [0m                                                         [2mdrift[0m      
 [1m [0m[1;92mTYLERMAS…[0m[1m [0m  siphoner    [33m✈ transit[0m   X1-KU6-C50     79/80   15/15   [2m1h53m [0m     
 [1m           [0m                                                         [2mdrift[0m      
 [1m [0m[1;95mTYLERMAS…[0m[1m [0m  siphoner    [33m✈ transit[0m   X1-KU6-B7      38/80   15/15   [2m1h57m [0m     
 [1m           [0m                                                         [2mdrift[0m      
 [1m [0m[1;93mTYLERMAS…[0m[1m [0m  siphoner    [33m✈ transit[0m   X1-KU6-C50     79/80   15/15   [2m1h51m [0m     
 [1m           [0m                                                         [2mdrift[0m      
 [1m [0m[1;37mTYLERMAS…[0m[1m [0m  trader      [32m⚓ docked[0m   X1-KU6-F58   600/600    0/80              
 [1m [0m[1;37mTYLERMAS…[0m[1m [0m  trader      [32m⚓ docked[0m   X1-KU6-F58   600/600    0/80              
 [1m [0m[1;37mTYLERMAS…[0m[1m [0m  miner       [36m↑ orbit[0m     X1-KU6-F57     80/80    0/15              
 [1m [0m[1;37mTYLERMAS…[0m[1m [0m  surveyor    [32m⚓ docked[0m   X1-KU6-F57     80/80     0/0              
                                                                                
  Contract: [36m░░░░░░░░░░░░░░░░░░░░░░░░░░░░░░[0m [1;36m0[0m[1m/[0m[1;36m8[0m SHIP_PARTS → X1-KU6-A2 [1m([0m[1;32m0[0m[32m%[0m[1m)[0m
[1;2;92m21:46:04[0m [36mTYLERMASTERY2-[0m[1;36m1[0m [33m🌡 cooldown 87s[0m
[1;2;92m21:46:05[0m [37mTYLERMASTERY2-C[0m [33m⏳ in transit [0m[1;33m([0m[33m~2h 13m[0m[1;33m)[0m[33m...[0m
[1;2;92m21:46:06[0m [33mTYLERMASTERY2-[0m[1;33m4[0m [33msurveyor error: [0m[1;33m[[0m[1;33m4000[0m[1;33m][0m[33m Ship action is still on cooldown[0m
[33mfor [0m[1;33m62[0m[33m [0m[1;33msecond[0m[1;33m([0m[33ms[0m[1;33m)[0m[33m.[0m
[1;2;92m21:46:07[0m [33mTYLERMASTERY2-[0m[1;33m4[0m [33m🌡 cooldown 62s[0m
[1;2;92m21:46:10[0m [34mTYLERMASTERY2-[0m[1;34m5[0m [33m⏳ in transit [0m[1;33m([0m[33m~3m 42s[0m[1;33m)[0m[33m...[0m
[1;2;92m21:46:14[0m [36mTYLERMASTERY2-[0m[1;36m1[0m [33m🌡 cooldown 76s[0m
[1;2;92m21:46:15[0m [93mTYLERMASTERY2-[0m[1;93m9[0m [33m⏳ in transit [0m[1;33m([0m[33m~1h 51m[0m[1;33m)[0m[33m...[0m
[1;2;92m21:46:17[0m [33mTYLERMASTERY2-[0m[1;33m4[0m [33m🌡 cooldown 51s[0m
[1;2;92m21:46:17[0m [33mTYLERMASTERY2-[0m[1;33m4[0m [33m🌡 cooldown 51s[0m
[1;2;92m21:46:23[0m [96mTYLERMASTERY2-[0m[1;96m6[0m [33m⏳ in transit [0m[1;33m([0m[33m~1h 51m[0m[1;33m)[0m[33m...[0m
[1;2;92m21:46:24[0m [92mTYLERMASTERY2-[0m[1;92m7[0m [33m⏳ in transit [0m[1;33m([0m[33m~1h 52m[0m[1;33m)[0m[33m...[0m
[1;2;92m21:46:26[0m [36mTYLERMASTERY2-[0m[1;36m1[0m [33m🌡 cooldown 64s[0m
[1;2;92m21:46:27[0m [33mTYLERMASTERY2-[0m[1;33m4[0m [33m🌡 cooldown 41s[0m
[1;2;92m21:46:28[0m [36mTYLERMASTERY2-[0m[1;36m1[0m [31m💥 miner thread crashed: [0m[1;31m[[0m[1;31m4204[0m[1;31m][0m[31m Navigate request failed. Ship TYLERMASTERY2-[0m[1;31m1[0m[31m is currently located at the destination. — restarting in 30s[0m
[1;2;92m21:46:28[0m [2mTraceback [0m[1;2m([0m[2mmost recent call last[0m[1;2m)[0m[2m:[0m
[2m  File [0m[2;32m"/Users/Tyler.Steinhaus/Documents/Mastery/space game/play.py"[0m[2m, line [0m[1;2;36m1663[0m[2m, in miner_loop[0m
[2m    [0m[1;2;35m_miner_loop_inner[0m[1;2m([0m[2mship_symbol, contract, contract_done, stop_event[0m[1;2m)[0m
[2m    ~~~~~~~~~~~~~~~~~^^^^^^^^^^^^^^^^^^^^^^^^^^^^^^^^^^^^^^^^^^^^^^^^^^[0m
[2m  File [0m[2;32m"/Users/Tyler.Steinhaus/Documents/Mastery/space game/play.py"[0m[2m, line [0m[1;2;36m1783[0m[2m, in _miner_loop_inner[0m
[2m    [0m[1;2;35mnavigate_with_refuel[0m[1;2m([0m[2mship_symbol, mining_target[0m[1;2m)[0m
[2m    ~~~~~~~~~~~~~~~~~~~~^^^^^^^^^^^^^^^^^^^^^^^^^^^^[0m
[2m  File [0m[2;32m"/Users/Tyler.Steinhaus/Documents/Mastery/space game/play.py"[0m[2m, line [0m[1;2;36m402[0m[2m, in navigate_with_refuel[0m
[2m    [0m[1;2;35mnavigate_to[0m[1;2m([0m[2mship_symbol, destination[0m[1;2m)[0m
[2m    ~~~~~~~~~~~^^^^^^^^^^^^^^^^^^^^^^^^^^[0m
[2m  File [0m[2;32m"/Users/Tyler.Steinhaus/Documents/Mastery/space game/play.py"[0m[2m, line [0m[1;2;36m343[0m[2m, in navigate_to[0m
[2m    [0m[1;2;35mfleet_api.navigate[0m[1;2m([0m[2mship_symbol, destination[0m[1;2m)[0m
[2m    ~~~~~~~~~~~~~~~~~~^^^^^^^^^^^^^^^^^^^^^^^^^^[0m
[2m  File [0m[2;32m"/Users/Tyler.Steinhaus/Documents/Mastery/space game/fleet.py"[0m[2m, line [0m[1;2;36m36[0m[2m, in navigate[0m
[2m    return [0m[1;2;35mclient.post[0m[1;2m([0m[2mf"[0m[2;35m/my/ships/[0m[1;2m{[0m[2msymbol[0m[1;2m}[0m[2;35m/[0m[2;95mnavigate[0m[2m", [0m[1;2m{[0m[2;32m"waypointSymbol"[0m[2m: waypoint_symbol[0m[1;2m}[0m[1;2m)[0m
[2m           ~~~~~~~~~~~^^^^^^^^^^^^^^^^^^^^^^^^^^^^^^^^^^^^^^^^^^^^^^^^^^^^^^^^^^^^^^^^^^^^^[0m
[2m  File [0m[2;32m"/Users/Tyler.Steinhaus/Documents/Mastery/space game/client.py"[0m[2m, line [0m[1;2;36m116[0m[2m, in post[0m
[2m    return [0m[1;2;35m_request_with_retry[0m[1;2m([0m[2;32m"POST"[0m[2m, path, [0m[2;33mjson[0m[2m=[0m[2;35mbody[0m[2m or [0m[1;2m{[0m[1;2m}[0m[2m, [0m[2;33mtoken[0m[2m=[0m[2;35mtoken[0m[1;2m)[0m
[2m  File [0m[2;32m"/Users/Tyler.Steinhaus/Documents/Mastery/space game/client.py"[0m[2m, line [0m[1;2;36m70[0m[2m, in _request_with_retry[0m
[2m    return [0m[1;2;35m_handle_response[0m[1;2m([0m[2mresp[0m[1;2m)[0m
[2m  File [0m[2;32m"/Users/Tyler.Steinhaus/Documents/Mastery/space game/client.py"[0m[2m, line [0m[1;2;36m51[0m[2m, in _handle_response[0m
[2m    raise [0m[1;2;35mSpaceTradersError[0m[1;2m([0m
[2m    [0m[2;33m...[0m[1;2m<[0m[1;2;36m2[0m[2;39m lines[0m[1;2m>[0m[2;33m...[0m
[2m    [0m[1;2m)[0m
[2mclient.SpaceTradersError: [0m[1;2m[[0m[1;2;36m4204[0m[1;2m][0m[2m Navigate request failed. Ship TYLERMASTERY2-[0m[1;2;36m1[0m[2m is currently located at the destination.[0m

[1;2;92m21:46:31[0m [34mTYLERMASTERY2-[0m[1;34m5[0m [2malready in transit, waiting to arrive before [0m
[2mredirecting[0m[2;33m...[0m
[1;2;92m21:46:32[0m [33mTYLERMASTERY2-[0m[1;33m4[0m [33m🌡 cooldown 36s[0m
[1;2;92m21:46:35[0m [92mTYLERMASTERY2-[0m[1;92m7[0m [33m⏳ in transit [0m[1;33m([0m[33m~1h 52m[0m[1;33m)[0m[33m...[0m
[1;2;92m21:46:35[0m [32mTYLERMASTERY2-[0m[1;32m2[0m [33m⏳ in transit [0m[1;33m([0m[33m~6m 2s[0m[1;33m)[0m[33m...[0m
[1;2;92m21:46:38[0m [37mTYLERMASTERY2-C[0m [31m⚠ no fuel available locally, emergency DRIFT to [0m
[31mX1-KU6-B7[0m
[1;2;92m21:46:40[0m [93mTYLERMASTERY2-[0m[1;93m9[0m [33m⏳ in transit [0m[1;33m([0m[33m~1h 50m[0m[1;33m)[0m[33m...[0m
[1;2;92m21:46:42[0m [33mTYLERMASTERY2-[0m[1;33m4[0m [33m🌡 cooldown 26s[0m
[1;2;92m21:46:42[0m [96mTYLERMASTERY2-[0m[1;96m6[0m [33m⏳ in transit [0m[1;33m([0m[33m~1h 51m[0m[1;33m)[0m[33m...[0m
[1;2;92m21:46:43[0m [95mTYLERMASTERY2-[0m[1;95m8[0m [33m⏳ in transit [0m[1;33m([0m[33m~1h 56m[0m[1;33m)[0m[33m...[0m
[1;2;92m21:46:46[0m [34mTYLERMASTERY2-[0m[1;34m5[0m [33m⏳ in transit [0m[1;33m([0m[33m~3m 7s[0m[1;33m)[0m[33m...[0m
[1;2;92m21:46:46[0m [35mTYLERMASTERY2-[0m[1;35m3[0m [33m⏳ in transit [0m[1;33m([0m[33m~59m 14s[0m[1;33m)[0m[33m...[0m
[1;2;92m21:46:47[0m [36mTYLERMASTERY2-[0m[1;36m1[0m [33m🌡 cooldown 44s[0m
[1;2;92m21:46:51[0m [33mTYLERMASTERY2-[0m[1;33m4[0m [33m🌡 cooldown 17s[0m
[1;2;92m21:46:54[0m [95mTYLERMASTERY2-[0m[1;95m8[0m [33m⏳ in transit [0m[1;33m([0m[33m~1h 56m[0m[1;33m)[0m[33m...[0m
[1;2;92m21:46:59[0m [32mTYLERMASTERY2-[0m[1;32m2[0m [33m⏳ in transit [0m[1;33m([0m[33m~5m 38s[0m[1;33m)[0m[33m...[0m
[1;2;92m21:47:00[0m [33mTYLERMASTERY2-[0m[1;33m4[0m [33m🌡 cooldown 8s[0m
[1;2;92m21:47:04[0m [33mTYLERMASTERY2-[0m[1;33m4[0m [33m🌡 cooldown 4s[0m
[1;2;92m21:47:06[0m [36mTYLERMASTERY2-[0m[1;36m1[0m [36msell-only → X1-KU6-B47 [0m[1;36m([0m[36mdist [0m[1;36m15[0m[36m, fuel cap [0m[1;36m400[0m[1;36m)[0m
[1;2;92m21:47:06[0m [36mTYLERMASTERY2-[0m[1;36m1[0m [36m⚓ thread started | mining: __SELL_ONLY__ → X1-KU6-B7[0m
[3m                          [0m[1;3mFleet Status[0m[3m  [0m[3;32m1,644,382 cr[0m[3m  [0m[2;3m21:47:07[0m[3m                           [0m
                                                                                         
 [1m [0m[1mShip           [0m[1m [0m [1m [0m[1mRole     [0m[1m [0m [1m [0m[1mStatus   [0m[1m [0m [1m [0m[1mLocation  [0m[1m [0m [1m [0m[1m   Fuel[0m[1m [0m [1m [0m[1mCargo[0m[1m [0m [1m [0m[1mETA         [0m[1m [0m 
 ━━━━━━━━━━━━━━━━━━━━━━━━━━━━━━━━━━━━━━━━━━━━━━━━━━━━━━━━━━━━━━━━━━━━━━━━━━━━━━━━━━━━━━━ 
 [1m [0m[1;36mTYLERMASTERY2-1[0m[1m [0m  miner       [36m↑ orbit[0m     X1-KU6-B47   385/400    0/40                 
 [1m [0m[1;32mTYLERMASTERY2-2[0m[1m [0m  fleet-mgr   [33m✈ transit[0m   X1-KU6-C51         —     0/0   5m30s         
 [1m [0m[1;35mTYLERMASTERY2-3[0m[1m [0m  miner       [33m✈ transit[0m   X1-KU6-B7      79/80    0/15   [2m58m53s drift[0m  
 [1m [0m[1;33mTYLERMASTERY2-4[0m[1m [0m  surveyor    [36m↑ orbit[0m     X1-KU6-B46     21/80     0/0                 
 [1m [0m[1;34mTYLERMASTERY2-5[0m[1m [0m  hauler      [33m✈ transit[0m   X1-KU6-B7    437/600    0/80   2m46s         
 [1m [0m[1;96mTYLERMASTERY2-6[0m[1m [0m  siphoner    [33m✈ transit[0m   X1-KU6-C50     79/80   15/15   [2m1h51m drift[0m   
 [1m [0m[1;92mTYLERMASTERY2-7[0m[1m [0m  siphoner    [33m✈ transit[0m   X1-KU6-C50     79/80   15/15   [2m1h52m drift[0m   
 [1m [0m[1;95mTYLERMASTERY2-8[0m[1m [0m  siphoner    [33m✈ transit[0m   X1-KU6-B7      38/80   15/15   [2m1h56m drift[0m   
 [1m [0m[1;93mTYLERMASTERY2-9[0m[1m [0m  siphoner    [33m✈ transit[0m   X1-KU6-C50     79/80   15/15   [2m1h50m drift[0m   
 [1m [0m[1;37mTYLERMASTERY2-A[0m[1m [0m  trader      [32m⚓ docked[0m   X1-KU6-F58   600/600    0/80                 
 [1m [0m[1;37mTYLERMASTERY2-B[0m[1m [0m  trader      [32m⚓ docked[0m   X1-KU6-F58   600/600    0/80                 
 [1m [0m[1;37mTYLERMASTERY2-C[0m[1m [0m  miner       [33m✈ transit[0m   X1-KU6-B47     79/80    0/15   [2m2h12m drift[0m   
 [1m [0m[1;37mTYLERMASTERY2-D[0m[1m [0m  surveyor    [36m↑ orbit[0m     X1-KU6-F57     80/80     0/0                 
                                                                                         
  Contract: [36m░░░░░░░░░░░░░░░░░░░░░░░░░░░░░░[0m [1;36m0[0m[1m/[0m[1;36m8[0m SHIP_PARTS → X1-KU6-A2 [1m([0m[1;32m0[0m[32m%[0m[1m)[0m
[1;2;92m21:47:07[0m [35mTYLERMASTERY2-[0m[1;35m3[0m [33m⏳ in transit [0m[1;33m([0m[33m~58m 53s[0m[1;33m)[0m[33m...[0m
[1;2;92m21:47:07[0m [36mTYLERMASTERY2-[0m[1;36m1[0m [33m🌡 cooldown 23s[0m
[1;2;92m21:47:07[0m 📡 Surveying asteroid for better yields[33m...[0m
[3m                      [0m[1;3mFleet Status[0m[3m  [0m[3;32m1,644,382 cr[0m[3m  [0m[2;3m21:47:08[0m[3m                      [0m
                                                                                
 [1m [0m[1mShip     [0m[1m [0m [1m [0m[1mRole     [0m[1m [0m [1m [0m[1mStatus   [0m[1m [0m [1m [0m[1mLocation  [0m[1m [0m [1m [0m[1m   Fuel[0m[1m [0m [1m [0m[1mCargo[0m[1m [0m [1m [0m[1mETA      [0m[1m [0m 
 ━━━━━━━━━━━━━━━━━━━━━━━━━━━━━━━━━━━━━━━━━━━━━━━━━━━━━━━━━━━━━━━━━━━━━━━━━━━━━━ 
 [1m [0m[1;36mTYLERMAS…[0m[1m [0m  miner       [36m↑ orbit[0m     X1-KU6-B47   385/400    0/40              
 [1m [0m[1;32mTYLERMAS…[0m[1m [0m  fleet-mgr   [33m✈ transit[0m   X1-KU6-C51         —     0/0   5m29s      
 [1m [0m[1;35mTYLERMAS…[0m[1m [0m  miner       [33m✈ transit[0m   X1-KU6-B7      79/80    0/15   [2m58m52s [0m    
 [1m           [0m                                                         [2mdrift[0m      
 [1m [0m[1;33mTYLERMAS…[0m[1m [0m  surveyor    [36m↑ orbit[0m     X1-KU6-B46     21/80     0/0              
 [1m [0m[1;34mTYLERMAS…[0m[1m [0m  hauler      [33m✈ transit[0m   X1-KU6-B7    437/600    0/80   2m45s      
 [1m [0m[1;96mTYLERMAS…[0m[1m [0m  siphoner    [33m✈ transit[0m   X1-KU6-C50     79/80   15/15   [2m1h51m [0m     
 [1m           [0m                                                         [2mdrift[0m      
 [1m [0m[1;92mTYLERMAS…[0m[1m [0m  siphoner    [33m✈ transit[0m   X1-KU6-C50     79/80   15/15   [2m1h52m [0m     
 [1m           [0m                                                         [2mdrift[0m      
 [1m [0m[1;95mTYLERMAS…[0m[1m [0m  siphoner    [33m✈ transit[0m   X1-KU6-B7      38/80   15/15   [2m1h56m [0m     
 [1m           [0m                                                         [2mdrift[0m      
 [1m [0m[1;93mTYLERMAS…[0m[1m [0m  siphoner    [33m✈ transit[0m   X1-KU6-C50     79/80   15/15   [2m1h50m [0m     
 [1m           [0m                                                         [2mdrift[0m      
 [1m [0m[1;37mTYLERMAS…[0m[1m [0m  trader      [32m⚓ docked[0m   X1-KU6-F58   600/600    0/80              
 [1m [0m[1;37mTYLERMAS…[0m[1m [0m  trader      [32m⚓ docked[0m   X1-KU6-F58   600/600    0/80              
 [1m [0m[1;37mTYLERMAS…[0m[1m [0m  miner       [33m✈ transit[0m   X1-KU6-B47     79/80    0/15   [2m2h12m [0m     
 [1m           [0m                                                         [2mdrift[0m      
 [1m [0m[1;37mTYLERMAS…[0m[1m [0m  surveyor    [36m↑ orbit[0m     X1-KU6-F57     80/80     0/0              
                                                                                
  Contract: [36m░░░░░░░░░░░░░░░░░░░░░░░░░░░░░░[0m [1;36m0[0m[1m/[0m[1;36m8[0m SHIP_PARTS → X1-KU6-A2 [1m([0m[1;32m0[0m[32m%[0m[1m)[0m
[1;2;92m21:47:08[0m [36mTYLERMASTERY2-[0m[1;36m1[0m [33m🌡 cooldown 23s[0m
[1;2;92m21:47:09[0m [35m🔭 TYLERMASTERY2-[0m[1;35m4[0m[35m: [0m[1;35m1[0m[35m [0m[1;35msurvey[0m[1;35m([0m[35ms[0m[1;35m)[0m[35m added [0m[1;35m([0m[1;35m0x[0m[35m SHIP_PARTS hits[0m[1;35m)[0m[35m | pool: [0m[1;35m1[0m
[1;2;92m21:47:10[0m [33mTYLERMASTERY2-[0m[1;33m4[0m [33m🌡 cooldown 69s[0m
[1;2;92m21:47:14[0m [34mTYLERMASTERY2-[0m[1;34m5[0m [33m⏳ in transit [0m[1;33m([0m[33m~2m 38s[0m[1;33m)[0m[33m...[0m
[1;2;92m21:47:18[0m [37mTYLERMASTERY2-B[0m [2mno profitable arbitrage found — waiting 5min[0m
[1;2;92m21:47:18[0m [37mTYLERMASTERY2-A[0m [2mno profitable arbitrage found — waiting 5min[0m
[1;2;92m21:47:20[0m [36mTYLERMASTERY2-[0m[1;36m1[0m [33m🌡 cooldown 11s[0m
[1;2;92m21:47:20[0m [93mTYLERMASTERY2-[0m[1;93m9[0m [33m⏳ in transit [0m[1;33m([0m[33m~1h 50m[0m[1;33m)[0m[33m...[0m
[1;2;92m21:47:22[0m [36mTYLERMASTERY2-[0m[1;36m1[0m [33m🌡 cooldown 9s[0m
[1;2;92m21:47:23[0m [33mTYLERMASTERY2-[0m[1;33m4[0m [33m🌡 cooldown 55s[0m
[1;2;92m21:47:23[0m [37mTYLERMASTERY2-C[0m [33m⏳ in transit [0m[1;33m([0m[33m~2h 12m[0m[1;33m)[0m[33m...[0m
[1;2;92m21:47:25[0m [37mTYLERMASTERY2-D[0m [31m⚠ no fuel available locally, emergency DRIFT to [0m
[31mX1-KU6-B46[0m
[1;2;92m21:47:26[0m [92mTYLERMASTERY2-[0m[1;92m7[0m [33m⏳ in transit [0m[1;33m([0m[33m~1h 51m[0m[1;33m)[0m[33m...[0m
[1;2;92m21:47:30[0m [37mTYLERMASTERY2-D[0m [31m⚠ no fuel available locally, emergency DRIFT to X1-KU6-B46[0m
[1;2;92m21:47:33[0m [96mTYLERMASTERY2-[0m[1;96m6[0m [33m⏳ in transit [0m[1;33m([0m[33m~1h 50m[0m[1;33m)[0m[33m...[0m
[1;2;92m21:47:34[0m [33mTYLERMASTERY2-[0m[1;33m4[0m [33m🌡 cooldown 45s[0m
[1;2;92m21:47:39[0m [32mTYLERMASTERY2-[0m[1;32m2[0m [33m⏳ in transit [0m[1;33m([0m[33m~4m 58s[0m[1;33m)[0m[33m...[0m
[1;2;92m21:47:40[0m [92mTYLERMASTERY2-[0m[1;92m7[0m [33m⏳ in transit [0m[1;33m([0m[33m~1h 51m[0m[1;33m)[0m[33m...[0m
[1;2;92m21:47:41[0m [93mTYLERMASTERY2-[0m[1;93m9[0m [33m⏳ in transit [0m[1;33m([0m[33m~1h 49m[0m[1;33m)[0m[33m...[0m
[1;2;92m21:47:43[0m [96mTYLERMASTERY2-[0m[1;96m6[0m [33m⏳ in transit [0m[1;33m([0m[33m~1h 50m[0m[1;33m)[0m[33m...[0m
[1;2;92m21:47:44[0m [33mTYLERMASTERY2-[0m[1;33m4[0m [33m🌡 cooldown 34s[0m
[1;2;92m21:47:55[0m [33mTYLERMASTERY2-[0m[1;33m4[0m [33m🌡 cooldown 24s[0m
[1;2;92m21:48:01[0m [35mTYLERMASTERY2-[0m[1;35m3[0m [33m⏳ in transit [0m[1;33m([0m[33m~57m 59s[0m[1;33m)[0m[33m...[0m
[1;2;92m21:48:04[0m   [36mTYLERMASTERY2-[0m[1;36m1[0m: 4x DIAMONDS | __SELL_ONLY__: [1;36m0[0m | Cargo: [1;36m4[0m/[1;36m40[0m | CD: 
80s
[1;2;92m21:48:05[0m [37mTYLERMASTERY2-D[0m [33m⏳ in transit [0m[1;33m([0m[33m~2h 28m[0m[1;33m)[0m[33m...[0m
[1;2;92m21:48:06[0m [95mTYLERMASTERY2-[0m[1;95m8[0m [33m⏳ in transit [0m[1;33m([0m[33m~1h 55m[0m[1;33m)[0m[33m...[0m
[1;2;92m21:48:06[0m [95mTYLERMASTERY2-[0m[1;95m8[0m [33m⏳ in transit [0m[1;33m([0m[33m~1h 55m[0m[1;33m)[0m[33m...[0m
[1;2;92m21:48:07[0m [33mTYLERMASTERY2-[0m[1;33m4[0m [33m🌡 cooldown 12s[0m
[1;2;92m21:48:07[0m [36mTYLERMASTERY2-[0m[1;36m1[0m [33m🌡 cooldown 73s[0m
[1;2;92m21:48:07[0m [34mTYLERMASTERY2-[0m[1;34m5[0m [33m⏳ in transit [0m[1;33m([0m[33m~1m 45s[0m[1;33m)[0m[33m...[0m
[1;2;92m21:48:07[0m [32mTYLERMASTERY2-[0m[1;32m2[0m [33m⏳ in transit [0m[1;33m([0m[33m~4m 30s[0m[1;33m)[0m[33m...[0m
[1;2;92m21:48:07[0m [35mTYLERMASTERY2-[0m[1;35m3[0m [33m⏳ in transit [0m[1;33m([0m[33m~57m 52s[0m[1;33m)[0m[33m...[0m
[3m                          [0m[1;3mFleet Status[0m[3m  [0m[3;32m1,644,382 cr[0m[3m  [0m[2;3m21:48:08[0m[3m                           [0m
                                                                                         
 [1m [0m[1mShip           [0m[1m [0m [1m [0m[1mRole     [0m[1m [0m [1m [0m[1mStatus   [0m[1m [0m [1m [0m[1mLocation  [0m[1m [0m [1m [0m[1m   Fuel[0m[1m [0m [1m [0m[1mCargo[0m[1m [0m [1m [0m[1mETA         [0m[1m [0m 
 ━━━━━━━━━━━━━━━━━━━━━━━━━━━━━━━━━━━━━━━━━━━━━━━━━━━━━━━━━━━━━━━━━━━━━━━━━━━━━━━━━━━━━━━ 
 [1m [0m[1;36mTYLERMASTERY2-1[0m[1m [0m  miner       [36m↑ orbit[0m     X1-KU6-B47   385/400    4/40                 
 [1m [0m[1;32mTYLERMASTERY2-2[0m[1m [0m  fleet-mgr   [33m✈ transit[0m   X1-KU6-C51         —     0/0   4m29s         
 [1m [0m[1;35mTYLERMASTERY2-3[0m[1m [0m  miner       [33m✈ transit[0m   X1-KU6-B7      79/80    0/15   [2m57m52s drift[0m  
 [1m [0m[1;33mTYLERMASTERY2-4[0m[1m [0m  surveyor    [36m↑ orbit[0m     X1-KU6-B46     21/80     0/0                 
 [1m [0m[1;34mTYLERMASTERY2-5[0m[1m [0m  hauler      [33m✈ transit[0m   X1-KU6-B7    437/600    0/80   1m45s         
 [1m [0m[1;96mTYLERMASTERY2-6[0m[1m [0m  siphoner    [33m✈ transit[0m   X1-KU6-C50     79/80   15/15   [2m1h50m drift[0m   
 [1m [0m[1;92mTYLERMASTERY2-7[0m[1m [0m  siphoner    [33m✈ transit[0m   X1-KU6-C50     79/80   15/15   [2m1h51m drift[0m   
 [1m [0m[1;95mTYLERMASTERY2-8[0m[1m [0m  siphoner    [33m✈ transit[0m   X1-KU6-B7      38/80   15/15   [2m1h55m drift[0m   
 [1m [0m[1;93mTYLERMASTERY2-9[0m[1m [0m  siphoner    [33m✈ transit[0m   X1-KU6-C50     79/80   15/15   [2m1h49m drift[0m   
 [1m [0m[1;37mTYLERMASTERY2-A[0m[1m [0m  trader      [32m⚓ docked[0m   X1-KU6-F58   600/600    0/80                 
 [1m [0m[1;37mTYLERMASTERY2-B[0m[1m [0m  trader      [32m⚓ docked[0m   X1-KU6-F58   600/600    0/80                 
 [1m [0m[1;37mTYLERMASTERY2-C[0m[1m [0m  miner       [33m✈ transit[0m   X1-KU6-B47     79/80    0/15   [2m2h11m drift[0m   
 [1m [0m[1;37mTYLERMASTERY2-D[0m[1m [0m  surveyor    [33m✈ transit[0m   X1-KU6-B46     79/80     0/0   [2m2h28m drift[0m   
                                                                                         
  Contract: [36m░░░░░░░░░░░░░░░░░░░░░░░░░░░░░░[0m [1;36m0[0m[1m/[0m[1;36m8[0m SHIP_PARTS → X1-KU6-A2 [1m([0m[1;32m0[0m[32m%[0m[1m)[0m
[3m                      [0m[1;3mFleet Status[0m[3m  [0m[3;32m1,644,382 cr[0m[3m  [0m[2;3m21:48:09[0m[3m                      [0m
                                                                                
 [1m [0m[1mShip     [0m[1m [0m [1m [0m[1mRole     [0m[1m [0m [1m [0m[1mStatus   [0m[1m [0m [1m [0m[1mLocation  [0m[1m [0m [1m [0m[1m   Fuel[0m[1m [0m [1m [0m[1mCargo[0m[1m [0m [1m [0m[1mETA      [0m[1m [0m 
 ━━━━━━━━━━━━━━━━━━━━━━━━━━━━━━━━━━━━━━━━━━━━━━━━━━━━━━━━━━━━━━━━━━━━━━━━━━━━━━ 
 [1m [0m[1;36mTYLERMAS…[0m[1m [0m  miner       [36m↑ orbit[0m     X1-KU6-B47   385/400    4/40              
 [1m [0m[1;32mTYLERMAS…[0m[1m [0m  fleet-mgr   [33m✈ transit[0m   X1-KU6-C51         —     0/0   4m28s      
 [1m [0m[1;35mTYLERMAS…[0m[1m [0m  miner       [33m✈ transit[0m   X1-KU6-B7      79/80    0/15   [2m57m51s [0m    
 [1m           [0m                                                         [2mdrift[0m      
 [1m [0m[1;33mTYLERMAS…[0m[1m [0m  surveyor    [36m↑ orbit[0m     X1-KU6-B46     21/80     0/0              
 [1m [0m[1;34mTYLERMAS…[0m[1m [0m  hauler      [33m✈ transit[0m   X1-KU6-B7    437/600    0/80   1m44s      
 [1m [0m[1;96mTYLERMAS…[0m[1m [0m  siphoner    [33m✈ transit[0m   X1-KU6-C50     79/80   15/15   [2m1h50m [0m     
 [1m           [0m                                                         [2mdrift[0m      
 [1m [0m[1;92mTYLERMAS…[0m[1m [0m  siphoner    [33m✈ transit[0m   X1-KU6-C50     79/80   15/15   [2m1h50m [0m     
 [1m           [0m                                                         [2mdrift[0m      
 [1m [0m[1;95mTYLERMAS…[0m[1m [0m  siphoner    [33m✈ transit[0m   X1-KU6-B7      38/80   15/15   [2m1h55m [0m     
 [1m           [0m                                                         [2mdrift[0m      
 [1m [0m[1;93mTYLERMAS…[0m[1m [0m  siphoner    [33m✈ transit[0m   X1-KU6-C50     79/80   15/15   [2m1h49m [0m     
 [1m           [0m                                                         [2mdrift[0m      
 [1m [0m[1;37mTYLERMAS…[0m[1m [0m  trader      [32m⚓ docked[0m   X1-KU6-F58   600/600    0/80              
 [1m [0m[1;37mTYLERMAS…[0m[1m [0m  trader      [32m⚓ docked[0m   X1-KU6-F58   600/600    0/80              
 [1m [0m[1;37mTYLERMAS…[0m[1m [0m  miner       [33m✈ transit[0m   X1-KU6-B47     79/80    0/15   [2m2h11m [0m     
 [1m           [0m                                                         [2mdrift[0m      
 [1m [0m[1;37mTYLERMAS…[0m[1m [0m  surveyor    [33m✈ transit[0m   X1-KU6-B46     79/80     0/0   [2m2h28m [0m     
 [1m           [0m                                                         [2mdrift[0m      
                                                                                
  Contract: [36m░░░░░░░░░░░░░░░░░░░░░░░░░░░░░░[0m [1;36m0[0m[1m/[0m[1;36m8[0m SHIP_PARTS → X1-KU6-A2 [1m([0m[1;32m0[0m[32m%[0m[1m)[0m
[1;2;92m21:48:12[0m [34mTYLERMASTERY2-[0m[1;34m5[0m [33m⏳ in transit [0m[1;33m([0m[33m~1m 40s[0m[1;33m)[0m[33m...[0m
[1;2;92m21:48:15[0m [34mTYLERMASTERY2-[0m[1;34m5[0m [33m⏳ in transit [0m[1;33m([0m[33m~1m 38s[0m[1;33m)[0m[33m...[0m
[1;2;92m21:48:17[0m [36mTYLERMASTERY2-[0m[1;36m1[0m [33m🌡 cooldown 63s[0m
[1;2;92m21:48:18[0m [37mTYLERMASTERY2-A[0m [2mno profitable arbitrage found — waiting 5min[0m
[1;2;92m21:48:18[0m [37mTYLERMASTERY2-B[0m [2mno profitable arbitrage found — waiting 5min[0m
[1;2;92m21:48:19[0m [34mTYLERMASTERY2-[0m[1;34m5[0m [33m⏳ in transit [0m[1;33m([0m[33m~1m 33s[0m[1;33m)[0m[33m...[0m
[1;2;92m21:48:20[0m [34mTYLERMASTERY2-[0m[1;34m5[0m [33m⏳ in transit [0m[1;33m([0m[33m~1m 32s[0m[1;33m)[0m[33m...[0m
[1;2;92m21:48:20[0m [35m🔭 TYLERMASTERY2-[0m[1;35m4[0m[35m: [0m[1;35m1[0m[35m [0m[1;35msurvey[0m[1;35m([0m[35ms[0m[1;35m)[0m[35m added [0m[1;35m([0m[1;35m0x[0m[35m SHIP_PARTS hits[0m[1;35m)[0m[35m | pool: [0m[1;35m2[0m
[1;2;92m21:48:22[0m [93mTYLERMASTERY2-[0m[1;93m9[0m [33m⏳ in transit [0m[1;33m([0m[33m~1h 49m[0m[1;33m)[0m[33m...[0m
[1;2;92m21:48:23[0m [37mTYLERMASTERY2-C[0m [2malready drifting to X1-KU6-B7[0m
[1;2;92m21:48:27[0m [37mTYLERMASTERY2-C[0m [33m⏳ in transit [0m[1;33m([0m[33m~2h 11m[0m[1;33m)[0m[33m...[0m
[1;2;92m21:48:29[0m [34mTYLERMASTERY2-[0m[1;34m5[0m [33m⏳ in transit [0m[1;33m([0m[33m~1m 23s[0m[1;33m)[0m[33m...[0m
[1;2;92m21:48:29[0m [36mTYLERMASTERY2-[0m[1;36m1[0m [33m🌡 cooldown 51s[0m
[1;2;92m21:48:30[0m [33mTYLERMASTERY2-[0m[1;33m4[0m [33m🌡 cooldown 60s[0m
[1;2;92m21:48:30[0m [34mTYLERMASTERY2-[0m[1;34m5[0m [33m⏳ in transit [0m[1;33m([0m[33m~1m 22s[0m[1;33m)[0m[33m...[0m
[1;2;92m21:48:31[0m [37mTYLERMASTERY2-C[0m [33m⏳ in transit [0m[1;33m([0m[33m~2h 11m[0m[1;33m)[0m[33m...[0m
[1;2;92m21:48:33[0m [92mTYLERMASTERY2-[0m[1;92m7[0m [33m⏳ in transit [0m[1;33m([0m[33m~1h 50m[0m[1;33m)[0m[33m...[0m
[1;2;92m21:48:34[0m [34mTYLERMASTERY2-[0m[1;34m5[0m [33m⏳ in transit [0m[1;33m([0m[33m~1m 18s[0m[1;33m)[0m[33m...[0m
[1;2;92m21:48:36[0m [34mTYLERMASTERY2-[0m[1;34m5[0m [33m⏳ in transit [0m[1;33m([0m[33m~1m 17s[0m[1;33m)[0m[33m...[0m
[1;2;92m21:48:38[0m [96mTYLERMASTERY2-[0m[1;96m6[0m [33m⏳ in transit [0m[1;33m([0m[33m~1h 49m[0m[1;33m)[0m[33m...[0m
[1;2;92m21:48:40[0m [34mTYLERMASTERY2-[0m[1;34m5[0m [33m⏳ in transit [0m[1;33m([0m[33m~1m 12s[0m[1;33m)[0m[33m...[0m
[1;2;92m21:48:41[0m [33mTYLERMASTERY2-[0m[1;33m4[0m [33msurveyor error: [0m[1;33m[[0m[1;33m4000[0m[1;33m][0m[33m Ship action is still on cooldown for [0m[1;33m49[0m[33m [0m[1;33msecond[0m[1;33m([0m[33ms[0m[1;33m)[0m[33m.[0m
[1;2;92m21:48:46[0m [33mTYLERMASTERY2-[0m[1;33m4[0m [33m🌡 cooldown 44s[0m
[1;2;92m21:48:48[0m [34mTYLERMASTERY2-[0m[1;34m5[0m [33m⏳ in transit [0m[1;33m([0m[33m~1m 4s[0m[1;33m)[0m[33m...[0m
[1;2;92m21:48:54[0m [34mTYLERMASTERY2-[0m[1;34m5[0m [33m⏳ in transit [0m[1;33m([0m[33m~59s[0m[1;33m)[0m[33m...[0m
[1;2;92m21:48:56[0m [33mTYLERMASTERY2-[0m[1;33m4[0m [33m🌡 cooldown 34s[0m
[1;2;92m21:48:58[0m [96mTYLERMASTERY2-[0m[1;96m6[0m [33m⏳ in transit [0m[1;33m([0m[33m~1h 49m[0m[1;33m)[0m[33m...[0m
[1;2;92m21:48:59[0m [34mTYLERMASTERY2-[0m[1;34m5[0m [33m⏳ in transit [0m[1;33m([0m[33m~53s[0m[1;33m)[0m[33m...[0m
[1;2;92m21:49:03[0m [34mTYLERMASTERY2-[0m[1;34m5[0m [33m⏳ in transit [0m[1;33m([0m[33m~50s[0m[1;33m)[0m[33m...[0m
[1;2;92m21:49:03[0m [33mTYLERMASTERY2-[0m[1;33m4[0m [33m🌡 cooldown 27s[0m
[1;2;92m21:49:04[0m [32mTYLERMASTERY2-[0m[1;32m2[0m [33m⏳ in transit [0m[1;33m([0m[33m~3m 33s[0m[1;33m)[0m[33m...[0m
[1;2;92m21:49:05[0m [35mTYLERMASTERY2-[0m[1;35m3[0m [33m⏳ in transit [0m[1;33m([0m[33m~56m 55s[0m[1;33m)[0m[33m...[0m
[1;2;92m21:49:06[0m [34mTYLERMASTERY2-[0m[1;34m5[0m [33m⏳ in transit [0m[1;33m([0m[33m~46s[0m[1;33m)[0m[33m...[0m
[1;2;92m21:49:06[0m [37mTYLERMASTERY2-D[0m [33m⏳ in transit [0m[1;33m([0m[33m~2h 27m[0m[1;33m)[0m[33m...[0m
[1;2;92m21:49:07[0m [33mTYLERMASTERY2-[0m[1;33m4[0m [33m🌡 cooldown 23s[0m
[1;2;92m21:49:07[0m [93mTYLERMASTERY2-[0m[1;93m9[0m [33m⏳ in transit [0m[1;33m([0m[33m~1h 48m[0m[1;33m)[0m[33m...[0m
[1;2;92m21:49:07[0m [92mTYLERMASTERY2-[0m[1;92m7[0m [33m⏳ in transit [0m[1;33m([0m[33m~1h 50m[0m[1;33m)[0m[33m...[0m
[1;2;92m21:49:07[0m [36mTYLERMASTERY2-[0m[1;36m1[0m [33m🌡 cooldown 13s[0m
[1;2;92m21:49:07[0m [95mTYLERMASTERY2-[0m[1;95m8[0m [33m⏳ in transit [0m[1;33m([0m[33m~1h 54m[0m[1;33m)[0m[33m...[0m
[1;2;92m21:49:08[0m [34mTYLERMASTERY2-[0m[1;34m5[0m [33m⏳ in transit [0m[1;33m([0m[33m~44s[0m[1;33m)[0m[33m...[0m
[3m                          [0m[1;3mFleet Status[0m[3m  [0m[3;32m1,644,382 cr[0m[3m  [0m[2;3m21:49:09[0m[3m                           [0m
                                                                                         
 [1m [0m[1mShip           [0m[1m [0m [1m [0m[1mRole     [0m[1m [0m [1m [0m[1mStatus   [0m[1m [0m [1m [0m[1mLocation  [0m[1m [0m [1m [0m[1m   Fuel[0m[1m [0m [1m [0m[1mCargo[0m[1m [0m [1m [0m[1mETA         [0m[1m [0m 
 ━━━━━━━━━━━━━━━━━━━━━━━━━━━━━━━━━━━━━━━━━━━━━━━━━━━━━━━━━━━━━━━━━━━━━━━━━━━━━━━━━━━━━━━ 
 [1m [0m[1;36mTYLERMASTERY2-1[0m[1m [0m  miner       [36m↑ orbit[0m     X1-KU6-B47   385/400    4/40                 
 [1m [0m[1;32mTYLERMASTERY2-2[0m[1m [0m  fleet-mgr   [33m✈ transit[0m   X1-KU6-C51         —     0/0   3m28s         
 [1m [0m[1;35mTYLERMASTERY2-3[0m[1m [0m  miner       [33m✈ transit[0m   X1-KU6-B7      79/80    0/15   [2m56m51s drift[0m  
 [1m [0m[1;33mTYLERMASTERY2-4[0m[1m [0m  surveyor    [36m↑ orbit[0m     X1-KU6-B46     21/80     0/0                 
 [1m [0m[1;34mTYLERMASTERY2-5[0m[1m [0m  hauler      [33m✈ transit[0m   X1-KU6-B7    437/600    0/80   44s           
 [1m [0m[1;96mTYLERMASTERY2-6[0m[1m [0m  siphoner    [33m✈ transit[0m   X1-KU6-C50     79/80   15/15   [2m1h49m drift[0m   
 [1m [0m[1;92mTYLERMASTERY2-7[0m[1m [0m  siphoner    [33m✈ transit[0m   X1-KU6-C50     79/80   15/15   [2m1h50m drift[0m   
 [1m [0m[1;95mTYLERMASTERY2-8[0m[1m [0m  siphoner    [33m✈ transit[0m   X1-KU6-B7      38/80   15/15   [2m1h54m drift[0m   
 [1m [0m[1;93mTYLERMASTERY2-9[0m[1m [0m  siphoner    [33m✈ transit[0m   X1-KU6-C50     79/80   15/15   [2m1h48m drift[0m   
 [1m [0m[1;37mTYLERMASTERY2-A[0m[1m [0m  trader      [32m⚓ docked[0m   X1-KU6-F58   600/600    0/80                 
 [1m [0m[1;37mTYLERMASTERY2-B[0m[1m [0m  trader      [32m⚓ docked[0m   X1-KU6-F58   600/600    0/80                 
 [1m [0m[1;37mTYLERMASTERY2-C[0m[1m [0m  miner       [33m✈ transit[0m   X1-KU6-B47     79/80    0/15   [2m2h10m drift[0m   
 [1m [0m[1;37mTYLERMASTERY2-D[0m[1m [0m  surveyor    [33m✈ transit[0m   X1-KU6-B46     79/80     0/0   [2m2h27m drift[0m   
                                                                                         
  Contract: [36m░░░░░░░░░░░░░░░░░░░░░░░░░░░░░░[0m [1;36m0[0m[1m/[0m[1;36m8[0m SHIP_PARTS → X1-KU6-A2 [1m([0m[1;32m0[0m[32m%[0m[1m)[0m
[3m                      [0m[1;3mFleet Status[0m[3m  [0m[3;32m1,644,382 cr[0m[3m  [0m[2;3m21:49:10[0m[3m                      [0m
                                                                                
 [1m [0m[1mShip     [0m[1m [0m [1m [0m[1mRole     [0m[1m [0m [1m [0m[1mStatus   [0m[1m [0m [1m [0m[1mLocation  [0m[1m [0m [1m [0m[1m   Fuel[0m[1m [0m [1m [0m[1mCargo[0m[1m [0m [1m [0m[1mETA      [0m[1m [0m 
 ━━━━━━━━━━━━━━━━━━━━━━━━━━━━━━━━━━━━━━━━━━━━━━━━━━━━━━━━━━━━━━━━━━━━━━━━━━━━━━ 
 [1m [0m[1;36mTYLERMAS…[0m[1m [0m  miner       [36m↑ orbit[0m     X1-KU6-B47   385/400    4/40              
 [1m [0m[1;32mTYLERMAS…[0m[1m [0m  fleet-mgr   [33m✈ transit[0m   X1-KU6-C51         —     0/0   3m27s      
 [1m [0m[1;35mTYLERMAS…[0m[1m [0m  miner       [33m✈ transit[0m   X1-KU6-B7      79/80    0/15   [2m56m50s [0m    
 [1m           [0m                                                         [2mdrift[0m      
 [1m [0m[1;33mTYLERMAS…[0m[1m [0m  surveyor    [36m↑ orbit[0m     X1-KU6-B46     21/80     0/0              
 [1m [0m[1;34mTYLERMAS…[0m[1m [0m  hauler      [33m✈ transit[0m   X1-KU6-B7    437/600    0/80   43s        
 [1m [0m[1;96mTYLERMAS…[0m[1m [0m  siphoner    [33m✈ transit[0m   X1-KU6-C50     79/80   15/15   [2m1h49m [0m     
 [1m           [0m                                                         [2mdrift[0m      
 [1m [0m[1;92mTYLERMAS…[0m[1m [0m  siphoner    [33m✈ transit[0m   X1-KU6-C50     79/80   15/15   [2m1h49m [0m     
 [1m           [0m                                                         [2mdrift[0m      
 [1m [0m[1;95mTYLERMAS…[0m[1m [0m  siphoner    [33m✈ transit[0m   X1-KU6-B7      38/80   15/15   [2m1h54m [0m     
 [1m           [0m                                                         [2mdrift[0m      
 [1m [0m[1;93mTYLERMAS…[0m[1m [0m  siphoner    [33m✈ transit[0m   X1-KU6-C50     79/80   15/15   [2m1h48m [0m     
 [1m           [0m                                                         [2mdrift[0m      
 [1m [0m[1;37mTYLERMAS…[0m[1m [0m  trader      [32m⚓ docked[0m   X1-KU6-F58   600/600    0/80              
 [1m [0m[1;37mTYLERMAS…[0m[1m [0m  trader      [32m⚓ docked[0m   X1-KU6-F58   600/600    0/80              
 [1m [0m[1;37mTYLERMAS…[0m[1m [0m  miner       [33m✈ transit[0m   X1-KU6-B47     79/80    0/15   [2m2h10m [0m     
 [1m           [0m                                                         [2mdrift[0m      
 [1m [0m[1;37mTYLERMAS…[0m[1m [0m  surveyor    [33m✈ transit[0m   X1-KU6-B46     79/80     0/0   [2m2h27m [0m     
 [1m           [0m                                                         [2mdrift[0m      
                                                                                
  Contract: [36m░░░░░░░░░░░░░░░░░░░░░░░░░░░░░░[0m [1;36m0[0m[1m/[0m[1;36m8[0m SHIP_PARTS → X1-KU6-A2 [1m([0m[1;32m0[0m[32m%[0m[1m)[0m
[1;2;92m21:49:11[0m [35mTYLERMASTERY2-[0m[1;35m3[0m [33m⏳ in transit [0m[1;33m([0m[33m~56m 49s[0m[1;33m)[0m[33m...[0m
[1;2;92m21:49:12[0m [34mTYLERMASTERY2-[0m[1;34m5[0m [33m⏳ in transit [0m[1;33m([0m[33m~41s[0m[1;33m)[0m[33m...[0m
[1;2;92m21:49:12[0m [32mTYLERMASTERY2-[0m[1;32m2[0m [33m⏳ in transit [0m[1;33m([0m[33m~3m 24s[0m[1;33m)[0m[33m...[0m
[1;2;92m21:49:13[0m [33mTYLERMASTERY2-[0m[1;33m4[0m [33m🌡 cooldown 17s[0m
[1;2;92m21:49:13[0m [34mTYLERMASTERY2-[0m[1;34m5[0m [33m⏳ in transit [0m[1;33m([0m[33m~39s[0m[1;33m)[0m[33m...[0m
[1;2;92m21:49:17[0m [33mTYLERMASTERY2-[0m[1;33m4[0m [33m🌡 cooldown 13s[0m
[1;2;92m21:49:19[0m [34mTYLERMASTERY2-[0m[1;34m5[0m [33m⏳ in transit [0m[1;33m([0m[33m~34s[0m[1;33m)[0m[33m...[0m
[1;2;92m21:49:19[0m [37mTYLERMASTERY2-D[0m [2malready drifting to X1-KU6-B46[0m
[1;2;92m21:49:22[0m [34mTYLERMASTERY2-[0m[1;34m5[0m [33m⏳ in transit [0m[1;33m([0m[33m~31s[0m[1;33m)[0m[33m...[0m
[1;2;92m21:49:24[0m [37mTYLERMASTERY2-D[0m [33m⏳ in transit [0m[1;33m([0m[33m~2h 27m[0m[1;33m)[0m[33m...[0m
[1;2;92m21:49:25[0m [93mTYLERMASTERY2-[0m[1;93m9[0m [33m⏳ in transit [0m[1;33m([0m[33m~1h 47m[0m[1;33m)[0m[33m...[0m
[1;2;92m21:49:27[0m [34mTYLERMASTERY2-[0m[1;34m5[0m [33m⏳ in transit [0m[1;33m([0m[33m~25s[0m[1;33m)[0m[33m...[0m
[1;2;92m21:49:30[0m [95mTYLERMASTERY2-[0m[1;95m8[0m [33m⏳ in transit [0m[1;33m([0m[33m~1h 53m[0m[1;33m)[0m[33m...[0m
[1;2;92m21:49:30[0m [34mTYLERMASTERY2-[0m[1;34m5[0m [33m⏳ in transit [0m[1;33m([0m[33m~22s[0m[1;33m)[0m[33m...[0m
[1;2;92m21:49:31[0m [2mSurvey failed: [0m[1;2m[[0m[1;2;36m4000[0m[1;2m][0m[2m Ship action is still on cooldown for [0m[1;2;36m76[0m[2m [0m[1;2;35msecond[0m[1;2m([0m[2ms[0m[1;2m)[0m[2m., mining without survey[0m
[1;2;92m21:49:32[0m [37mTYLERMASTERY2-C[0m [33m⏳ in transit [0m[1;33m([0m[33m~2h 10m[0m[1;33m)[0m[33m...[0m
[1;2;92m21:49:36[0m   [36mTYLERMASTERY2-[0m[1;36m1[0m: 5x QUARTZ_SAND | __SELL_ONLY__: [1;36m0[0m | Cargo: [1;36m9[0m/[1;36m40[0m | 
CD: 80s
[1;2;92m21:49:36[0m [35m🔭 TYLERMASTERY2-[0m[1;35m4[0m[35m: [0m[1;35m1[0m[35m [0m[1;35msurvey[0m[1;35m([0m[35ms[0m[1;35m)[0m[35m added [0m[1;35m([0m[1;35m0x[0m[35m SHIP_PARTS hits[0m[1;35m)[0m[35m | pool: [0m[1;35m3[0m
[1;2;92m21:49:38[0m [36mTYLERMASTERY2-[0m[1;36m1[0m [33m🌡 cooldown 69s[0m
[1;2;92m21:49:41[0m [37mTYLERMASTERY2-C[0m [33m⏳ in transit [0m[1;33m([0m[33m~2h 10m[0m[1;33m)[0m[33m...[0m
[1;2;92m21:49:42[0m [33mTYLERMASTERY2-[0m[1;33m4[0m [33m🌡 cooldown 63s[0m
[1;2;92m21:49:43[0m [33mTYLERMASTERY2-[0m[1;33m4[0m [33m🌡 cooldown 62s[0m
[1;2;92m21:49:44[0m [34mTYLERMASTERY2-[0m[1;34m5[0m [33m⏳ in transit [0m[1;33m([0m[33m~8s[0m[1;33m)[0m[33m...[0m
[1;2;92m21:49:48[0m [36mTYLERMASTERY2-[0m[1;36m1[0m [33m🌡 cooldown 59s[0m
[1;2;92m21:49:49[0m [34mTYLERMASTERY2-[0m[1;34m5[0m [33m⏳ in transit [0m[1;33m([0m[33m~3s[0m[1;33m)[0m[33m...[0m
[1;2;92m21:49:52[0m [96mTYLERMASTERY2-[0m[1;96m6[0m [33m⏳ in transit [0m[1;33m([0m[33m~1h 48m[0m[1;33m)[0m[33m...[0m
[1;2;92m21:49:53[0m [33mTYLERMASTERY2-[0m[1;33m4[0m [33m🌡 cooldown 52s[0m
[1;2;92m21:49:54[0m [33mTYLERMASTERY2-[0m[1;33m4[0m [33m🌡 cooldown 51s[0m
[1;2;92m21:49:55[0m [34mTYLERMASTERY2-[0m[1;34m5[0m [32m✓[0m arrived at [1mX1-KU6-B7[0m
[1;2;92m21:49:57[0m [34mTYLERMASTERY2-[0m[1;34m5[0m [32m✓[0m arrived at [1mX1-KU6-B7[0m
[1;2;92m21:49:58[0m [34mTYLERMASTERY2-[0m[1;34m5[0m [2malready at X1-KU6-B7[0m
[1;2;92m21:49:59[0m [92mTYLERMASTERY2-[0m[1;92m7[0m [33m⏳ in transit [0m[1;33m([0m[33m~1h 49m[0m[1;33m)[0m[33m...[0m
[1;2;92m21:50:04[0m [34mTYLERMASTERY2-[0m[1;34m5[0m [36m⚓ docked[0m
[1;2;92m21:50:06[0m [36mTYLERMASTERY2-[0m[1;36m1[0m [33m🌡 cooldown 41s[0m
[1;2;92m21:50:06[0m [33mTYLERMASTERY2-[0m[1;33m4[0m [33m🌡 cooldown 39s[0m
[1;2;92m21:50:06[0m [96mTYLERMASTERY2-[0m[1;96m6[0m [33m⏳ in transit [0m[1;33m([0m[33m~1h 48m[0m[1;33m)[0m[33m...[0m
[1;2;92m21:50:07[0m [36mTYLERMASTERY2-[0m[1;36m1[0m [33m🌡 cooldown 40s[0m
[1;2;92m21:50:07[0m [33mTYLERMASTERY2-[0m[1;33m4[0m [33m🌡 cooldown 38s[0m
[1;2;92m21:50:07[0m [32m⛽ Refueled to [0m[1;32m600[0m[32m/[0m[1;32m600[0m
[1;2;92m21:50:07[0m [34mTYLERMASTERY2-[0m[1;34m5[0m [36mSHIP_PARTS will be purchased [0m[1;36m([0m[36mnon-mineable good @ [0m[1;36m0[0m[36m cr/u[0m[1;36m)[0m
[1;2;92m21:50:07[0m [35mTYLERMASTERY2-[0m[1;35m3[0m [33m⏳ in transit [0m[1;33m([0m[33m~55m 53s[0m[1;33m)[0m[33m...[0m
[1;2;92m21:50:07[0m [32m⛽ Refueled to [0m[1;32m600[0m[32m/[0m[1;32m600[0m
[1;2;92m21:50:07[0m [34mTYLERMASTERY2-[0m[1;34m5[0m [36mSHIP_PARTS will be purchased [0m[1;36m([0m[36mnon-mineable good @ [0m[1;36m0[0m[36m [0m
[36mcr/u[0m[1;36m)[0m
[1;2;92m21:50:09[0m [34mTYLERMASTERY2-[0m[1;34m5[0m [36m↑ orbiting[0m
[1;2;92m21:50:09[0m [34mTYLERMASTERY2-[0m[1;34m5[0m [34m🚀 Navigating → X1-KU6-D53[0m
[1;2;92m21:50:09[0m [34mTYLERMASTERY2-[0m[1;34m5[0m [34m🚀 Navigating → X1-KU6-D53[0m
[1;2;92m21:50:11[0m [32mTYLERMASTERY2-[0m[1;32m2[0m [33m⏳ in transit [0m[1;33m([0m[33m~2m 26s[0m[1;33m)[0m[33m...[0m
[1;2;92m21:50:12[0m [37mTYLERMASTERY2-D[0m [33m⏳ in transit [0m[1;33m([0m[33m~2h 26m[0m[1;33m)[0m[33m...[0m
[1;2;92m21:50:13[0m [34mTYLERMASTERY2-[0m[1;34m5[0m [33m⏳ in transit [0m[1;33m([0m[33m~10m 46s[0m[1;33m)[0m[33m...[0m
[3m                          [0m[1;3mFleet Status[0m[3m  [0m[3;32m1,644,234 cr[0m[3m  [0m[2;3m21:50:13[0m[3m                           [0m
                                                                                         
 [1m [0m[1mShip           [0m[1m [0m [1m [0m[1mRole     [0m[1m [0m [1m [0m[1mStatus   [0m[1m [0m [1m [0m[1mLocation  [0m[1m [0m [1m [0m[1m   Fuel[0m[1m [0m [1m [0m[1mCargo[0m[1m [0m [1m [0m[1mETA         [0m[1m [0m 
 ━━━━━━━━━━━━━━━━━━━━━━━━━━━━━━━━━━━━━━━━━━━━━━━━━━━━━━━━━━━━━━━━━━━━━━━━━━━━━━━━━━━━━━━ 
 [1m [0m[1;36mTYLERMASTERY2-1[0m[1m [0m  miner       [36m↑ orbit[0m     X1-KU6-B47   385/400    9/40                 
 [1m [0m[1;32mTYLERMASTERY2-2[0m[1m [0m  fleet-mgr   [33m✈ transit[0m   X1-KU6-C51         —     0/0   2m24s         
 [1m [0m[1;35mTYLERMASTERY2-3[0m[1m [0m  miner       [33m✈ transit[0m   X1-KU6-B7      79/80    0/15   [2m55m47s drift[0m  
 [1m [0m[1;33mTYLERMASTERY2-4[0m[1m [0m  surveyor    [36m↑ orbit[0m     X1-KU6-B46     21/80     0/0                 
 [1m [0m[1;34mTYLERMASTERY2-5[0m[1m [0m  hauler      [36m↑ orbit[0m     X1-KU6-B7    600/600    0/80                 
 [1m [0m[1;96mTYLERMASTERY2-6[0m[1m [0m  siphoner    [33m✈ transit[0m   X1-KU6-C50     79/80   15/15   [2m1h48m drift[0m   
 [1m [0m[1;92mTYLERMASTERY2-7[0m[1m [0m  siphoner    [33m✈ transit[0m   X1-KU6-C50     79/80   15/15   [2m1h48m drift[0m   
 [1m [0m[1;95mTYLERMASTERY2-8[0m[1m [0m  siphoner    [33m✈ transit[0m   X1-KU6-B7      38/80   15/15   [2m1h53m drift[0m   
 [1m [0m[1;93mTYLERMASTERY2-9[0m[1m [0m  siphoner    [33m✈ transit[0m   X1-KU6-C50     79/80   15/15   [2m1h47m drift[0m   
 [1m [0m[1;37mTYLERMASTERY2-A[0m[1m [0m  trader      [32m⚓ docked[0m   X1-KU6-F58   600/600    0/80                 
 [1m [0m[1;37mTYLERMASTERY2-B[0m[1m [0m  trader      [32m⚓ docked[0m   X1-KU6-F58   600/600    0/80                 
 [1m [0m[1;37mTYLERMASTERY2-C[0m[1m [0m  miner       [33m✈ transit[0m   X1-KU6-B47     79/80    0/15   [2m2h9m drift[0m    
 [1m [0m[1;37mTYLERMASTERY2-D[0m[1m [0m  surveyor    [33m✈ transit[0m   X1-KU6-B46     79/80     0/0   [2m2h26m drift[0m   
                                                                                         
  Contract: [36m░░░░░░░░░░░░░░░░░░░░░░░░░░░░░░[0m [1;36m0[0m[1m/[0m[1;36m8[0m SHIP_PARTS → X1-KU6-A2 [1m([0m[1;32m0[0m[32m%[0m[1m)[0m
[1;2;92m21:50:14[0m [95mTYLERMASTERY2-[0m[1;95m8[0m [33m⏳ in transit [0m[1;33m([0m[33m~1h 53m[0m[1;33m)[0m[33m...[0m
[1;2;92m21:50:15[0m [93mTYLERMASTERY2-[0m[1;93m9[0m [33m⏳ in transit [0m[1;33m([0m[33m~1h 47m[0m[1;33m)[0m[33m...[0m
[1;2;92m21:50:16[0m [36mTYLERMASTERY2-[0m[1;36m1[0m [33m🌡 cooldown 30s[0m
[1;2;92m21:50:17[0m [32mTYLERMASTERY2-[0m[1;32m2[0m [33m⏳ in transit [0m[1;33m([0m[33m~2m 19s[0m[1;33m)[0m[33m...[0m
[1;2;92m21:50:17[0m [33mTYLERMASTERY2-[0m[1;33m4[0m [33m🌡 cooldown 28s[0m
[1;2;92m21:50:21[0m [33mTYLERMASTERY2-[0m[1;33m4[0m [33m🌡 cooldown 24s[0m
[3m                      [0m[1;3mFleet Status[0m[3m  [0m[3;32m1,644,234 cr[0m[3m  [0m[2;3m21:50:24[0m[3m                      [0m
                                                                                
 [1m [0m[1mShip     [0m[1m [0m [1m [0m[1mRole     [0m[1m [0m [1m [0m[1mStatus   [0m[1m [0m [1m [0m[1mLocation  [0m[1m [0m [1m [0m[1m   Fuel[0m[1m [0m [1m [0m[1mCargo[0m[1m [0m [1m [0m[1mETA      [0m[1m [0m 
 ━━━━━━━━━━━━━━━━━━━━━━━━━━━━━━━━━━━━━━━━━━━━━━━━━━━━━━━━━━━━━━━━━━━━━━━━━━━━━━ 
 [1m [0m[1;36mTYLERMAS…[0m[1m [0m  miner       [36m↑ orbit[0m     X1-KU6-B47   385/400    9/40              
 [1m [0m[1;32mTYLERMAS…[0m[1m [0m  fleet-mgr   [33m✈ transit[0m   X1-KU6-C51         —     0/0   2m13s      
 [1m [0m[1;35mTYLERMAS…[0m[1m [0m  miner       [33m✈ transit[0m   X1-KU6-B7      79/80    0/15   [2m55m36s [0m    
 [1m           [0m                                                         [2mdrift[0m      
 [1m [0m[1;33mTYLERMAS…[0m[1m [0m  surveyor    [36m↑ orbit[0m     X1-KU6-B46     21/80     0/0              
 [1m [0m[1;34mTYLERMAS…[0m[1m [0m  hauler      [33m✈ transit[0m   X1-KU6-D53   220/600    0/80   10m35s     
 [1m [0m[1;96mTYLERMAS…[0m[1m [0m  siphoner    [33m✈ transit[0m   X1-KU6-C50     79/80   15/15   [2m1h47m [0m     
 [1m           [0m                                                         [2mdrift[0m      
 [1m [0m[1;92mTYLERMAS…[0m[1m [0m  siphoner    [33m✈ transit[0m   X1-KU6-C50     79/80   15/15   [2m1h48m [0m     
 [1m           [0m                                                         [2mdrift[0m      
 [1m [0m[1;95mTYLERMAS…[0m[1m [0m  siphoner    [33m✈ transit[0m   X1-KU6-B7      38/80   15/15   [2m1h52m [0m     
 [1m           [0m                                                         [2mdrift[0m      
 [1m [0m[1;93mTYLERMAS…[0m[1m [0m  siphoner    [33m✈ transit[0m   X1-KU6-C50     79/80   15/15   [2m1h46m [0m     
 [1m           [0m                                                         [2mdrift[0m      
 [1m [0m[1;37mTYLERMAS…[0m[1m [0m  trader      [32m⚓ docked[0m   X1-KU6-F58   600/600    0/80              
 [1m [0m[1;37mTYLERMAS…[0m[1m [0m  trader      [32m⚓ docked[0m   X1-KU6-F58   600/600    0/80              
 [1m [0m[1;37mTYLERMAS…[0m[1m [0m  miner       [33m✈ transit[0m   X1-KU6-B47     79/80    0/15   [2m2h9m [0m      
 [1m           [0m                                                         [2mdrift[0m      
 [1m [0m[1;37mTYLERMAS…[0m[1m [0m  surveyor    [33m✈ transit[0m   X1-KU6-B46     79/80     0/0   [2m2h26m [0m     
 [1m           [0m                                                         [2mdrift[0m      
                                                                                
  Contract: [36m░░░░░░░░░░░░░░░░░░░░░░░░░░░░░░[0m [1;36m0[0m[1m/[0m[1;36m8[0m SHIP_PARTS → X1-KU6-A2 [1m([0m[1;32m0[0m[32m%[0m[1m)[0m
[1;2;92m21:50:26[0m [92mTYLERMASTERY2-[0m[1;92m7[0m [33m⏳ in transit [0m[1;33m([0m[33m~1h 48m[0m[1;33m)[0m[33m...[0m
[1;2;92m21:50:27[0m [37mTYLERMASTERY2-D[0m [33m⏳ in transit [0m[1;33m([0m[33m~2h 26m[0m[1;33m)[0m[33m...[0m
[1;2;92m21:50:28[0m [33mTYLERMASTERY2-[0m[1;33m4[0m [33m🌡 cooldown 17s[0m
[1;2;92m21:50:28[0m [93mTYLERMASTERY2-[0m[1;93m9[0m [33m⏳ in transit [0m[1;33m([0m[33m~1h 46m[0m[1;33m)[0m[33m...[0m
[1;2;92m21:50:33[0m [37mTYLERMASTERY2-C[0m [33m⏳ in transit [0m[1;33m([0m[33m~2h 9m[0m[1;33m)[0m[33m...[0m
[1;2;92m21:50:34[0m [36mTYLERMASTERY2-[0m[1;36m1[0m [33m🌡 cooldown 13s[0m
[1;2;92m21:50:35[0m [33mTYLERMASTERY2-[0m[1;33m4[0m [33m🌡 cooldown 10s[0m
[1;2;92m21:50:37[0m [95mTYLERMASTERY2-[0m[1;95m8[0m [33m⏳ in transit [0m[1;33m([0m[33m~1h 52m[0m[1;33m)[0m[33m...[0m
[1;2;92m21:50:38[0m [35mTYLERMASTERY2-[0m[1;35m3[0m [33m⏳ in transit [0m[1;33m([0m[33m~55m 22s[0m[1;33m)[0m[33m...[0m
[1;2;92m21:50:44[0m [32mTYLERMASTERY2-[0m[1;32m2[0m [33m⏳ in transit [0m[1;33m([0m[33m~1m 53s[0m[1;33m)[0m[33m...[0m
[1;2;92m21:50:46[0m [37mTYLERMASTERY2-C[0m [33m⏳ in transit [0m[1;33m([0m[33m~2h 9m[0m[1;33m)[0m[33m...[0m
[1;2;92m21:50:49[0m [35m🔭 TYLERMASTERY2-[0m[1;35m4[0m[35m: [0m[1;35m1[0m[35m [0m[1;35msurvey[0m[1;35m([0m[35ms[0m[1;35m)[0m[35m added [0m[1;35m([0m[1;35m0x[0m[35m SHIP_PARTS hits[0m[1;35m)[0m[35m | pool: [0m[1;35m7[0m
[1;2;92m21:50:52[0m [33mTYLERMASTERY2-[0m[1;33m4[0m [33m🌡 cooldown 67s[0m
[1;2;92m21:50:53[0m [36mTYLERMASTERY2-[0m[1;36m1[0m [33m🌡 cooldown 78s[0m
[1;2;92m21:50:54[0m   [36mTYLERMASTERY2-[0m[1;36m1[0m: 4x QUARTZ_SAND | __SELL_ONLY__: [1;36m0[0m | Cargo: [1;36m13[0m/[1;36m40[0m | CD: 80s
[1;2;92m21:50:54[0m [36mTYLERMASTERY2-[0m[1;36m1[0m   [33m⚠ Coolant System Leak Detected: A microfracture in the reactor coolant system led to a gradual loss of coolant and an increase in reactor temperature, [0m
[33mcausing automated safety systems to engage in a controlled shutdown.[0m
[1;2;92m21:50:55[0m [32mTYLERMASTERY2-[0m[1;32m2[0m [33m⏳ in transit [0m[1;33m([0m[33m~1m 42s[0m[1;33m)[0m[33m...[0m
[1;2;92m21:50:56[0m [32mTYLERMASTERY2-[0m[1;32m2[0m [33m⏳ in transit [0m[1;33m([0m[33m~1m 40s[0m[1;33m)[0m[33m...[0m
[1;2;92m21:51:00[0m [96mTYLERMASTERY2-[0m[1;96m6[0m [33m⏳ in transit [0m[1;33m([0m[33m~1h 47m[0m[1;33m)[0m[33m...[0m
[1;2;92m21:51:01[0m [36mTYLERMASTERY2-[0m[1;36m1[0m [33m🌡 cooldown 70s[0m
[1;2;92m21:51:02[0m [32mTYLERMASTERY2-[0m[1;32m2[0m [33m⏳ in transit [0m[1;33m([0m[33m~1m 35s[0m[1;33m)[0m[33m...[0m
[1;2;92m21:51:05[0m [32mTYLERMASTERY2-[0m[1;32m2[0m [33m⏳ in transit [0m[1;33m([0m[33m~1m 32s[0m[1;33m)[0m[33m...[0m
[1;2;92m21:51:05[0m [33mTYLERMASTERY2-[0m[1;33m4[0m [33m🌡 cooldown 53s[0m
[1;2;92m21:51:07[0m [36mTYLERMASTERY2-[0m[1;36m1[0m [33m🌡 cooldown 65s[0m
[1;2;92m21:51:07[0m [92mTYLERMASTERY2-[0m[1;92m7[0m [33m⏳ in transit [0m[1;33m([0m[33m~1h 48m[0m[1;33m)[0m[33m...[0m
[1;2;92m21:51:07[0m [33mTYLERMASTERY2-[0m[1;33m4[0m [33m🌡 cooldown 52s[0m
[1;2;92m21:51:07[0m [32mTYLERMASTERY2-[0m[1;32m2[0m [33m⏳ in transit [0m[1;33m([0m[33m~1m 29s[0m[1;33m)[0m[33m...[0m
[1;2;92m21:51:08[0m [35mTYLERMASTERY2-[0m[1;35m3[0m [33m⏳ in transit [0m[1;33m([0m[33m~54m 52s[0m[1;33m)[0m[33m...[0m
[1;2;92m21:51:10[0m [96mTYLERMASTERY2-[0m[1;96m6[0m [33m⏳ in transit [0m[1;33m([0m[33m~1h 47m[0m[1;33m)[0m[33m...[0m
[1;2;92m21:51:10[0m [32mTYLERMASTERY2-[0m[1;32m2[0m [33m⏳ in transit [0m[1;33m([0m[33m~1m 26s[0m[1;33m)[0m[33m...[0m
[1;2;92m21:51:11[0m [36mTYLERMASTERY2-[0m[1;36m1[0m [33m🌡 cooldown 60s[0m
[1;2;92m21:51:13[0m [32mTYLERMASTERY2-[0m[1;32m2[0m [33m⏳ in transit [0m[1;33m([0m[33m~1m 24s[0m[1;33m)[0m[33m...[0m
[3m                          [0m[1;3mFleet Status[0m[3m  [0m[3;32m1,644,234 cr[0m[3m  [0m[2;3m21:51:14[0m[3m                           [0m
                                                                                         
 [1m [0m[1mShip           [0m[1m [0m [1m [0m[1mRole     [0m[1m [0m [1m [0m[1mStatus   [0m[1m [0m [1m [0m[1mLocation  [0m[1m [0m [1m [0m[1m   Fuel[0m[1m [0m [1m [0m[1mCargo[0m[1m [0m [1m [0m[1mETA         [0m[1m [0m 
 ━━━━━━━━━━━━━━━━━━━━━━━━━━━━━━━━━━━━━━━━━━━━━━━━━━━━━━━━━━━━━━━━━━━━━━━━━━━━━━━━━━━━━━━ 
 [1m [0m[1;36mTYLERMASTERY2-1[0m[1m [0m  miner       [36m↑ orbit[0m     X1-KU6-B47   385/400   13/40                 
 [1m [0m[1;32mTYLERMASTERY2-2[0m[1m [0m  fleet-mgr   [33m✈ transit[0m   X1-KU6-C51         —     0/0   1m23s         
 [1m [0m[1;35mTYLERMASTERY2-3[0m[1m [0m  miner       [33m✈ transit[0m   X1-KU6-B7      79/80    0/15   [2m54m46s drift[0m  
 [1m [0m[1;33mTYLERMASTERY2-4[0m[1m [0m  surveyor    [36m↑ orbit[0m     X1-KU6-B46     21/80     0/0                 
 [1m [0m[1;34mTYLERMASTERY2-5[0m[1m [0m  hauler      [33m✈ transit[0m   X1-KU6-D53   220/600    0/80   9m45s         
 [1m [0m[1;96mTYLERMASTERY2-6[0m[1m [0m  siphoner    [33m✈ transit[0m   X1-KU6-C50     79/80   15/15   [2m1h47m drift[0m   
 [1m [0m[1;92mTYLERMASTERY2-7[0m[1m [0m  siphoner    [33m✈ transit[0m   X1-KU6-C50     79/80   15/15   [2m1h47m drift[0m   
 [1m [0m[1;95mTYLERMASTERY2-8[0m[1m [0m  siphoner    [33m✈ transit[0m   X1-KU6-B7      38/80   15/15   [2m1h52m drift[0m   
 [1m [0m[1;93mTYLERMASTERY2-9[0m[1m [0m  siphoner    [33m✈ transit[0m   X1-KU6-C50     79/80   15/15   [2m1h46m drift[0m   
 [1m [0m[1;37mTYLERMASTERY2-A[0m[1m [0m  trader      [32m⚓ docked[0m   X1-KU6-F58   600/600    0/80                 
 [1m [0m[1;37mTYLERMASTERY2-B[0m[1m [0m  trader      [32m⚓ docked[0m   X1-KU6-F58   600/600    0/80                 
 [1m [0m[1;37mTYLERMASTERY2-C[0m[1m [0m  miner       [33m✈ transit[0m   X1-KU6-B47     79/80    0/15   [2m2h8m drift[0m    
 [1m [0m[1;37mTYLERMASTERY2-D[0m[1m [0m  surveyor    [33m✈ transit[0m   X1-KU6-B46     79/80     0/0   [2m2h25m drift[0m   
                                                                                         
  Contract: [36m░░░░░░░░░░░░░░░░░░░░░░░░░░░░░░[0m [1;36m0[0m[1m/[0m[1;36m8[0m SHIP_PARTS → X1-KU6-A2 [1m([0m[1;32m0[0m[32m%[0m[1m)[0m
[1;2;92m21:51:16[0m [33mTYLERMASTERY2-[0m[1;33m4[0m [33m🌡 cooldown 43s[0m
[1;2;92m21:51:16[0m [32mTYLERMASTERY2-[0m[1;32m2[0m [33m⏳ in transit [0m[1;33m([0m[33m~1m 21s[0m[1;33m)[0m[33m...[0m
[1;2;92m21:51:17[0m [36mTYLERMASTERY2-[0m[1;36m1[0m [33m🌡 cooldown 54s[0m
[1;2;92m21:51:17[0m [33mTYLERMASTERY2-[0m[1;33m4[0m [33m🌡 cooldown 41s[0m
[1;2;92m21:51:18[0m [34mTYLERMASTERY2-[0m[1;34m5[0m [33m⏳ in transit [0m[1;33m([0m[33m~9m 41s[0m[1;33m)[0m[33m...[0m
[1;2;92m21:51:18[0m [32mTYLERMASTERY2-[0m[1;32m2[0m [33m⏳ in transit [0m[1;33m([0m[33m~1m 18s[0m[1;33m)[0m[33m...[0m
[1;2;92m21:51:20[0m [93mTYLERMASTERY2-[0m[1;93m9[0m [33m⏳ in transit [0m[1;33m([0m[33m~1h 46m[0m[1;33m)[0m[33m...[0m
[1;2;92m21:51:22[0m [37mTYLERMASTERY2-D[0m [33m⏳ in transit [0m[1;33m([0m[33m~2h 25m[0m[1;33m)[0m[33m...[0m
[1;2;92m21:51:24[0m [32mTYLERMASTERY2-[0m[1;32m2[0m [33m⏳ in transit [0m[1;33m([0m[33m~1m 13s[0m[1;33m)[0m[33m...[0m
[1;2;92m21:51:26[0m [36mTYLERMASTERY2-[0m[1;36m1[0m [33m🌡 cooldown 45s[0m
[1;2;92m21:51:26[0m [95mTYLERMASTERY2-[0m[1;95m8[0m [33m⏳ in transit [0m[1;33m([0m[33m~1h 51m[0m[1;33m)[0m[33m...[0m
[1;2;92m21:51:27[0m [32mTYLERMASTERY2-[0m[1;32m2[0m [33m⏳ in transit [0m[1;33m([0m[33m~1m 10s[0m[1;33m)[0m[33m...[0m
[1;2;92m21:51:29[0m [32mTYLERMASTERY2-[0m[1;32m2[0m [33m⏳ in transit [0m[1;33m([0m[33m~1m 7s[0m[1;33m)[0m[33m...[0m
[1;2;92m21:51:32[0m [92mTYLERMASTERY2-[0m[1;92m7[0m [33m⏳ in transit [0m[1;33m([0m[33m~1h 47m[0m[1;33m)[0m[33m...[0m
[1;2;92m21:51:32[0m [33mTYLERMASTERY2-[0m[1;33m4[0m [33m🌡 cooldown 26s[0m
[1;2;92m21:51:33[0m [34mTYLERMASTERY2-[0m[1;34m5[0m [2malready in transit, waiting to arrive before [0m
[2mredirecting[0m[2;33m...[0m
[1;2;92m21:51:35[0m [33mTYLERMASTERY2-[0m[1;33m4[0m [33m🌡 cooldown 24s[0m
[1;2;92m21:51:35[0m [34mTYLERMASTERY2-[0m[1;34m5[0m [33m⏳ in transit [0m[1;33m([0m[33m~9m 23s[0m[1;33m)[0m[33m...[0m
[1;2;92m21:51:38[0m [95mTYLERMASTERY2-[0m[1;95m8[0m [33m⏳ in transit [0m[1;33m([0m[33m~1h 51m[0m[1;33m)[0m[33m...[0m
[1;2;92m21:51:38[0m [36mTYLERMASTERY2-[0m[1;36m1[0m [33m🌡 cooldown 33s[0m
[1;2;92m21:51:39[0m [37mTYLERMASTERY2-D[0m [33m⏳ in transit [0m[1;33m([0m[33m~2h 25m[0m[1;33m)[0m[33m...[0m
[1;2;92m21:51:40[0m [93mTYLERMASTERY2-[0m[1;93m9[0m [33m⏳ in transit [0m[1;33m([0m[33m~1h 45m[0m[1;33m)[0m[33m...[0m
[1;2;92m21:51:42[0m [32mTYLERMASTERY2-[0m[1;32m2[0m [33m⏳ in transit [0m[1;33m([0m[33m~55s[0m[1;33m)[0m[33m...[0m
[3m                      [0m[1;3mFleet Status[0m[3m  [0m[3;32m1,644,234 cr[0m[3m  [0m[2;3m21:51:43[0m[3m                      [0m
                                                                                
 [1m [0m[1mShip     [0m[1m [0m [1m [0m[1mRole     [0m[1m [0m [1m [0m[1mStatus   [0m[1m [0m [1m [0m[1mLocation  [0m[1m [0m [1m [0m[1m   Fuel[0m[1m [0m [1m [0m[1mCargo[0m[1m [0m [1m [0m[1mETA      [0m[1m [0m 
 ━━━━━━━━━━━━━━━━━━━━━━━━━━━━━━━━━━━━━━━━━━━━━━━━━━━━━━━━━━━━━━━━━━━━━━━━━━━━━━ 
 [1m [0m[1;36mTYLERMAS…[0m[1m [0m  miner       [36m↑ orbit[0m     X1-KU6-B47   385/400   13/40              
 [1m [0m[1;32mTYLERMAS…[0m[1m [0m  fleet-mgr   [33m✈ transit[0m   X1-KU6-C51         —     0/0   53s        
 [1m [0m[1;35mTYLERMAS…[0m[1m [0m  miner       [33m✈ transit[0m   X1-KU6-B7      79/80    0/15   [2m54m17s [0m    
 [1m           [0m                                                         [2mdrift[0m      
 [1m [0m[1;33mTYLERMAS…[0m[1m [0m  surveyor    [36m↑ orbit[0m     X1-KU6-B46     21/80     0/0              
 [1m [0m[1;34mTYLERMAS…[0m[1m [0m  hauler      [33m✈ transit[0m   X1-KU6-D53   220/600    0/80   9m16s      
 [1m [0m[1;96mTYLERMAS…[0m[1m [0m  siphoner    [33m✈ transit[0m   X1-KU6-C50     79/80   15/15   [2m1h46m [0m     
 [1m           [0m                                                         [2mdrift[0m      
 [1m [0m[1;92mTYLERMAS…[0m[1m [0m  siphoner    [33m✈ transit[0m   X1-KU6-C50     79/80   15/15   [2m1h47m [0m     
 [1m           [0m                                                         [2mdrift[0m      
 [1m [0m[1;95mTYLERMAS…[0m[1m [0m  siphoner    [33m✈ transit[0m   X1-KU6-B7      38/80   15/15   [2m1h51m [0m     
 [1m           [0m                                                         [2mdrift[0m      
 [1m [0m[1;93mTYLERMAS…[0m[1m [0m  siphoner    [33m✈ transit[0m   X1-KU6-C50     79/80   15/15   [2m1h45m [0m     
 [1m           [0m                                                         [2mdrift[0m      
 [1m [0m[1;37mTYLERMAS…[0m[1m [0m  trader      [32m⚓ docked[0m   X1-KU6-F58   600/600    0/80              
 [1m [0m[1;37mTYLERMAS…[0m[1m [0m  trader      [32m⚓ docked[0m   X1-KU6-F58   600/600    0/80              
 [1m [0m[1;37mTYLERMAS…[0m[1m [0m  miner       [33m✈ transit[0m   X1-KU6-B47     79/80    0/15   [2m2h8m [0m      
 [1m           [0m                                                         [2mdrift[0m      
 [1m [0m[1;37mTYLERMAS…[0m[1m [0m  surveyor    [33m✈ transit[0m   X1-KU6-B46     79/80     0/0   [2m2h25m [0m     
 [1m           [0m                                                         [2mdrift[0m      
                                                                                
  Contract: [36m░░░░░░░░░░░░░░░░░░░░░░░░░░░░░░[0m [1;36m0[0m[1m/[0m[1;36m8[0m SHIP_PARTS → X1-KU6-A2 [1m([0m[1;32m0[0m[32m%[0m[1m)[0m
[1;2;92m21:51:44[0m [33mTYLERMASTERY2-[0m[1;33m4[0m [33m🌡 cooldown 14s[0m
[1;2;92m21:51:46[0m [36mTYLERMASTERY2-[0m[1;36m1[0m [33m🌡 cooldown 25s[0m
[1;2;92m21:51:47[0m [32mTYLERMASTERY2-[0m[1;32m2[0m [33m⏳ in transit [0m[1;33m([0m[33m~49s[0m[1;33m)[0m[33m...[0m
[1;2;92m21:51:49[0m [37mTYLERMASTERY2-C[0m [33m⏳ in transit [0m[1;33m([0m[33m~2h 8m[0m[1;33m)[0m[33m...[0m
[1;2;92m21:51:49[0m [33mTYLERMASTERY2-[0m[1;33m4[0m [33m🌡 cooldown 9s[0m
[1;2;92m21:51:52[0m [37mTYLERMASTERY2-C[0m [33m⏳ in transit [0m[1;33m([0m[33m~2h 8m[0m[1;33m)[0m[33m...[0m
[1;2;92m21:51:52[0m [32mTYLERMASTERY2-[0m[1;32m2[0m [33m⏳ in transit [0m[1;33m([0m[33m~45s[0m[1;33m)[0m[33m...[0m
[1;2;92m21:51:53[0m [32mTYLERMASTERY2-[0m[1;32m2[0m [33m⏳ in transit [0m[1;33m([0m[33m~44s[0m[1;33m)[0m[33m...[0m
[1;2;92m21:51:54[0m [36mTYLERMASTERY2-[0m[1;36m1[0m [33m🌡 cooldown 17s[0m
[1;2;92m21:51:56[0m [33mTYLERMASTERY2-[0m[1;33m4[0m [33m🌡 cooldown 2s[0m
[1;2;92m21:51:58[0m [36mTYLERMASTERY2-[0m[1;36m1[0m [33m🌡 cooldown 13s[0m
[1;2;92m21:52:03[0m [96mTYLERMASTERY2-[0m[1;96m6[0m [33m⏳ in transit [0m[1;33m([0m[33m~1h 46m[0m[1;33m)[0m[33m...[0m
[1;2;92m21:52:04[0m [35m🔭 TYLERMASTERY2-[0m[1;35m4[0m[35m: [0m[1;35m1[0m[35m [0m[1;35msurvey[0m[1;35m([0m[35ms[0m[1;35m)[0m[35m added [0m[1;35m([0m[1;35m0x[0m[35m SHIP_PARTS hits[0m[1;35m)[0m[35m | pool: [0m[1;35m4[0m
[1;2;92m21:52:06[0m [36mTYLERMASTERY2-[0m[1;36m1[0m [33m🌡 cooldown 5s[0m
[1;2;92m21:52:08[0m [32mTYLERMASTERY2-[0m[1;32m2[0m [33m⏳ in transit [0m[1;33m([0m[33m~29s[0m[1;33m)[0m[33m...[0m
[1;2;92m21:52:08[0m [35mTYLERMASTERY2-[0m[1;35m3[0m [33m⏳ in transit [0m[1;33m([0m[33m~53m 52s[0m[1;33m)[0m[33m...[0m
[1;2;92m21:52:08[0m [32mTYLERMASTERY2-[0m[1;32m2[0m [33m⏳ in transit [0m[1;33m([0m[33m~28s[0m[1;33m)[0m[33m...[0m
[1;2;92m21:52:09[0m [36mTYLERMASTERY2-[0m[1;36m1[0m [33m🌡 cooldown 3s[0m
[1;2;92m21:52:09[0m [33mTYLERMASTERY2-[0m[1;33m4[0m [33m🌡 cooldown 64s[0m
[1;2;92m21:52:12[0m [36mTYLERMASTERY2-[0m[1;36m1[0m [33m🌡 cooldown 80s[0m
[1;2;92m21:52:12[0m   [36mTYLERMASTERY2-[0m[1;36m1[0m: 7x QUARTZ_SAND | __SELL_ONLY__: [1;36m0[0m | Cargo: [1;36m20[0m/[1;36m40[0m | 
CD: 80s
[1;2;92m21:52:12[0m [36mTYLERMASTERY2-[0m[1;36m1[0m   [33m⚠ Reactor Overload Incident: The ship's reactor [0m
[33mexperienced a critical overload due to unexpected mineral density. Automated [0m
[33msafety systems initiated an emergency shutdown, but not before the overload [0m
[33mcaused partial melting of the reactor's cooling fins.[0m
[1;2;92m21:52:13[0m [36mTYLERMASTERY2-[0m[1;36m1[0m [33m🌡 cooldown 79s[0m
[1;2;92m21:52:13[0m [32mTYLERMASTERY2-[0m[1;32m2[0m [33m⏳ in transit [0m[1;33m([0m[33m~24s[0m[1;33m)[0m[33m...[0m
[1;2;92m21:52:16[0m [96mTYLERMASTERY2-[0m[1;96m6[0m [33m⏳ in transit [0m[1;33m([0m[33m~1h 46m[0m[1;33m)[0m[33m...[0m
[1;2;92m21:52:18[0m [37mTYLERMASTERY2-B[0m [2mno profitable arbitrage found — waiting 5min[0m
[1;2;92m21:52:18[0m [37mTYLERMASTERY2-A[0m [2mno profitable arbitrage found — waiting 5min[0m
[1;2;92m21:52:18[0m [32mTYLERMASTERY2-[0m[1;32m2[0m [33m⏳ in transit [0m[1;33m([0m[33m~19s[0m[1;33m)[0m[33m...[0m
[1;2;92m21:52:19[0m [32mTYLERMASTERY2-[0m[1;32m2[0m [33m⏳ in transit [0m[1;33m([0m[33m~18s[0m[1;33m)[0m[33m...[0m
[1;2;92m21:52:20[0m [34mTYLERMASTERY2-[0m[1;34m5[0m [33m⏳ in transit [0m[1;33m([0m[33m~8m 39s[0m[1;33m)[0m[33m...[0m
[1;2;92m21:52:22[0m [33mTYLERMASTERY2-[0m[1;33m4[0m [33m🌡 cooldown 51s[0m
[1;2;92m21:52:23[0m [92mTYLERMASTERY2-[0m[1;92m7[0m [33m⏳ in transit [0m[1;33m([0m[33m~1h 46m[0m[1;33m)[0m[33m...[0m
[3m                          [0m[1;3mFleet Status[0m[3m  [0m[3;32m1,644,234 cr[0m[3m  [0m[2;3m21:52:23[0m[3m                           [0m
                                                                                         
 [1m [0m[1mShip           [0m[1m [0m [1m [0m[1mRole     [0m[1m [0m [1m [0m[1mStatus   [0m[1m [0m [1m [0m[1mLocation  [0m[1m [0m [1m [0m[1m   Fuel[0m[1m [0m [1m [0m[1mCargo[0m[1m [0m [1m [0m[1mETA         [0m[1m [0m 
 ━━━━━━━━━━━━━━━━━━━━━━━━━━━━━━━━━━━━━━━━━━━━━━━━━━━━━━━━━━━━━━━━━━━━━━━━━━━━━━━━━━━━━━━ 
 [1m [0m[1;36mTYLERMASTERY2-1[0m[1m [0m  miner       [36m↑ orbit[0m     X1-KU6-B47   385/400   20/40                 
 [1m [0m[1;32mTYLERMASTERY2-2[0m[1m [0m  fleet-mgr   [33m✈ transit[0m   X1-KU6-C51         —     0/0   13s           
 [1m [0m[1;35mTYLERMASTERY2-3[0m[1m [0m  miner       [33m✈ transit[0m   X1-KU6-B7      79/80    0/15   [2m53m36s drift[0m  
 [1m [0m[1;33mTYLERMASTERY2-4[0m[1m [0m  surveyor    [36m↑ orbit[0m     X1-KU6-B46     21/80     0/0                 
 [1m [0m[1;34mTYLERMASTERY2-5[0m[1m [0m  hauler      [33m✈ transit[0m   X1-KU6-D53   220/600    0/80   8m35s         
 [1m [0m[1;96mTYLERMASTERY2-6[0m[1m [0m  siphoner    [33m✈ transit[0m   X1-KU6-C50     79/80   15/15   [2m1h45m drift[0m   
 [1m [0m[1;92mTYLERMASTERY2-7[0m[1m [0m  siphoner    [33m✈ transit[0m   X1-KU6-C50     79/80   15/15   [2m1h46m drift[0m   
 [1m [0m[1;95mTYLERMASTERY2-8[0m[1m [0m  siphoner    [33m✈ transit[0m   X1-KU6-B7      38/80   15/15   [2m1h50m drift[0m   
 [1m [0m[1;93mTYLERMASTERY2-9[0m[1m [0m  siphoner    [33m✈ transit[0m   X1-KU6-C50     79/80   15/15   [2m1h45m drift[0m   
 [1m [0m[1;37mTYLERMASTERY2-A[0m[1m [0m  trader      [32m⚓ docked[0m   X1-KU6-F58   600/600    0/80                 
 [1m [0m[1;37mTYLERMASTERY2-B[0m[1m [0m  trader      [32m⚓ docked[0m   X1-KU6-F58   600/600    0/80                 
 [1m [0m[1;37mTYLERMASTERY2-C[0m[1m [0m  miner       [33m✈ transit[0m   X1-KU6-B47     79/80    0/15   [2m2h7m drift[0m    
 [1m [0m[1;37mTYLERMASTERY2-D[0m[1m [0m  surveyor    [33m✈ transit[0m   X1-KU6-B46     79/80     0/0   [2m2h24m drift[0m   
                                                                                         
  Contract: [36m░░░░░░░░░░░░░░░░░░░░░░░░░░░░░░[0m [1;36m0[0m[1m/[0m[1;36m8[0m SHIP_PARTS → X1-KU6-A2 [1m([0m[1;32m0[0m[32m%[0m[1m)[0m
[1;2;92m21:52:25[0m [32mTYLERMASTERY2-[0m[1;32m2[0m [33m⏳ in transit [0m[1;33m([0m[33m~11s[0m[1;33m)[0m[33m...[0m
[1;2;92m21:52:26[0m [37mTYLERMASTERY2-D[0m [33m⏳ in transit [0m[1;33m([0m[33m~2h 24m[0m[1;33m)[0m[33m...[0m
[1;2;92m21:52:27[0m [93mTYLERMASTERY2-[0m[1;93m9[0m [33m⏳ in transit [0m[1;33m([0m[33m~1h 44m[0m[1;33m)[0m[33m...[0m
[1;2;92m21:52:28[0m [35mTYLERMASTERY2-[0m[1;35m3[0m [33m⏳ in transit [0m[1;33m([0m[33m~53m 32s[0m[1;33m)[0m[33m...[0m
[1;2;92m21:52:31[0m [32mTYLERMASTERY2-[0m[1;32m2[0m [33m⏳ in transit [0m[1;33m([0m[33m~6s[0m[1;33m)[0m[33m...[0m
[1;2;92m21:52:32[0m [36mTYLERMASTERY2-[0m[1;36m1[0m [33m🌡 cooldown 60s[0m
[1;2;92m21:52:36[0m [33mTYLERMASTERY2-[0m[1;33m4[0m [33m🌡 cooldown 37s[0m
[1;2;92m21:52:37[0m [32mTYLERMASTERY2-[0m[1;32m2[0m [32m✓[0m arrived at [1mX1-KU6-C51[0m
[1;2;92m21:52:37[0m [32mTYLERMASTERY2-[0m[1;32m2[0m [34m🚀 Navigating → X1-KU6-A2[0m
[1;2;92m21:52:38[0m [34mTYLERMASTERY2-[0m[1;34m5[0m [33m⏳ in transit [0m[1;33m([0m[33m~8m 21s[0m[1;33m)[0m[33m...[0m
[1;2;92m21:52:39[0m [32mTYLERMASTERY2-[0m[1;32m2[0m [32m✓[0m arrived at [1mX1-KU6-C51[0m
[1;2;92m21:52:40[0m [95mTYLERMASTERY2-[0m[1;95m8[0m [33m⏳ in transit [0m[1;33m([0m[33m~1h 50m[0m[1;33m)[0m[33m...[0m
[1;2;92m21:52:41[0m [36mTYLERMASTERY2-[0m[1;36m1[0m [33m🌡 cooldown 51s[0m
[1;2;92m21:52:41[0m [95mTYLERMASTERY2-[0m[1;95m8[0m [33m⏳ in transit [0m[1;33m([0m[33m~1h 50m[0m[1;33m)[0m[33m...[0m
[1;2;92m21:52:42[0m [93mTYLERMASTERY2-[0m[1;93m9[0m [33m⏳ in transit [0m[1;33m([0m[33m~1h 44m[0m[1;33m)[0m[33m...[0m
[1;2;92m21:52:44[0m [37mTYLERMASTERY2-D[0m [33m⏳ in transit [0m[1;33m([0m[33m~2h 23m[0m[1;33m)[0m[33m...[0m
[1;2;92m21:52:46[0m [92mTYLERMASTERY2-[0m[1;92m7[0m [33m⏳ in transit [0m[1;33m([0m[33m~1h 46m[0m[1;33m)[0m[33m...[0m
[3m                      [0m[1;3mFleet Status[0m[3m  [0m[3;32m1,644,234 cr[0m[3m  [0m[2;3m21:52:47[0m[3m                      [0m
                                                                                
 [1m [0m[1mShip     [0m[1m [0m [1m [0m[1mRole     [0m[1m [0m [1m [0m[1mStatus   [0m[1m [0m [1m [0m[1mLocation  [0m[1m [0m [1m [0m[1m   Fuel[0m[1m [0m [1m [0m[1mCargo[0m[1m [0m [1m [0m[1mETA      [0m[1m [0m 
 ━━━━━━━━━━━━━━━━━━━━━━━━━━━━━━━━━━━━━━━━━━━━━━━━━━━━━━━━━━━━━━━━━━━━━━━━━━━━━━ 
 [1m [0m[1;36mTYLERMAS…[0m[1m [0m  miner       [36m↑ orbit[0m     X1-KU6-B47   385/400   20/40              
 [1m [0m[1;32mTYLERMAS…[0m[1m [0m  fleet-mgr   [36m↑ orbit[0m     X1-KU6-C51         —     0/0              
 [1m [0m[1;35mTYLERMAS…[0m[1m [0m  miner       [33m✈ transit[0m   X1-KU6-B7      79/80    0/15   [2m53m13s [0m    
 [1m           [0m                                                         [2mdrift[0m      
 [1m [0m[1;33mTYLERMAS…[0m[1m [0m  surveyor    [36m↑ orbit[0m     X1-KU6-B46     21/80     0/0              
 [1m [0m[1;34mTYLERMAS…[0m[1m [0m  hauler      [33m✈ transit[0m   X1-KU6-D53   220/600    0/80   8m12s      
 [1m [0m[1;96mTYLERMAS…[0m[1m [0m  siphoner    [33m✈ transit[0m   X1-KU6-C50     79/80   15/15   [2m1h45m [0m     
 [1m           [0m                                                         [2mdrift[0m      
 [1m [0m[1;92mTYLERMAS…[0m[1m [0m  siphoner    [33m✈ transit[0m   X1-KU6-C50     79/80   15/15   [2m1h46m [0m     
 [1m           [0m                                                         [2mdrift[0m      
 [1m [0m[1;95mTYLERMAS…[0m[1m [0m  siphoner    [33m✈ transit[0m   X1-KU6-B7      38/80   15/15   [2m1h50m [0m     
 [1m           [0m                                                         [2mdrift[0m      
 [1m [0m[1;93mTYLERMAS…[0m[1m [0m  siphoner    [33m✈ transit[0m   X1-KU6-C50     79/80   15/15   [2m1h44m [0m     
 [1m           [0m                                                         [2mdrift[0m      
 [1m [0m[1;37mTYLERMAS…[0m[1m [0m  trader      [32m⚓ docked[0m   X1-KU6-F58   600/600    0/80              
 [1m [0m[1;37mTYLERMAS…[0m[1m [0m  trader      [32m⚓ docked[0m   X1-KU6-F58   600/600    0/80              
 [1m [0m[1;37mTYLERMAS…[0m[1m [0m  miner       [33m✈ transit[0m   X1-KU6-B47     79/80    0/15   [2m2h7m [0m      
 [1m           [0m                                                         [2mdrift[0m      
 [1m [0m[1;37mTYLERMAS…[0m[1m [0m  surveyor    [33m✈ transit[0m   X1-KU6-B46     79/80     0/0   [2m2h23m [0m     
 [1m           [0m                                                         [2mdrift[0m      
                                                                                
  Contract: [36m░░░░░░░░░░░░░░░░░░░░░░░░░░░░░░[0m [1;36m0[0m[1m/[0m[1;36m8[0m SHIP_PARTS → X1-KU6-A2 [1m([0m[1;32m0[0m[32m%[0m[1m)[0m
[1;2;92m21:52:49[0m [36mTYLERMASTERY2-[0m[1;36m1[0m [33m🌡 cooldown 44s[0m
[1;2;92m21:52:52[0m [37mTYLERMASTERY2-C[0m [33m⏳ in transit [0m[1;33m([0m[33m~2h 7m[0m[1;33m)[0m[33m...[0m
[1;2;92m21:52:56[0m [32mTYLERMASTERY2-[0m[1;32m2[0m [33m⏳ in transit [0m[1;33m([0m[33m~8m 15s[0m[1;33m)[0m[33m...[0m
[1;2;92m21:52:58[0m [36mTYLERMASTERY2-[0m[1;36m1[0m [33m🌡 cooldown 35s[0m
[1;2;92m21:52:58[0m [33mTYLERMASTERY2-[0m[1;33m4[0m [33m🌡 cooldown 15s[0m
[1;2;92m21:52:59[0m [36mTYLERMASTERY2-[0m[1;36m1[0m [33m🌡 cooldown 33s[0m
[1;2;92m21:53:04[0m [32mTYLERMASTERY2-[0m[1;32m2[0m [33m⏳ in transit [0m[1;33m([0m[33m~8m 8s[0m[1;33m)[0m[33m...[0m
[1;2;92m21:53:08[0m [36mTYLERMASTERY2-[0m[1;36m1[0m [33m🌡 cooldown 24s[0m
[1;2;92m21:53:08[0m [33mTYLERMASTERY2-[0m[1;33m4[0m [33m🌡 cooldown 5s[0m
[1;2;92m21:53:09[0m [37mTYLERMASTERY2-C[0m [33m⏳ in transit [0m[1;33m([0m[33m~2h 6m[0m[1;33m)[0m[33m...[0m
[1;2;92m21:53:09[0m [36mTYLERMASTERY2-[0m[1;36m1[0m [33m🌡 cooldown 23s[0m
[1;2;92m21:53:13[0m [35mTYLERMASTERY2-[0m[1;35m3[0m [33m⏳ in transit [0m[1;33m([0m[33m~52m 47s[0m[1;33m)[0m[33m...[0m
[1;2;92m21:53:14[0m [35m🔭 TYLERMASTERY2-[0m[1;35m4[0m[35m: [0m[1;35m1[0m[35m [0m[1;35msurvey[0m[1;35m([0m[35ms[0m[1;35m)[0m[35m added [0m[1;35m([0m[1;35m0x[0m[35m SHIP_PARTS hits[0m[1;35m)[0m[35m | pool: [0m[1;35m5[0m
[1;2;92m21:53:15[0m [33mTYLERMASTERY2-[0m[1;33m4[0m [33m🌡 cooldown 69s[0m
[1;2;92m21:53:16[0m [96mTYLERMASTERY2-[0m[1;96m6[0m [33m⏳ in transit [0m[1;33m([0m[33m~1h 45m[0m[1;33m)[0m[33m...[0m
[1;2;92m21:53:18[0m [37mTYLERMASTERY2-B[0m [2mno profitable arbitrage found — waiting 5min[0m
[1;2;92m21:53:18[0m [37mTYLERMASTERY2-A[0m [2mno profitable arbitrage found — waiting 5min[0m
[1;2;92m21:53:18[0m [36mTYLERMASTERY2-[0m[1;36m1[0m [33m🌡 cooldown 14s[0m
[1;2;92m21:53:20[0m [36mTYLERMASTERY2-[0m[1;36m1[0m [33m🌡 cooldown 12s[0m
[1;2;92m21:53:21[0m [96mTYLERMASTERY2-[0m[1;96m6[0m [33m⏳ in transit [0m[1;33m([0m[33m~1h 44m[0m[1;33m)[0m[33m...[0m
[3m                          [0m[1;3mFleet Status[0m[3m  [0m[3;32m1,644,234 cr[0m[3m  [0m[2;3m21:53:27[0m[3m                           [0m
                                                                                         
 [1m [0m[1mShip           [0m[1m [0m [1m [0m[1mRole     [0m[1m [0m [1m [0m[1mStatus   [0m[1m [0m [1m [0m[1mLocation  [0m[1m [0m [1m [0m[1m   Fuel[0m[1m [0m [1m [0m[1mCargo[0m[1m [0m [1m [0m[1mETA         [0m[1m [0m 
 ━━━━━━━━━━━━━━━━━━━━━━━━━━━━━━━━━━━━━━━━━━━━━━━━━━━━━━━━━━━━━━━━━━━━━━━━━━━━━━━━━━━━━━━ 
 [1m [0m[1;36mTYLERMASTERY2-1[0m[1m [0m  miner       [36m↑ orbit[0m     X1-KU6-B47   385/400   20/40                 
 [1m [0m[1;32mTYLERMASTERY2-2[0m[1m [0m  fleet-mgr   [33m✈ transit[0m   X1-KU6-A2          —     0/0   7m45s         
 [1m [0m[1;35mTYLERMASTERY2-3[0m[1m [0m  miner       [33m✈ transit[0m   X1-KU6-B7      79/80    0/15   [2m52m33s drift[0m  
 [1m [0m[1;33mTYLERMASTERY2-4[0m[1m [0m  surveyor    [36m↑ orbit[0m     X1-KU6-B46     21/80     0/0                 
 [1m [0m[1;34mTYLERMASTERY2-5[0m[1m [0m  hauler      [33m✈ transit[0m   X1-KU6-D53   220/600    0/80   7m31s         
 [1m [0m[1;96mTYLERMASTERY2-6[0m[1m [0m  siphoner    [33m✈ transit[0m   X1-KU6-C50     79/80   15/15   [2m1h44m drift[0m   
 [1m [0m[1;92mTYLERMASTERY2-7[0m[1m [0m  siphoner    [33m✈ transit[0m   X1-KU6-C50     79/80   15/15   [2m1h45m drift[0m   
 [1m [0m[1;95mTYLERMASTERY2-8[0m[1m [0m  siphoner    [33m✈ transit[0m   X1-KU6-B7      38/80   15/15   [2m1h49m drift[0m   
 [1m [0m[1;93mTYLERMASTERY2-9[0m[1m [0m  siphoner    [33m✈ transit[0m   X1-KU6-C50     79/80   15/15   [2m1h43m drift[0m   
 [1m [0m[1;37mTYLERMASTERY2-A[0m[1m [0m  trader      [32m⚓ docked[0m   X1-KU6-F58   600/600    0/80                 
 [1m [0m[1;37mTYLERMASTERY2-B[0m[1m [0m  trader      [32m⚓ docked[0m   X1-KU6-F58   600/600    0/80                 
 [1m [0m[1;37mTYLERMASTERY2-C[0m[1m [0m  miner       [33m✈ transit[0m   X1-KU6-B47     79/80    0/15   [2m2h6m drift[0m    
 [1m [0m[1;37mTYLERMASTERY2-D[0m[1m [0m  surveyor    [33m✈ transit[0m   X1-KU6-B46     79/80     0/0   [2m2h23m drift[0m   
                                                                                         
  Contract: [36m░░░░░░░░░░░░░░░░░░░░░░░░░░░░░░[0m [1;36m0[0m[1m/[0m[1;36m8[0m SHIP_PARTS → X1-KU6-A2 [1m([0m[1;32m0[0m[32m%[0m[1m)[0m
[1;2;92m21:53:28[0m [33mTYLERMASTERY2-[0m[1;33m4[0m [33m🌡 cooldown 55s[0m
[1;2;92m21:53:31[0m [93mTYLERMASTERY2-[0m[1;93m9[0m [33m⏳ in transit [0m[1;33m([0m[33m~1h 43m[0m[1;33m)[0m[33m...[0m
[1;2;92m21:53:33[0m [34mTYLERMASTERY2-[0m[1;34m5[0m [33m⏳ in transit [0m[1;33m([0m[33m~7m 26s[0m[1;33m)[0m[33m...[0m
[1;2;92m21:53:36[0m [35mTYLERMASTERY2-[0m[1;35m3[0m [33m⏳ in transit [0m[1;33m([0m[33m~52m 24s[0m[1;33m)[0m[33m...[0m
[1;2;92m21:53:37[0m   [36mTYLERMASTERY2-[0m[1;36m1[0m: 6x QUARTZ_SAND | __SELL_ONLY__: [1;36m0[0m | Cargo: [1;36m26[0m/[1;36m40[0m | 
CD: 80s
[1;2;92m21:53:39[0m [37mTYLERMASTERY2-D[0m [33m⏳ in transit [0m[1;33m([0m[33m~2h 23m[0m[1;33m)[0m[33m...[0m
[1;2;92m21:53:39[0m [92mTYLERMASTERY2-[0m[1;92m7[0m [33m⏳ in transit [0m[1;33m([0m[33m~1h 45m[0m[1;33m)[0m[33m...[0m
[1;2;92m21:53:40[0m [34mTYLERMASTERY2-[0m[1;34m5[0m [33m⏳ in transit [0m[1;33m([0m[33m~7m 19s[0m[1;33m)[0m[33m...[0m
[1;2;92m21:53:42[0m [33mTYLERMASTERY2-[0m[1;33m4[0m [33msurveyor error: [0m[1;33m[[0m[1;33m4000[0m[1;33m][0m[33m Ship action is still on cooldown for [0m[1;33m42[0m[33m [0m[1;33msecond[0m[1;33m([0m[33ms[0m[1;33m)[0m[33m.[0m
[1;2;92m21:53:44[0m [95mTYLERMASTERY2-[0m[1;95m8[0m [33m⏳ in transit [0m[1;33m([0m[33m~1h 49m[0m[1;33m)[0m[33m...[0m
[1;2;92m21:53:44[0m [33mTYLERMASTERY2-[0m[1;33m4[0m [33m🌡 cooldown 39s[0m
[1;2;92m21:53:45[0m [95mTYLERMASTERY2-[0m[1;95m8[0m [33m⏳ in transit [0m[1;33m([0m[33m~1h 49m[0m[1;33m)[0m[33m...[0m
[1;2;92m21:53:51[0m [93mTYLERMASTERY2-[0m[1;93m9[0m [33m⏳ in transit [0m[1;33m([0m[33m~1h 43m[0m[1;33m)[0m[33m...[0m
[1;2;92m21:53:54[0m [37mTYLERMASTERY2-D[0m [33m⏳ in transit [0m[1;33m([0m[33m~2h 22m[0m[1;33m)[0m[33m...[0m
[1;2;92m21:53:55[0m [37mTYLERMASTERY2-C[0m [33m⏳ in transit [0m[1;33m([0m[33m~2h 6m[0m[1;33m)[0m[33m...[0m
[1;2;92m21:53:56[0m [33mTYLERMASTERY2-[0m[1;33m4[0m [33m🌡 cooldown 27s[0m
[1;2;92m21:53:58[0m [36mTYLERMASTERY2-[0m[1;36m1[0m [33m🌡 cooldown 59s[0m
[1;2;92m21:53:59[0m [32mTYLERMASTERY2-[0m[1;32m2[0m [33m⏳ in transit [0m[1;33m([0m[33m~7m 13s[0m[1;33m)[0m[33m...[0m
[1;2;92m21:54:02[0m [92mTYLERMASTERY2-[0m[1;92m7[0m [33m⏳ in transit [0m[1;33m([0m[33m~1h 45m[0m[1;33m)[0m[33m...[0m
[3m                      [0m[1;3mFleet Status[0m[3m  [0m[3;32m1,644,234 cr[0m[3m  [0m[2;3m21:54:05[0m[3m                      [0m
                                                                                
 [1m [0m[1mShip     [0m[1m [0m [1m [0m[1mRole     [0m[1m [0m [1m [0m[1mStatus   [0m[1m [0m [1m [0m[1mLocation  [0m[1m [0m [1m [0m[1m   Fuel[0m[1m [0m [1m [0m[1mCargo[0m[1m [0m [1m [0m[1mETA      [0m[1m [0m 
 ━━━━━━━━━━━━━━━━━━━━━━━━━━━━━━━━━━━━━━━━━━━━━━━━━━━━━━━━━━━━━━━━━━━━━━━━━━━━━━ 
 [1m [0m[1;36mTYLERMAS…[0m[1m [0m  miner       [36m↑ orbit[0m     X1-KU6-B47   385/400   26/40              
 [1m [0m[1;32mTYLERMAS…[0m[1m [0m  fleet-mgr   [33m✈ transit[0m   X1-KU6-A2          —     0/0   7m6s       
 [1m [0m[1;35mTYLERMAS…[0m[1m [0m  miner       [33m✈ transit[0m   X1-KU6-B7      79/80    0/15   [2m51m54s [0m    
 [1m           [0m                                                         [2mdrift[0m      
 [1m [0m[1;33mTYLERMAS…[0m[1m [0m  surveyor    [36m↑ orbit[0m     X1-KU6-B46     21/80     0/0              
 [1m [0m[1;34mTYLERMAS…[0m[1m [0m  hauler      [33m✈ transit[0m   X1-KU6-D53   220/600    0/80   6m53s      
 [1m [0m[1;96mTYLERMAS…[0m[1m [0m  siphoner    [33m✈ transit[0m   X1-KU6-C50     79/80   15/15   [2m1h44m [0m     
 [1m           [0m                                                         [2mdrift[0m      
 [1m [0m[1;92mTYLERMAS…[0m[1m [0m  siphoner    [33m✈ transit[0m   X1-KU6-C50     79/80   15/15   [2m1h45m [0m     
 [1m           [0m                                                         [2mdrift[0m      
 [1m [0m[1;95mTYLERMAS…[0m[1m [0m  siphoner    [33m✈ transit[0m   X1-KU6-B7      38/80   15/15   [2m1h49m [0m     
 [1m           [0m                                                         [2mdrift[0m      
 [1m [0m[1;93mTYLERMAS…[0m[1m [0m  siphoner    [33m✈ transit[0m   X1-KU6-C50     79/80   15/15   [2m1h43m [0m     
 [1m           [0m                                                         [2mdrift[0m      
 [1m [0m[1;37mTYLERMAS…[0m[1m [0m  trader      [32m⚓ docked[0m   X1-KU6-F58   600/600    0/80              
 [1m [0m[1;37mTYLERMAS…[0m[1m [0m  trader      [32m⚓ docked[0m   X1-KU6-F58   600/600    0/80              
 [1m [0m[1;37mTYLERMAS…[0m[1m [0m  miner       [33m✈ transit[0m   X1-KU6-B47     79/80    0/15   [2m2h5m [0m      
 [1m           [0m                                                         [2mdrift[0m      
 [1m [0m[1;37mTYLERMAS…[0m[1m [0m  surveyor    [33m✈ transit[0m   X1-KU6-B46     79/80     0/0   [2m2h22m [0m     
 [1m           [0m                                                         [2mdrift[0m      
                                                                                
  Contract: [36m░░░░░░░░░░░░░░░░░░░░░░░░░░░░░░[0m [1;36m0[0m[1m/[0m[1;36m8[0m SHIP_PARTS → X1-KU6-A2 [1m([0m[1;32m0[0m[32m%[0m[1m)[0m
[1;2;92m21:54:08[0m [32mTYLERMASTERY2-[0m[1;32m2[0m [33m⏳ in transit [0m[1;33m([0m[33m~7m 4s[0m[1;33m)[0m[33m...[0m
[1;2;92m21:54:08[0m [36mTYLERMASTERY2-[0m[1;36m1[0m [33m🌡 cooldown 49s[0m
[1;2;92m21:54:10[0m [33mTYLERMASTERY2-[0m[1;33m4[0m [33m🌡 cooldown 14s[0m
[1;2;92m21:54:10[0m [33mTYLERMASTERY2-[0m[1;33m4[0m [33m🌡 cooldown 14s[0m
[1;2;92m21:54:19[0m [36mTYLERMASTERY2-[0m[1;36m1[0m [33m🌡 cooldown 38s[0m
[1;2;92m21:54:20[0m [33mTYLERMASTERY2-[0m[1;33m4[0m [33m🌡 cooldown 4s[0m
[1;2;92m21:54:21[0m [33mTYLERMASTERY2-[0m[1;33m4[0m [33m🌡 cooldown 3s[0m
[1;2;92m21:54:21[0m [37mTYLERMASTERY2-C[0m [33m⏳ in transit [0m[1;33m([0m[33m~2h 5m[0m[1;33m)[0m[33m...[0m
[1;2;92m21:54:29[0m [35m🔭 TYLERMASTERY2-[0m[1;35m4[0m[35m: [0m[1;35m1[0m[35m [0m[1;35msurvey[0m[1;35m([0m[35ms[0m[1;35m)[0m[35m added [0m[1;35m([0m[1;35m0x[0m[35m SHIP_PARTS hits[0m[1;35m)[0m[35m | pool: [0m[1;35m7[0m
[1;2;92m21:54:30[0m [96mTYLERMASTERY2-[0m[1;96m6[0m [33m⏳ in transit [0m[1;33m([0m[33m~1h 43m[0m[1;33m)[0m[33m...[0m
[1;2;92m21:54:32[0m [96mTYLERMASTERY2-[0m[1;96m6[0m [33m⏳ in transit [0m[1;33m([0m[33m~1h 43m[0m[1;33m)[0m[33m...[0m
[1;2;92m21:54:32[0m [36mTYLERMASTERY2-[0m[1;36m1[0m [33m🌡 cooldown 25s[0m
[1;2;92m21:54:34[0m [33mTYLERMASTERY2-[0m[1;33m4[0m [33m🌡 cooldown 64s[0m
[1;2;92m21:54:35[0m [35mTYLERMASTERY2-[0m[1;35m3[0m [33m⏳ in transit [0m[1;33m([0m[33m~51m 24s[0m[1;33m)[0m[33m...[0m
[1;2;92m21:54:38[0m [93mTYLERMASTERY2-[0m[1;93m9[0m [33m⏳ in transit [0m[1;33m([0m[33m~1h 42m[0m[1;33m)[0m[33m...[0m
[3m                          [0m[1;3mFleet Status[0m[3m  [0m[3;32m1,644,234 cr[0m[3m  [0m[2;3m21:54:39[0m[3m                           [0m
                                                                                         
 [1m [0m[1mShip           [0m[1m [0m [1m [0m[1mRole     [0m[1m [0m [1m [0m[1mStatus   [0m[1m [0m [1m [0m[1mLocation  [0m[1m [0m [1m [0m[1m   Fuel[0m[1m [0m [1m [0m[1mCargo[0m[1m [0m [1m [0m[1mETA         [0m[1m [0m 
 ━━━━━━━━━━━━━━━━━━━━━━━━━━━━━━━━━━━━━━━━━━━━━━━━━━━━━━━━━━━━━━━━━━━━━━━━━━━━━━━━━━━━━━━ 
 [1m [0m[1;36mTYLERMASTERY2-1[0m[1m [0m  miner       [36m↑ orbit[0m     X1-KU6-B47   385/400   26/40                 
 [1m [0m[1;32mTYLERMASTERY2-2[0m[1m [0m  fleet-mgr   [33m✈ transit[0m   X1-KU6-A2          —     0/0   6m33s         
 [1m [0m[1;35mTYLERMASTERY2-3[0m[1m [0m  miner       [33m✈ transit[0m   X1-KU6-B7      79/80    0/15   [2m51m21s drift[0m  
 [1m [0m[1;33mTYLERMASTERY2-4[0m[1m [0m  surveyor    [36m↑ orbit[0m     X1-KU6-B46     21/80     0/0                 
 [1m [0m[1;34mTYLERMASTERY2-5[0m[1m [0m  hauler      [33m✈ transit[0m   X1-KU6-D53   220/600    0/80   6m20s         
 [1m [0m[1;96mTYLERMASTERY2-6[0m[1m [0m  siphoner    [33m✈ transit[0m   X1-KU6-C50     79/80   15/15   [2m1h43m drift[0m   
 [1m [0m[1;92mTYLERMASTERY2-7[0m[1m [0m  siphoner    [33m✈ transit[0m   X1-KU6-C50     79/80   15/15   [2m1h44m drift[0m   
 [1m [0m[1;95mTYLERMASTERY2-8[0m[1m [0m  siphoner    [33m✈ transit[0m   X1-KU6-B7      38/80   15/15   [2m1h48m drift[0m   
 [1m [0m[1;93mTYLERMASTERY2-9[0m[1m [0m  siphoner    [33m✈ transit[0m   X1-KU6-C50     79/80   15/15   [2m1h42m drift[0m   
 [1m [0m[1;37mTYLERMASTERY2-A[0m[1m [0m  trader      [32m⚓ docked[0m   X1-KU6-F58   600/600    0/80                 
 [1m [0m[1;37mTYLERMASTERY2-B[0m[1m [0m  trader      [32m⚓ docked[0m   X1-KU6-F58   600/600    0/80                 
 [1m [0m[1;37mTYLERMASTERY2-C[0m[1m [0m  miner       [33m✈ transit[0m   X1-KU6-B47     79/80    0/15   [2m2h5m drift[0m    
 [1m [0m[1;37mTYLERMASTERY2-D[0m[1m [0m  surveyor    [33m✈ transit[0m   X1-KU6-B46     79/80     0/0   [2m2h22m drift[0m   
                                                                                         
  Contract: [36m░░░░░░░░░░░░░░░░░░░░░░░░░░░░░░[0m [1;36m0[0m[1m/[0m[1;36m8[0m SHIP_PARTS → X1-KU6-A2 [1m([0m[1;32m0[0m[32m%[0m[1m)[0m
[1;2;92m21:54:39[0m [34mTYLERMASTERY2-[0m[1;34m5[0m [33m⏳ in transit [0m[1;33m([0m[33m~6m 20s[0m[1;33m)[0m[33m...[0m
[1;2;92m21:54:41[0m [35mTYLERMASTERY2-[0m[1;35m3[0m [33m⏳ in transit [0m[1;33m([0m[33m~51m 19s[0m[1;33m)[0m[33m...[0m
[1;2;92m21:54:41[0m [92mTYLERMASTERY2-[0m[1;92m7[0m [33m⏳ in transit [0m[1;33m([0m[33m~1h 44m[0m[1;33m)[0m[33m...[0m
[1;2;92m21:54:42[0m [37mTYLERMASTERY2-D[0m [33m⏳ in transit [0m[1;33m([0m[33m~2h 22m[0m[1;33m)[0m[33m...[0m
[1;2;92m21:54:42[0m [34mTYLERMASTERY2-[0m[1;34m5[0m [33m⏳ in transit [0m[1;33m([0m[33m~6m 16s[0m[1;33m)[0m[33m...[0m
[1;2;92m21:54:45[0m [95mTYLERMASTERY2-[0m[1;95m8[0m [33m⏳ in transit [0m[1;33m([0m[33m~1h 48m[0m[1;33m)[0m[33m...[0m
[1;2;92m21:54:46[0m [95mTYLERMASTERY2-[0m[1;95m8[0m [33m⏳ in transit [0m[1;33m([0m[33m~1h 48m[0m[1;33m)[0m[33m...[0m
[1;2;92m21:54:53[0m [93mTYLERMASTERY2-[0m[1;93m9[0m [33m⏳ in transit [0m[1;33m([0m[33m~1h 42m[0m[1;33m)[0m[33m...[0m
[1;2;92m21:54:54[0m [36mTYLERMASTERY2-[0m[1;36m1[0m [33m🌡 cooldown 3s[0m
[1;2;92m21:54:58[0m [33mTYLERMASTERY2-[0m[1;33m4[0m [33m🌡 cooldown 41s[0m
[1;2;92m21:55:09[0m   [36mTYLERMASTERY2-[0m[1;36m1[0m: 5x QUARTZ_SAND | __SELL_ONLY__: [1;36m0[0m | Cargo: [1;36m31[0m/[1;36m40[0m | 
CD: 80s
[3m                      [0m[1;3mFleet Status[0m[3m  [0m[3;32m1,644,234 cr[0m[3m  [0m[2;3m21:55:09[0m[3m                      [0m
                                                                                
 [1m [0m[1mShip     [0m[1m [0m [1m [0m[1mRole     [0m[1m [0m [1m [0m[1mStatus   [0m[1m [0m [1m [0m[1mLocation  [0m[1m [0m [1m [0m[1m   Fuel[0m[1m [0m [1m [0m[1mCargo[0m[1m [0m [1m [0m[1mETA      [0m[1m [0m 
 ━━━━━━━━━━━━━━━━━━━━━━━━━━━━━━━━━━━━━━━━━━━━━━━━━━━━━━━━━━━━━━━━━━━━━━━━━━━━━━ 
 [1m [0m[1;36mTYLERMAS…[0m[1m [0m  miner       [36m↑ orbit[0m     X1-KU6-B47   385/400   26/40              
 [1m [0m[1;32mTYLERMAS…[0m[1m [0m  fleet-mgr   [33m✈ transit[0m   X1-KU6-A2          —     0/0   6m2s       
 [1m [0m[1;35mTYLERMAS…[0m[1m [0m  miner       [33m✈ transit[0m   X1-KU6-B7      79/80    0/15   [2m50m51s [0m    
 [1m           [0m                                                         [2mdrift[0m      
 [1m [0m[1;33mTYLERMAS…[0m[1m [0m  surveyor    [36m↑ orbit[0m     X1-KU6-B46     21/80     0/0              
 [1m [0m[1;34mTYLERMAS…[0m[1m [0m  hauler      [33m✈ transit[0m   X1-KU6-D53   220/600    0/80   5m49s      
 [1m [0m[1;96mTYLERMAS…[0m[1m [0m  siphoner    [33m✈ transit[0m   X1-KU6-C50     79/80   15/15   [2m1h43m [0m     
 [1m           [0m                                                         [2mdrift[0m      
 [1m [0m[1;92mTYLERMAS…[0m[1m [0m  siphoner    [33m✈ transit[0m   X1-KU6-C50     79/80   15/15   [2m1h43m [0m     
 [1m           [0m                                                         [2mdrift[0m      
 [1m [0m[1;95mTYLERMAS…[0m[1m [0m  siphoner    [33m✈ transit[0m   X1-KU6-B7      38/80   15/15   [2m1h48m [0m     
 [1m           [0m                                                         [2mdrift[0m      
 [1m [0m[1;93mTYLERMAS…[0m[1m [0m  siphoner    [33m✈ transit[0m   X1-KU6-C50     79/80   15/15   [2m1h42m [0m     
 [1m           [0m                                                         [2mdrift[0m      
 [1m [0m[1;37mTYLERMAS…[0m[1m [0m  trader      [32m⚓ docked[0m   X1-KU6-F58   600/600    0/80              
 [1m [0m[1;37mTYLERMAS…[0m[1m [0m  trader      [32m⚓ docked[0m   X1-KU6-F58   600/600    0/80              
 [1m [0m[1;37mTYLERMAS…[0m[1m [0m  miner       [33m✈ transit[0m   X1-KU6-B47     79/80    0/15   [2m2h4m [0m      
 [1m           [0m                                                         [2mdrift[0m      
 [1m [0m[1;37mTYLERMAS…[0m[1m [0m  surveyor    [33m✈ transit[0m   X1-KU6-B46     79/80     0/0   [2m2h21m [0m     
 [1m           [0m                                                         [2mdrift[0m      
                                                                                
  Contract: [36m░░░░░░░░░░░░░░░░░░░░░░░░░░░░░░[0m [1;36m0[0m[1m/[0m[1;36m8[0m SHIP_PARTS → X1-KU6-A2 [1m([0m[1;32m0[0m[32m%[0m[1m)[0m
[1;2;92m21:55:10[0m [36mTYLERMASTERY2-[0m[1;36m1[0m [33m🌡 cooldown 79s[0m
[1;2;92m21:55:10[0m [33mTYLERMASTERY2-[0m[1;33m4[0m [33m🌡 cooldown 29s[0m
[1;2;92m21:55:10[0m [36mTYLERMASTERY2-[0m[1;36m1[0m [31mextract error: [0m[1;31m[[0m[1;31m4000[0m[1;31m][0m[31m Ship action is still on cooldown for [0m[1;31m79[0m[31m [0m[1;31msecond[0m[1;31m([0m[31ms[0m[1;31m)[0m[31m.[0m
[1;2;92m21:55:14[0m [32mTYLERMASTERY2-[0m[1;32m2[0m [33m⏳ in transit [0m[1;33m([0m[33m~5m 58s[0m[1;33m)[0m[33m...[0m
[1;2;92m21:55:15[0m [32mTYLERMASTERY2-[0m[1;32m2[0m [33m⏳ in transit [0m[1;33m([0m[33m~5m 57s[0m[1;33m)[0m[33m...[0m
[36m╭──────────────────────────────────────────────────────────────────────────────╮[0m
[36m│[0m [1;36mSpaceTraders Automation[0m                                                      [36m│[0m
[36m│[0m Goal: Complete contracts → buy ships → upgrade → repeat indefinitely         [36m│[0m
[36m╰──────────────────────────────────────────────────────────────────────────────╯[0m
[1;2;92m21:55:17[0m [36mAgent: TYLERMASTERY2 | HQ: X1-KU6-A1 | System: X1-KU6[0m
[1;2;92m21:55:17[0m [36mLoaded config from DB: [0m[36mASTEROID[0m[36m=[0m[36mX1[0m[36m-KU6-B46 | [0m[36mBASE[0m[36m=[0m[36mX1[0m[36m-KU6-B7[0m
[1;2;92m21:55:17[0m [36mShipyards: [0m[1;36m[[0m[36m'X1-KU6-A2'[0m[36m, [0m[36m'X1-KU6-C51'[0m[36m, [0m[36m'X1-KU6-H62'[0m[1;36m][0m[36m | HQ: X1-KU6-A1[0m
[1;2;92m21:55:17[0m [2mWarm-loaded [0m[1;2;36m28[0m[2m markets, [0m[1;2;36m47[0m[2m goods from DB[0m
[1;2;92m21:55:17[0m [2mWarm-loaded [0m[1;2;36m12[0m[2m active [0m[1;2;35msurvey[0m[1;2m([0m[2ms[0m[1;2m)[0m[2m from DB[0m
[1;2;92m21:55:17[0m [2mScanning system for markets[0m[2;33m...[0m
[1;2;92m21:55:31[0m [2mFound [0m[1;2;36m28[0m[2m [0m[1;2;35mmarket[0m[1;2m([0m[2ms[0m[1;2m)[0m[2m: X1-KU6-A1, X1-KU6-CD5E, X1-KU6-B6, X1-KU6-B7, [0m
[2mX1-KU6-C52, X1-KU6-D53, X1-KU6-E55, X1-KU6-F57, X1-KU6-G59, X1-KU6-H61, [0m
[2mX1-KU6-I65, X1-KU6-I66, X1-KU6-J67, X1-KU6-J68, X1-KU6-K90, X1-KU6-A2, [0m
[2mX1-KU6-A3, X1-KU6-A4, X1-KU6-C51, X1-KU6-D54, X1-KU6-E56, X1-KU6-F58, [0m
[2mX1-KU6-H62, X1-KU6-H63, X1-KU6-H64, X1-KU6-K92, X1-KU6-K93, X1-KU6-K94[0m
[1;2;92m21:56:34[0m [2mGood sources: [0m[1;2;36m47[0m[2m goods indexed, [0m[1;2;36m45[0m[2m buyable goods across [0m[1;2;36m28[0m[2m markets[0m
[1;2;92m21:56:45[0m [1m─── Loop [0m[1;36m1[0m[1m | Credits: [0m[1;36m1[0m[1m,[0m[1;36m644[0m[1m,[0m[1;36m234[0m[1m | Ships: [0m[1;36m13[0m[1m ───[0m
[33m╭─[0m[33m─────────────────────────────[0m[33m Working Contract [0m[33m─────────────────────────────[0m[33m─╮[0m
[33m│[0m [1mContract:[0m cmq8w1h97h6tvri6z1zgnk7xw                                          [33m│[0m
[33m│[0m [1mType:[0m PROCUREMENT                                                            [33m│[0m
[33m│[0m [1mPayment:[0m 25,087 + 83,985 cr                                                  [33m│[0m
[33m│[0m [1mAccepted:[0m True                                                               [33m│[0m
[33m╰──────────────────────────────────────────────────────────────────────────────╯[0m
[1;2;92m21:57:11[0m   Deliver: 8x SHIP_PARTS → X1-KU6-A2 [1m([0m[1;36m0[0m done[1m)[0m
[1;2;92m21:57:12[0m [36mDirect-buy contract: hauler TYLERMASTERY2-[0m[1;36m5[0m[36m handles buy/deliver; [0m[1;36m3[0m[36m [0m
[1;36mminer[0m[1;36m([0m[36ms[0m[1;36m)[0m[36m mine for income[0m
[1;2;92m21:57:12[0m [1mLaunching [0m[1;36m3[0m[1m miner [0m[1;35mthread[0m[1m([0m[1ms[0m[1m)[0m[1m: [0m[1m[[0m[1;32m'TYLERMASTERY2-1'[0m[1m, [0m[1;32m'TYLERMASTERY2-3'[0m[1m, [0m
[1;32m'TYLERMASTERY2-C'[0m[1m][0m
[1;2;92m21:57:12[0m [35mLaunching [0m[1;35m2[0m[35m surveyor [0m[1;35mthread[0m[1;35m([0m[35ms[0m[1;35m)[0m[35m: [0m[1;35m[[0m[35m'TYLERMASTERY2-4'[0m[35m, [0m[35m'TYLERMASTERY2-D'[0m[1;35m][0m
[1;2;92m21:57:12[0m [34mLaunching [0m[1;34m1[0m[34m [0m[1;34mhauler[0m[1;34m([0m[34ms[0m[1;34m)[0m[34m as contract [0m[1;34mbuyer[0m[1;34m([0m[34ms[0m[1;34m)[0m[34m: [0m[1;34m[[0m[34m'TYLERMASTERY2-5'[0m[1;34m][0m
[1;2;92m21:57:12[0m [34mLaunching [0m[1;34m2[0m[34m [0m[1;34mhauler[0m[1;34m([0m[34ms[0m[1;34m)[0m[34m as [0m[1;34mtrader[0m[1;34m([0m[34ms[0m[1;34m)[0m[34m [0m[1;34m([0m[34mdirect-buy contract[0m[1;34m)[0m[34m: [0m
[1;34m[[0m[34m'TYLERMASTERY2-A'[0m[34m, [0m[34m'TYLERMASTERY2-B'[0m[1;34m][0m
[1;2;92m21:57:12[0m [34mLaunching [0m[1;34m4[0m[34m siphoner [0m[1;34mthread[0m[1;34m([0m[34ms[0m[1;34m)[0m[34m: [0m[1;34m[[0m[34m'TYLERMASTERY2-6'[0m[34m, [0m[34m'TYLERMASTERY2-7'[0m[34m, [0m
[34m'TYLERMASTERY2-8'[0m[34m, [0m[34m'TYLERMASTERY2-9'[0m[1;34m][0m
[1;2;92m21:57:12[0m [33mTYLERMASTERY2-[0m[1;33m4[0m [35m🔭 surveyor thread started[0m
[1;2;92m21:57:12[0m [37mTYLERMASTERY2-D[0m [35m🔭 surveyor thread started[0m
[1;2;92m21:57:12[0m [37mTYLERMASTERY2-A[0m [35m💹 trader thread started[0m
[1;2;92m21:57:12[0m [37mTYLERMASTERY2-B[0m [35m💹 trader thread started[0m
[1;2;92m21:57:12[0m [96mTYLERMASTERY2-[0m[1;96m6[0m [34m🌀 siphon thread started[0m
[1;2;92m21:57:12[0m [92mTYLERMASTERY2-[0m[1;92m7[0m [34m🌀 siphon thread started[0m
[1;2;92m21:57:12[0m [95mTYLERMASTERY2-[0m[1;95m8[0m [34m🌀 siphon thread started[0m
[1;2;92m21:57:12[0m [93mTYLERMASTERY2-[0m[1;93m9[0m [34m🌀 siphon thread started[0m
[1;2;92m21:57:12[0m [2m⚙  Fleet manager thread started[0m
[1;2;92m21:57:12[0m [95mTYLERMASTERY2-[0m[1;95m8[0m [34m🌀 targeting gas giant X1-KU6-C50[0m
[1;2;92m21:57:12[0m [96mTYLERMASTERY2-[0m[1;96m6[0m [34m🌀 targeting gas giant X1-KU6-C50[0m
[1;2;92m21:57:12[0m [92mTYLERMASTERY2-[0m[1;92m7[0m [34m🌀 targeting gas giant X1-KU6-C50[0m
[1;2;92m21:57:12[0m [37mTYLERMASTERY2-A[0m [2mno profitable arbitrage found — waiting 5min[0m
[1;2;92m21:57:12[0m [93mTYLERMASTERY2-[0m[1;93m9[0m [34m🌀 targeting gas giant X1-KU6-C50[0m
[1;2;92m21:57:12[0m [37mTYLERMASTERY2-B[0m [2mno profitable arbitrage found — waiting 5min[0m
[1;2;92m21:57:12[0m [95mTYLERMASTERY2-[0m[1;95m8[0m [33mno reachable intermediate waypoint en route to [0m
[33mX1-KU6-C50 — will drift[0m
[1;2;92m21:57:12[0m [2mAsteroid cache: [0m[1;2;36m63[0m[2m candidates loaded[0m
[1;2;92m21:57:12[0m [34mTYLERMASTERY2-[0m[1;34m5[0m [36msell-only → X1-KU6-B47 [0m[1;36m([0m[36mdist [0m[1;36m15[0m[36m, fuel cap [0m[1;36m600[0m[1;36m)[0m
[1;2;92m21:57:12[0m [34mTYLERMASTERY2-[0m[1;34m5[0m [36m⚓ thread started | mining: SHIP_PARTS → X1-KU6-A2[0m
[1;2;92m21:57:12[0m [36mTYLERMASTERY2-[0m[1;36m1[0m [36msell-only → X1-KU6-B47 [0m[1;36m([0m[36mdist [0m[1;36m15[0m[36m, fuel cap [0m[1;36m400[0m[1;36m)[0m
[1;2;92m21:57:12[0m [36mTYLERMASTERY2-[0m[1;36m1[0m [36m⚓ thread started | mining: __SELL_ONLY__ → X1-KU6-B7[0m
[1;2;92m21:57:12[0m [35mTYLERMASTERY2-[0m[1;35m3[0m [36msell-only → X1-KU6-B47 [0m[1;36m([0m[36mdist [0m[1;36m15[0m[36m, fuel cap [0m[1;36m80[0m[1;36m)[0m
[1;2;92m21:57:12[0m [35mTYLERMASTERY2-[0m[1;35m3[0m [36m⚓ thread started | mining: __SELL_ONLY__ → X1-KU6-B7[0m
[1;2;92m21:57:12[0m [37mTYLERMASTERY2-C[0m [36msell-only → X1-KU6-B47 [0m[1;36m([0m[36mdist [0m[1;36m15[0m[36m, fuel cap [0m[1;36m80[0m[1;36m)[0m
[1;2;92m21:57:12[0m [37mTYLERMASTERY2-C[0m [36m⚓ thread started | mining: __SELL_ONLY__ → X1-KU6-B7[0m
[1;2;92m21:57:13[0m [34mTYLERMASTERY2-[0m[1;34m5[0m [2mpreflight refuel at X1-KU6-B7 [0m[1;2m([0m[2;33mwp[0m[2m=[0m[2;35mX1[0m[2m-KU6-D53, [0m
[2;33mfuel[0m[2m=[0m[1;2;36m220[0m[2m/[0m[1;2;36m600[0m[1;2m)[0m
[1;2;92m21:57:15[0m [34mTYLERMASTERY2-[0m[1;34m5[0m [2mrefuel hop → X1-KU6-F57 [0m[1;2m([0m[2men route to X1-KU6-B7[0m[1;2m)[0m
[1;2;92m21:57:19[0m [92mTYLERMASTERY2-[0m[1;92m7[0m [33m⏳ in transit [0m[1;33m([0m[33m~1h 41m[0m[1;33m)[0m[33m...[0m
[1;2;92m21:57:19[0m [93mTYLERMASTERY2-[0m[1;93m9[0m [33m⏳ in transit [0m[1;33m([0m[33m~1h 40m[0m[1;33m)[0m[33m...[0m
[1;2;92m21:57:25[0m [95mTYLERMASTERY2-[0m[1;95m8[0m [33m⏳ in transit [0m[1;33m([0m[33m~1h 45m[0m[1;33m)[0m[33m...[0m
[1;2;92m21:57:28[0m [96mTYLERMASTERY2-[0m[1;96m6[0m [33m⏳ in transit [0m[1;33m([0m[33m~1h 40m[0m[1;33m)[0m[33m...[0m
[1;2;92m21:57:30[0m 📡 Surveying asteroid for better yields[33m...[0m
[1;2;92m21:57:36[0m [37mTYLERMASTERY2-D[0m [33m⏳ in transit [0m[1;33m([0m[33m~2h 19m[0m[1;33m)[0m[33m...[0m
[1;2;92m21:57:41[0m [35m🔭 TYLERMASTERY2-[0m[1;35m4[0m[35m: [0m[1;35m1[0m[35m [0m[1;35msurvey[0m[1;35m([0m[35ms[0m[1;35m)[0m[35m added [0m[1;35m([0m[1;35m0x[0m[35m SHIP_PARTS hits[0m[1;35m)[0m[35m | pool: [0m[1;35m13[0m
[1;2;92m21:57:42[0m [37mTYLERMASTERY2-C[0m [33m⏳ in transit [0m[1;33m([0m[33m~2h 2m[0m[1;33m)[0m[33m...[0m
[1;2;92m21:57:46[0m [34mTYLERMASTERY2-[0m[1;34m5[0m [33m⏳ in transit [0m[1;33m([0m[33m~3m 13s[0m[1;33m)[0m[33m...[0m
[1;2;92m21:57:47[0m [35mTYLERMASTERY2-[0m[1;35m3[0m [33m⏳ in transit [0m[1;33m([0m[33m~48m 13s[0m[1;33m)[0m[33m...[0m
[1;2;92m21:57:48[0m [33mTYLERMASTERY2-[0m[1;33m4[0m [33m🌡 cooldown 63s[0m
[1;2;92m21:57:49[0m [2mNo focused survey found, using generic survey[0m
[1;2;92m21:57:54[0m [36mTYLERMASTERY2-[0m[1;36m1[0m [33m🌡 cooldown 86s[0m
[1;2;92m21:58:00[0m [33mTYLERMASTERY2-[0m[1;33m4[0m [33m🌡 cooldown 51s[0m
[1;2;92m21:58:07[0m [36mTYLERMASTERY2-[0m[1;36m1[0m [33m🌡 cooldown 73s[0m
[1;2;92m21:58:10[0m [33mTYLERMASTERY2-[0m[1;33m4[0m [33m🌡 cooldown 40s[0m
[3m                      [0m[1;3mFleet Status[0m[3m  [0m[3;32m1,644,234 cr[0m[3m  [0m[2;3m21:58:13[0m[3m                      [0m
                                                                                
 [1m [0m[1mShip     [0m[1m [0m [1m [0m[1mRole     [0m[1m [0m [1m [0m[1mStatus   [0m[1m [0m [1m [0m[1mLocation  [0m[1m [0m [1m [0m[1m   Fuel[0m[1m [0m [1m [0m[1mCargo[0m[1m [0m [1m [0m[1mETA      [0m[1m [0m 
 ━━━━━━━━━━━━━━━━━━━━━━━━━━━━━━━━━━━━━━━━━━━━━━━━━━━━━━━━━━━━━━━━━━━━━━━━━━━━━━ 
 [1m [0m[1;36mTYLERMAS…[0m[1m [0m  miner       [36m↑ orbit[0m     X1-KU6-B47   385/400   31/40              
 [1m [0m[1;32mTYLERMAS…[0m[1m [0m  fleet-mgr   [33m✈ transit[0m   X1-KU6-A2          —     0/0   2m59s      
 [1m [0m[1;35mTYLERMAS…[0m[1m [0m  miner       [33m✈ transit[0m   X1-KU6-B7      79/80    0/15   [2m47m47s [0m    
 [1m           [0m                                                         [2mdrift[0m      
 [1m [0m[1;33mTYLERMAS…[0m[1m [0m  surveyor    [36m↑ orbit[0m     X1-KU6-B46     21/80     0/0              
 [1m [0m[1;34mTYLERMAS…[0m[1m [0m  hauler      [33m✈ transit[0m   X1-KU6-D53   220/600    0/80   2m46s      
 [1m [0m[1;96mTYLERMAS…[0m[1m [0m  siphoner    [33m✈ transit[0m   X1-KU6-C50     79/80   15/15   [2m1h40m [0m     
 [1m           [0m                                                         [2mdrift[0m      
 [1m [0m[1;92mTYLERMAS…[0m[1m [0m  siphoner    [33m✈ transit[0m   X1-KU6-C50     79/80   15/15   [2m1h40m [0m     
 [1m           [0m                                                         [2mdrift[0m      
 [1m [0m[1;95mTYLERMAS…[0m[1m [0m  siphoner    [33m✈ transit[0m   X1-KU6-B7      38/80   15/15   [2m1h45m [0m     
 [1m           [0m                                                         [2mdrift[0m      
 [1m [0m[1;93mTYLERMAS…[0m[1m [0m  siphoner    [33m✈ transit[0m   X1-KU6-C50     79/80   15/15   [2m1h39m [0m     
 [1m           [0m                                                         [2mdrift[0m      
 [1m [0m[1;37mTYLERMAS…[0m[1m [0m  trader      [32m⚓ docked[0m   X1-KU6-F58   600/600    0/80              
 [1m [0m[1;37mTYLERMAS…[0m[1m [0m  trader      [32m⚓ docked[0m   X1-KU6-F58   600/600    0/80              
 [1m [0m[1;37mTYLERMAS…[0m[1m [0m  miner       [33m✈ transit[0m   X1-KU6-B47     79/80    0/15   [2m2h1m [0m      
 [1m           [0m                                                         [2mdrift[0m      
 [1m [0m[1;37mTYLERMAS…[0m[1m [0m  surveyor    [33m✈ transit[0m   X1-KU6-B46     79/80     0/0   [2m2h18m [0m     
 [1m           [0m                                                         [2mdrift[0m      
                                                                                
  Contract: [36m░░░░░░░░░░░░░░░░░░░░░░░░░░░░░░[0m [1;36m0[0m[1m/[0m[1;36m8[0m SHIP_PARTS → X1-KU6-A2 [1m([0m[1;32m0[0m[32m%[0m[1m)[0m
[1;2;92m21:58:18[0m [36mTYLERMASTERY2-[0m[1;36m1[0m [33m🌡 cooldown 63s[0m
[1;2;92m21:58:21[0m [33mTYLERMASTERY2-[0m[1;33m4[0m [33m🌡 cooldown 30s[0m
[1;2;92m21:58:23[0m [92mTYLERMASTERY2-[0m[1;92m7[0m [33m⏳ in transit [0m[1;33m([0m[33m~1h 40m[0m[1;33m)[0m[33m...[0m
[1;2;92m21:58:23[0m [93mTYLERMASTERY2-[0m[1;93m9[0m [33m⏳ in transit [0m[1;33m([0m[33m~1h 39m[0m[1;33m)[0m[33m...[0m
[1;2;92m21:58:28[0m [36mTYLERMASTERY2-[0m[1;36m1[0m [33m🌡 cooldown 52s[0m
[1;2;92m21:58:29[0m [96mTYLERMASTERY2-[0m[1;96m6[0m [33m⏳ in transit [0m[1;33m([0m[33m~1h 39m[0m[1;33m)[0m[33m...[0m
[1;2;92m21:58:30[0m [95mTYLERMASTERY2-[0m[1;95m8[0m [33m⏳ in transit [0m[1;33m([0m[33m~1h 44m[0m[1;33m)[0m[33m...[0m
[1;2;92m21:58:31[0m [33mTYLERMASTERY2-[0m[1;33m4[0m [33m🌡 cooldown 20s[0m
[1;2;92m21:58:40[0m [37mTYLERMASTERY2-D[0m [33m⏳ in transit [0m[1;33m([0m[33m~2h 18m[0m[1;33m)[0m[33m...[0m
[1;2;92m21:58:43[0m [33mTYLERMASTERY2-[0m[1;33m4[0m [33m🌡 cooldown 8s[0m
[1;2;92m21:58:43[0m [37mTYLERMASTERY2-C[0m [33m⏳ in transit [0m[1;33m([0m[33m~2h 1m[0m[1;33m)[0m[33m...[0m
[1;2;92m21:58:46[0m [36mTYLERMASTERY2-[0m[1;36m1[0m [33m🌡 cooldown 34s[0m
[1;2;92m21:58:47[0m [34mTYLERMASTERY2-[0m[1;34m5[0m [33m⏳ in transit [0m[1;33m([0m[33m~2m 12s[0m[1;33m)[0m[33m...[0m
[1;2;92m21:58:48[0m [35mTYLERMASTERY2-[0m[1;35m3[0m [33m⏳ in transit [0m[1;33m([0m[33m~47m 12s[0m[1;33m)[0m[33m...[0m
[1;2;92m21:58:58[0m [36mTYLERMASTERY2-[0m[1;36m1[0m [33m🌡 cooldown 22s[0m
[1;2;92m21:59:09[0m [35m🔭 TYLERMASTERY2-[0m[1;35m4[0m[35m: [0m[1;35m1[0m[35m [0m[1;35msurvey[0m[1;35m([0m[35ms[0m[1;35m)[0m[35m added [0m[1;35m([0m[1;35m0x[0m[35m SHIP_PARTS hits[0m[1;35m)[0m[35m | pool: [0m[1;35m14[0m
[1;2;92m21:59:10[0m [36mTYLERMASTERY2-[0m[1;36m1[0m [33m🌡 cooldown 10s[0m
[1;2;92m21:59:11[0m [33mTYLERMASTERY2-[0m[1;33m4[0m [33m🌡 cooldown 68s[0m
[1;2;92m21:59:14[0m [32mTYLERMASTERY2-[0m[1;32m2[0m [2malready en route to X1-KU6-A2 — waiting[0m[2;33m...[0m
[3m                      [0m[1;3mFleet Status[0m[3m  [0m[3;32m1,644,234 cr[0m[3m  [0m[2;3m21:59:14[0m[3m                      [0m
                                                                                
 [1m [0m[1mShip     [0m[1m [0m [1m [0m[1mRole     [0m[1m [0m [1m [0m[1mStatus   [0m[1m [0m [1m [0m[1mLocation  [0m[1m [0m [1m [0m[1m   Fuel[0m[1m [0m [1m [0m[1mCargo[0m[1m [0m [1m [0m[1mETA      [0m[1m [0m 
 ━━━━━━━━━━━━━━━━━━━━━━━━━━━━━━━━━━━━━━━━━━━━━━━━━━━━━━━━━━━━━━━━━━━━━━━━━━━━━━ 
 [1m [0m[1;36mTYLERMAS…[0m[1m [0m  miner       [36m↑ orbit[0m     X1-KU6-B47   385/400   31/40              
 [1m [0m[1;32mTYLERMAS…[0m[1m [0m  fleet-mgr   [33m✈ transit[0m   X1-KU6-A2          —     0/0   1m58s      
 [1m [0m[1;35mTYLERMAS…[0m[1m [0m  miner       [33m✈ transit[0m   X1-KU6-B7      79/80    0/15   [2m46m46s [0m    
 [1m           [0m                                                         [2mdrift[0m      
 [1m [0m[1;33mTYLERMAS…[0m[1m [0m  surveyor    [36m↑ orbit[0m     X1-KU6-B46     21/80     0/0              
 [1m [0m[1;34mTYLERMAS…[0m[1m [0m  hauler      [33m✈ transit[0m   X1-KU6-D53   220/600    0/80   1m45s      
 [1m [0m[1;96mTYLERMAS…[0m[1m [0m  siphoner    [33m✈ transit[0m   X1-KU6-C50     79/80   15/15   [2m1h39m [0m     
 [1m           [0m                                                         [2mdrift[0m      
 [1m [0m[1;92mTYLERMAS…[0m[1m [0m  siphoner    [33m✈ transit[0m   X1-KU6-C50     79/80   15/15   [2m1h39m [0m     
 [1m           [0m                                                         [2mdrift[0m      
 [1m [0m[1;95mTYLERMAS…[0m[1m [0m  siphoner    [33m✈ transit[0m   X1-KU6-B7      38/80   15/15   [2m1h44m [0m     
 [1m           [0m                                                         [2mdrift[0m      
 [1m [0m[1;93mTYLERMAS…[0m[1m [0m  siphoner    [33m✈ transit[0m   X1-KU6-C50     79/80   15/15   [2m1h38m [0m     
 [1m           [0m                                                         [2mdrift[0m      
 [1m [0m[1;37mTYLERMAS…[0m[1m [0m  trader      [32m⚓ docked[0m   X1-KU6-F58   600/600    0/80              
 [1m [0m[1;37mTYLERMAS…[0m[1m [0m  trader      [32m⚓ docked[0m   X1-KU6-F58   600/600    0/80              
 [1m [0m[1;37mTYLERMAS…[0m[1m [0m  miner       [33m✈ transit[0m   X1-KU6-B47     79/80    0/15   [2m2h0m [0m      
 [1m           [0m                                                         [2mdrift[0m      
 [1m [0m[1;37mTYLERMAS…[0m[1m [0m  surveyor    [33m✈ transit[0m   X1-KU6-B46     79/80     0/0   [2m2h17m [0m     
 [1m           [0m                                                         [2mdrift[0m      
                                                                                
  Contract: [36m░░░░░░░░░░░░░░░░░░░░░░░░░░░░░░[0m [1;36m0[0m[1m/[0m[1;36m8[0m SHIP_PARTS → X1-KU6-A2 [1m([0m[1;32m0[0m[32m%[0m[1m)[0m
[1;2;92m21:59:14[0m [32mTYLERMASTERY2-[0m[1;32m2[0m [33m⏳ in transit [0m[1;33m([0m[33m~1m 58s[0m[1;33m)[0m[33m...[0m
[1;2;92m21:59:19[0m [34mTYLERMASTERY2-[0m[1;34m5[0m [33m⏳ in transit [0m[1;33m([0m[33m~1m 40s[0m[1;33m)[0m[33m...[0m
[1;2;92m21:59:20[0m [32mTYLERMASTERY2-[0m[1;32m2[0m [33m⏳ in transit [0m[1;33m([0m[33m~1m 52s[0m[1;33m)[0m[33m...[0m
[1;2;92m21:59:22[0m [33mTYLERMASTERY2-[0m[1;33m4[0m [33m🌡 cooldown 56s[0m
[1;2;92m21:59:27[0m [34mTYLERMASTERY2-[0m[1;34m5[0m [33m⏳ in transit [0m[1;33m([0m[33m~1m 32s[0m[1;33m)[0m[33m...[0m
[1;2;92m21:59:28[0m [32mTYLERMASTERY2-[0m[1;32m2[0m [33m⏳ in transit [0m[1;33m([0m[33m~1m 44s[0m[1;33m)[0m[33m...[0m
[1;2;92m21:59:31[0m [92mTYLERMASTERY2-[0m[1;92m7[0m [33m⏳ in transit [0m[1;33m([0m[33m~1h 39m[0m[1;33m)[0m[33m...[0m
[1;2;92m21:59:32[0m [34mTYLERMASTERY2-[0m[1;34m5[0m [33m⏳ in transit [0m[1;33m([0m[33m~1m 26s[0m[1;33m)[0m[33m...[0m
[1;2;92m21:59:33[0m   [36mTYLERMASTERY2-[0m[1;36m1[0m: 4x SILICON_CRYSTALS | __SELL_ONLY__: [1;36m0[0m | Cargo: 
[1;36m35[0m/[1;36m40[0m | CD: 80s
[1;2;92m21:59:33[0m [36mTYLERMASTERY2-[0m[1;36m1[0m   [33m⚠ Structural Stress Fractures: Intense gravitational [0m
[33mforces exerted by the extracted minerals resulted in stress fractures along the [0m
[33mship's frame. Continuous monitoring and reinforcement of the frame's structure [0m
[33mwas necessary to prevent catastrophic failure.[0m
[1;2;92m21:59:35[0m [32mTYLERMASTERY2-[0m[1;32m2[0m [33m⏳ in transit [0m[1;33m([0m[33m~1m 37s[0m[1;33m)[0m[33m...[0m
[1;2;92m21:59:36[0m [33mTYLERMASTERY2-[0m[1;33m4[0m [33m🌡 cooldown 43s[0m
[1;2;92m21:59:37[0m [93mTYLERMASTERY2-[0m[1;93m9[0m [33m⏳ in transit [0m[1;33m([0m[33m~1h 37m[0m[1;33m)[0m[33m...[0m
[1;2;92m21:59:38[0m [34mTYLERMASTERY2-[0m[1;34m5[0m [33m⏳ in transit [0m[1;33m([0m[33m~1m 21s[0m[1;33m)[0m[33m...[0m
[1;2;92m21:59:38[0m [36mTYLERMASTERY2-[0m[1;36m1[0m [33m🌡 cooldown 71s[0m
[1;2;92m21:59:40[0m [96mTYLERMASTERY2-[0m[1;96m6[0m [33m⏳ in transit [0m[1;33m([0m[33m~1h 38m[0m[1;33m)[0m[33m...[0m
[1;2;92m21:59:41[0m [95mTYLERMASTERY2-[0m[1;95m8[0m [33m⏳ in transit [0m[1;33m([0m[33m~1h 43m[0m[1;33m)[0m[33m...[0m
[1;2;92m21:59:42[0m [32mTYLERMASTERY2-[0m[1;32m2[0m [33m⏳ in transit [0m[1;33m([0m[33m~1m 30s[0m[1;33m)[0m[33m...[0m
[1;2;92m21:59:42[0m [37mTYLERMASTERY2-D[0m [33m⏳ in transit [0m[1;33m([0m[33m~2h 17m[0m[1;33m)[0m[33m...[0m
[1;2;92m21:59:44[0m [37mTYLERMASTERY2-C[0m [33m⏳ in transit [0m[1;33m([0m[33m~2h 0m[0m[1;33m)[0m[33m...[0m
[1;2;92m21:59:46[0m [33mTYLERMASTERY2-[0m[1;33m4[0m [33m🌡 cooldown 33s[0m
[1;2;92m21:59:46[0m [34mTYLERMASTERY2-[0m[1;34m5[0m [33m⏳ in transit [0m[1;33m([0m[33m~1m 13s[0m[1;33m)[0m[33m...[0m
[1;2;92m21:59:48[0m [36mTYLERMASTERY2-[0m[1;36m1[0m [33m🌡 cooldown 60s[0m
[1;2;92m21:59:50[0m [32mTYLERMASTERY2-[0m[1;32m2[0m [33m⏳ in transit [0m[1;33m([0m[33m~1m 22s[0m[1;33m)[0m[33m...[0m
[1;2;92m21:59:50[0m [35mTYLERMASTERY2-[0m[1;35m3[0m [33m⏳ in transit [0m[1;33m([0m[33m~46m 10s[0m[1;33m)[0m[33m...[0m
[1;2;92m21:59:52[0m [34mTYLERMASTERY2-[0m[1;34m5[0m [33m⏳ in transit [0m[1;33m([0m[33m~1m 7s[0m[1;33m)[0m[33m...[0m
[1;2;92m21:59:56[0m [32mTYLERMASTERY2-[0m[1;32m2[0m [33m⏳ in transit [0m[1;33m([0m[33m~1m 16s[0m[1;33m)[0m[33m...[0m
[1;2;92m21:59:57[0m [33mTYLERMASTERY2-[0m[1;33m4[0m [33m🌡 cooldown 22s[0m
[1;2;92m22:00:02[0m [34mTYLERMASTERY2-[0m[1;34m5[0m [33m⏳ in transit [0m[1;33m([0m[33m~57s[0m[1;33m)[0m[33m...[0m
[1;2;92m22:00:04[0m [32mTYLERMASTERY2-[0m[1;32m2[0m [33m⏳ in transit [0m[1;33m([0m[33m~1m 8s[0m[1;33m)[0m[33m...[0m
[1;2;92m22:00:07[0m [33mTYLERMASTERY2-[0m[1;33m4[0m [33m🌡 cooldown 12s[0m
[1;2;92m22:00:08[0m [34mTYLERMASTERY2-[0m[1;34m5[0m [33m⏳ in transit [0m[1;33m([0m[33m~50s[0m[1;33m)[0m[33m...[0m
[1;2;92m22:00:09[0m [32mTYLERMASTERY2-[0m[1;32m2[0m [33m⏳ in transit [0m[1;33m([0m[33m~1m 2s[0m[1;33m)[0m[33m...[0m
[1;2;92m22:00:10[0m [36mTYLERMASTERY2-[0m[1;36m1[0m [33m🌡 cooldown 38s[0m
[1;2;92m22:00:14[0m [34mTYLERMASTERY2-[0m[1;34m5[0m [33m⏳ in transit [0m[1;33m([0m[33m~45s[0m[1;33m)[0m[33m...[0m
[1;2;92m22:00:15[0m [32mTYLERMASTERY2-[0m[1;32m2[0m [33m⏳ in transit [0m[1;33m([0m[33m~57s[0m[1;33m)[0m[33m...[0m
[3m                      [0m[1;3mFleet Status[0m[3m  [0m[3;32m1,644,234 cr[0m[3m  [0m[2;3m22:00:15[0m[3m                      [0m
                                                                                
 [1m [0m[1mShip     [0m[1m [0m [1m [0m[1mRole     [0m[1m [0m [1m [0m[1mStatus   [0m[1m [0m [1m [0m[1mLocation  [0m[1m [0m [1m [0m[1m   Fuel[0m[1m [0m [1m [0m[1mCargo[0m[1m [0m [1m [0m[1mETA      [0m[1m [0m 
 ━━━━━━━━━━━━━━━━━━━━━━━━━━━━━━━━━━━━━━━━━━━━━━━━━━━━━━━━━━━━━━━━━━━━━━━━━━━━━━ 
 [1m [0m[1;36mTYLERMAS…[0m[1m [0m  miner       [36m↑ orbit[0m     X1-KU6-B47   385/400   35/40              
 [1m [0m[1;32mTYLERMAS…[0m[1m [0m  fleet-mgr   [33m✈ transit[0m   X1-KU6-A2          —     0/0   57s        
 [1m [0m[1;35mTYLERMAS…[0m[1m [0m  miner       [33m✈ transit[0m   X1-KU6-B7      79/80    0/15   [2m45m45s [0m    
 [1m           [0m                                                         [2mdrift[0m      
 [1m [0m[1;33mTYLERMAS…[0m[1m [0m  surveyor    [36m↑ orbit[0m     X1-KU6-B46     21/80     0/0              
 [1m [0m[1;34mTYLERMAS…[0m[1m [0m  hauler      [33m✈ transit[0m   X1-KU6-D53   220/600    0/80   44s        
 [1m [0m[1;96mTYLERMAS…[0m[1m [0m  siphoner    [33m✈ transit[0m   X1-KU6-C50     79/80   15/15   [2m1h38m [0m     
 [1m           [0m                                                         [2mdrift[0m      
 [1m [0m[1;92mTYLERMAS…[0m[1m [0m  siphoner    [33m✈ transit[0m   X1-KU6-C50     79/80   15/15   [2m1h38m [0m     
 [1m           [0m                                                         [2mdrift[0m      
 [1m [0m[1;95mTYLERMAS…[0m[1m [0m  siphoner    [33m✈ transit[0m   X1-KU6-B7      38/80   15/15   [2m1h43m [0m     
 [1m           [0m                                                         [2mdrift[0m      
 [1m [0m[1;93mTYLERMAS…[0m[1m [0m  siphoner    [33m✈ transit[0m   X1-KU6-C50     79/80   15/15   [2m1h37m [0m     
 [1m           [0m                                                         [2mdrift[0m      
 [1m [0m[1;37mTYLERMAS…[0m[1m [0m  trader      [32m⚓ docked[0m   X1-KU6-F58   600/600    0/80              
 [1m [0m[1;37mTYLERMAS…[0m[1m [0m  trader      [32m⚓ docked[0m   X1-KU6-F58   600/600    0/80              
 [1m [0m[1;37mTYLERMAS…[0m[1m [0m  miner       [33m✈ transit[0m   X1-KU6-B47     79/80    0/15   [2m1h59m [0m     
 [1m           [0m                                                         [2mdrift[0m      
 [1m [0m[1;37mTYLERMAS…[0m[1m [0m  surveyor    [33m✈ transit[0m   X1-KU6-B46     79/80     0/0   [2m2h16m [0m     
 [1m           [0m                                                         [2mdrift[0m      
                                                                                
  Contract: [36m░░░░░░░░░░░░░░░░░░░░░░░░░░░░░░[0m [1;36m0[0m[1m/[0m[1;36m8[0m SHIP_PARTS → X1-KU6-A2 [1m([0m[1;32m0[0m[32m%[0m[1m)[0m
[1;2;92m22:00:18[0m [35m🔭 TYLERMASTERY2-[0m[1;35m4[0m[35m: [0m[1;35m1[0m[35m [0m[1;35msurvey[0m[1;35m([0m[35ms[0m[1;35m)[0m[35m added [0m[1;35m([0m[1;35m0x[0m[35m SHIP_PARTS hits[0m[1;35m)[0m[35m | pool: [0m[1;35m15[0m
[1;2;92m22:00:19[0m [33mTYLERMASTERY2-[0m[1;33m4[0m [33m🌡 cooldown 69s[0m
[1;2;92m22:00:19[0m [34mTYLERMASTERY2-[0m[1;34m5[0m [33m⏳ in transit [0m[1;33m([0m[33m~39s[0m[1;33m)[0m[33m...[0m
[1;2;92m22:00:22[0m [32mTYLERMASTERY2-[0m[1;32m2[0m [33m⏳ in transit [0m[1;33m([0m[33m~50s[0m[1;33m)[0m[33m...[0m
[1;2;92m22:00:25[0m [34mTYLERMASTERY2-[0m[1;34m5[0m [33m⏳ in transit [0m[1;33m([0m[33m~34s[0m[1;33m)[0m[33m...[0m
[1;2;92m22:00:27[0m [32mTYLERMASTERY2-[0m[1;32m2[0m [33m⏳ in transit [0m[1;33m([0m[33m~45s[0m[1;33m)[0m[33m...[0m
[1;2;92m22:00:30[0m [34mTYLERMASTERY2-[0m[1;34m5[0m [33m⏳ in transit [0m[1;33m([0m[33m~29s[0m[1;33m)[0m[33m...[0m
[1;2;92m22:00:33[0m [32mTYLERMASTERY2-[0m[1;32m2[0m [33m⏳ in transit [0m[1;33m([0m[33m~39s[0m[1;33m)[0m[33m...[0m
[1;2;92m22:00:34[0m [36mTYLERMASTERY2-[0m[1;36m1[0m [33m🌡 cooldown 15s[0m
[1;2;92m22:00:35[0m [92mTYLERMASTERY2-[0m[1;92m7[0m [33m⏳ in transit [0m[1;33m([0m[33m~1h 38m[0m[1;33m)[0m[33m...[0m
[1;2;92m22:00:40[0m [32mTYLERMASTERY2-[0m[1;32m2[0m [33m⏳ in transit [0m[1;33m([0m[33m~32s[0m[1;33m)[0m[33m...[0m
[1;2;92m22:00:41[0m [93mTYLERMASTERY2-[0m[1;93m9[0m [33m⏳ in transit [0m[1;33m([0m[33m~1h 36m[0m[1;33m)[0m[33m...[0m
[1;2;92m22:00:43[0m [34mTYLERMASTERY2-[0m[1;34m5[0m [33m⏳ in transit [0m[1;33m([0m[33m~16s[0m[1;33m)[0m[33m...[0m
[1;2;92m22:00:44[0m [96mTYLERMASTERY2-[0m[1;96m6[0m [33m⏳ in transit [0m[1;33m([0m[33m~1h 37m[0m[1;33m)[0m[33m...[0m
[1;2;92m22:00:45[0m [95mTYLERMASTERY2-[0m[1;95m8[0m [33m⏳ in transit [0m[1;33m([0m[33m~1h 42m[0m[1;33m)[0m[33m...[0m
[1;2;92m22:00:46[0m [37mTYLERMASTERY2-D[0m [33m⏳ in transit [0m[1;33m([0m[33m~2h 15m[0m[1;33m)[0m[33m...[0m
[1;2;92m22:00:48[0m [32mTYLERMASTERY2-[0m[1;32m2[0m [33m⏳ in transit [0m[1;33m([0m[33m~24s[0m[1;33m)[0m[33m...[0m
[1;2;92m22:00:48[0m [37mTYLERMASTERY2-C[0m [33m⏳ in transit [0m[1;33m([0m[33m~1h 59m[0m[1;33m)[0m[33m...[0m
[1;2;92m22:00:54[0m [33mTYLERMASTERY2-[0m[1;33m4[0m [33m🌡 cooldown 33s[0m
[1;2;92m22:00:56[0m [35mTYLERMASTERY2-[0m[1;35m3[0m [33m⏳ in transit [0m[1;33m([0m[33m~45m 4s[0m[1;33m)[0m[33m...[0m
[1;2;92m22:00:58[0m [32mTYLERMASTERY2-[0m[1;32m2[0m [33m⏳ in transit [0m[1;33m([0m[33m~14s[0m[1;33m)[0m[33m...[0m
[1;2;92m22:01:00[0m [34mTYLERMASTERY2-[0m[1;34m5[0m [32m✓[0m arrived at [1mX1-KU6-D53[0m
[1;2;92m22:01:00[0m [34mTYLERMASTERY2-[0m[1;34m5[0m [34m🚀 Navigating → X1-KU6-F57[0m
[1;2;92m22:01:06[0m [32mTYLERMASTERY2-[0m[1;32m2[0m [33m⏳ in transit [0m[1;33m([0m[33m~6s[0m[1;33m)[0m[33m...[0m
[1;2;92m22:01:08[0m [34mTYLERMASTERY2-[0m[1;34m5[0m [33m⏳ in transit [0m[1;33m([0m[33m~2m 49s[0m[1;33m)[0m[33m...[0m
[1;2;92m22:01:10[0m   [36mTYLERMASTERY2-[0m[1;36m1[0m: 5x AMMONIA_ICE | __SELL_ONLY__: [1;36m0[0m | Cargo: [1;36m40[0m/[1;36m40[0m | 
CD: 80s
[1;2;92m22:01:11[0m [33mTYLERMASTERY2-[0m[1;33m4[0m [33m🌡 cooldown 17s[0m
[1;2;92m22:01:12[0m [32mTYLERMASTERY2-[0m[1;32m2[0m [32m✓[0m arrived at [1mX1-KU6-A2[0m
[1;2;92m22:01:12[0m [36mTYLERMASTERY2-[0m[1;36m1[0m [34m🚀 Navigating → X1-KU6-B7[0m
[1;2;92m22:01:13[0m [36mTYLERMASTERY2-[0m[1;36m1[0m [33m⏳ in transit [0m[1;33m([0m[33m~25s[0m[1;33m)[0m[33m...[0m
[1;2;92m22:01:13[0m [32mTYLERMASTERY2-[0m[1;32m2[0m [36m⚓ docked[0m
[1;2;92m22:01:18[0m [36mTYLERMASTERY2-[0m[1;36m1[0m [33m⏳ in transit [0m[1;33m([0m[33m~19s[0m[1;33m)[0m[33m...[0m
[3m                      [0m[1;3mFleet Status[0m[3m  [0m[3;32m1,644,234 cr[0m[3m  [0m[2;3m22:01:19[0m[3m                      [0m
                                                                                
 [1m [0m[1mShip     [0m[1m [0m [1m [0m[1mRole     [0m[1m [0m [1m [0m[1mStatus   [0m[1m [0m [1m [0m[1mLocation  [0m[1m [0m [1m [0m[1m   Fuel[0m[1m [0m [1m [0m[1mCargo[0m[1m [0m [1m [0m[1mETA      [0m[1m [0m 
 ━━━━━━━━━━━━━━━━━━━━━━━━━━━━━━━━━━━━━━━━━━━━━━━━━━━━━━━━━━━━━━━━━━━━━━━━━━━━━━ 
 [1m [0m[1;36mTYLERMAS…[0m[1m [0m  miner       [33m✈ transit[0m   X1-KU6-B7    370/400   40/40   19s        
 [1m [0m[1;32mTYLERMAS…[0m[1m [0m  fleet-mgr   [32m⚓ docked[0m   X1-KU6-A2          —     0/0              
 [1m [0m[1;35mTYLERMAS…[0m[1m [0m  miner       [33m✈ transit[0m   X1-KU6-B7      79/80    0/15   [2m44m41s [0m    
 [1m           [0m                                                         [2mdrift[0m      
 [1m [0m[1;33mTYLERMAS…[0m[1m [0m  surveyor    [36m↑ orbit[0m     X1-KU6-B46     21/80     0/0              
 [1m [0m[1;34mTYLERMAS…[0m[1m [0m  hauler      [33m✈ transit[0m   X1-KU6-F57   125/600    0/80   2m38s      
 [1m [0m[1;96mTYLERMAS…[0m[1m [0m  siphoner    [33m✈ transit[0m   X1-KU6-C50     79/80   15/15   [2m1h37m [0m     
 [1m           [0m                                                         [2mdrift[0m      
 [1m [0m[1;92mTYLERMAS…[0m[1m [0m  siphoner    [33m✈ transit[0m   X1-KU6-C50     79/80   15/15   [2m1h37m [0m     
 [1m           [0m                                                         [2mdrift[0m      
 [1m [0m[1;95mTYLERMAS…[0m[1m [0m  siphoner    [33m✈ transit[0m   X1-KU6-B7      38/80   15/15   [2m1h41m [0m     
 [1m           [0m                                                         [2mdrift[0m      
 [1m [0m[1;93mTYLERMAS…[0m[1m [0m  siphoner    [33m✈ transit[0m   X1-KU6-C50     79/80   15/15   [2m1h36m [0m     
 [1m           [0m                                                         [2mdrift[0m      
 [1m [0m[1;37mTYLERMAS…[0m[1m [0m  trader      [32m⚓ docked[0m   X1-KU6-F58   600/600    0/80              
 [1m [0m[1;37mTYLERMAS…[0m[1m [0m  trader      [32m⚓ docked[0m   X1-KU6-F58   600/600    0/80              
 [1m [0m[1;37mTYLERMAS…[0m[1m [0m  miner       [33m✈ transit[0m   X1-KU6-B47     79/80    0/15   [2m1h58m [0m     
 [1m           [0m                                                         [2mdrift[0m      
 [1m [0m[1;37mTYLERMAS…[0m[1m [0m  surveyor    [33m✈ transit[0m   X1-KU6-B46     79/80     0/0   [2m2h15m [0m     
 [1m           [0m                                                         [2mdrift[0m      
                                                                                
  Contract: [36m░░░░░░░░░░░░░░░░░░░░░░░░░░░░░░[0m [1;36m0[0m[1m/[0m[1;36m8[0m SHIP_PARTS → X1-KU6-A2 [1m([0m[1;32m0[0m[32m%[0m[1m)[0m
[1;2;92m22:01:23[0m [36mTYLERMASTERY2-[0m[1;36m1[0m [33m⏳ in transit [0m[1;33m([0m[33m~14s[0m[1;33m)[0m[33m...[0m
[1;2;92m22:01:26[0m [33mTYLERMASTERY2-[0m[1;33m4[0m [33m🌡 cooldown 2s[0m
[1;2;92m22:01:33[0m [36mTYLERMASTERY2-[0m[1;36m1[0m [33m⏳ in transit [0m[1;33m([0m[33m~4s[0m[1;33m)[0m[33m...[0m
[1;2;92m22:01:36[0m [35m🔭 TYLERMASTERY2-[0m[1;35m4[0m[35m: [0m[1;35m1[0m[35m [0m[1;35msurvey[0m[1;35m([0m[35ms[0m[1;35m)[0m[35m added [0m[1;35m([0m[1;35m0x[0m[35m SHIP_PARTS hits[0m[1;35m)[0m[35m | pool: [0m[1;35m16[0m
[1;2;92m22:01:40[0m [32mTYLERMASTERY2-[0m[1;32m2[0m [36m↑ orbiting[0m
[1;2;92m22:01:40[0m [32mTYLERMASTERY2-[0m[1;32m2[0m [34m🚀 Navigating → X1-KU6-C51[0m
[1;2;92m22:01:41[0m [33mTYLERMASTERY2-[0m[1;33m4[0m [33m🌡 cooldown 64s[0m
[1;2;92m22:01:46[0m [93mTYLERMASTERY2-[0m[1;93m9[0m [33m⏳ in transit [0m[1;33m([0m[33m~1h 35m[0m[1;33m)[0m[33m...[0m
[1;2;92m22:01:46[0m [96mTYLERMASTERY2-[0m[1;96m6[0m [33m⏳ in transit [0m[1;33m([0m[33m~1h 36m[0m[1;33m)[0m[33m...[0m
[1;2;92m22:01:49[0m [37mTYLERMASTERY2-D[0m [33m⏳ in transit [0m[1;33m([0m[33m~2h 14m[0m[1;33m)[0m[33m...[0m
[1;2;92m22:01:51[0m [37mTYLERMASTERY2-C[0m [33m⏳ in transit [0m[1;33m([0m[33m~1h 58m[0m[1;33m)[0m[33m...[0m
[1;2;92m22:01:51[0m [92mTYLERMASTERY2-[0m[1;92m7[0m [33m⏳ in transit [0m[1;33m([0m[33m~1h 37m[0m[1;33m)[0m[33m...[0m
[1;2;92m22:01:53[0m [33mTYLERMASTERY2-[0m[1;33m4[0m [33m🌡 cooldown 52s[0m
[1;2;92m22:01:58[0m [95mTYLERMASTERY2-[0m[1;95m8[0m [33m⏳ in transit [0m[1;33m([0m[33m~1h 41m[0m[1;33m)[0m[33m...[0m
[1;2;92m22:01:58[0m [35mTYLERMASTERY2-[0m[1;35m3[0m [33m⏳ in transit [0m[1;33m([0m[33m~44m 2s[0m[1;33m)[0m[33m...[0m
[1;2;92m22:02:00[0m [36mTYLERMASTERY2-[0m[1;36m1[0m [32m✓[0m arrived at [1mX1-KU6-B7[0m
[1;2;92m22:02:09[0m [32mTYLERMASTERY2-[0m[1;32m2[0m [33m⏳ in transit [0m[1;33m([0m[33m~7m 57s[0m[1;33m)[0m[33m...[0m
[1;2;92m22:02:10[0m [33mTYLERMASTERY2-[0m[1;33m4[0m [33m🌡 cooldown 35s[0m
[1;2;92m22:02:11[0m [36mTYLERMASTERY2-[0m[1;36m1[0m [36m⚓ docked[0m
[1;2;92m22:02:12[0m [32m⛽ Refueled to [0m[1;32m400[0m[32m/[0m[1;32m400[0m
[1;2;92m22:02:12[0m [37mTYLERMASTERY2-A[0m [2mno profitable arbitrage found — waiting 5min[0m
[1;2;92m22:02:12[0m [37mTYLERMASTERY2-B[0m [2mno profitable arbitrage found — waiting 5min[0m
[1;2;92m22:02:13[0m [32m💰 Sold 27x QUARTZ_SAND @ [0m[1;32m18[0m[32m/u = [0m[1;32m486[0m[32m cr[0m
[1;2;92m22:02:13[0m [32m💰 Sold 5x AMMONIA_ICE @ [0m[1;32m38[0m[32m/u = [0m[1;32m190[0m[32m cr[0m
[1;2;92m22:02:14[0m [32m💰 Sold 4x SILICON_CRYSTALS @ [0m[1;32m33[0m[32m/u = [0m[1;32m132[0m[32m cr[0m
[1;2;92m22:02:14[0m [32m💰 Sold 4x DIAMONDS @ [0m[1;32m88[0m[32m/u = [0m[1;32m352[0m[32m cr[0m
[1;2;92m22:02:19[0m [34mTYLERMASTERY2-[0m[1;34m5[0m [33m⏳ in transit [0m[1;33m([0m[33m~1m 38s[0m[1;33m)[0m[33m...[0m
[1;2;92m22:02:24[0m [36mTYLERMASTERY2-[0m[1;36m1[0m [36m↑ orbiting[0m
[1;2;92m22:02:24[0m [36mTYLERMASTERY2-[0m[1;36m1[0m [34m🚀 Navigating → X1-KU6-B47[0m
[1;2;92m22:02:27[0m [33mTYLERMASTERY2-[0m[1;33m4[0m [33m🌡 cooldown 18s[0m
[1;2;92m22:02:28[0m [34mTYLERMASTERY2-[0m[1;34m5[0m [33m⏳ in transit [0m[1;33m([0m[33m~1m 29s[0m[1;33m)[0m[33m...[0m
[1;2;92m22:02:31[0m [36mTYLERMASTERY2-[0m[1;36m1[0m [33m⏳ in transit [0m[1;33m([0m[33m~22s[0m[1;33m)[0m[33m...[0m
[1;2;92m22:02:34[0m [34mTYLERMASTERY2-[0m[1;34m5[0m [33m⏳ in transit [0m[1;33m([0m[33m~1m 23s[0m[1;33m)[0m[33m...[0m
[3m                      [0m[1;3mFleet Status[0m[3m  [0m[3;32m1,645,320 cr[0m[3m  [0m[2;3m22:02:37[0m[3m                      [0m
                                                                                
 [1m [0m[1mShip     [0m[1m [0m [1m [0m[1mRole     [0m[1m [0m [1m [0m[1mStatus   [0m[1m [0m [1m [0m[1mLocation  [0m[1m [0m [1m [0m[1m   Fuel[0m[1m [0m [1m [0m[1mCargo[0m[1m [0m [1m [0m[1mETA      [0m[1m [0m 
 ━━━━━━━━━━━━━━━━━━━━━━━━━━━━━━━━━━━━━━━━━━━━━━━━━━━━━━━━━━━━━━━━━━━━━━━━━━━━━━ 
 [1m [0m[1;36mTYLERMAS…[0m[1m [0m  miner       [32m⚓ docked[0m   X1-KU6-B7    400/400    0/40              
 [1m [0m[1;32mTYLERMAS…[0m[1m [0m  fleet-mgr   [33m✈ transit[0m   X1-KU6-C51         —     0/0   7m29s      
 [1m [0m[1;35mTYLERMAS…[0m[1m [0m  miner       [33m✈ transit[0m   X1-KU6-B7      79/80    0/15   [2m43m23s [0m    
 [1m           [0m                                                         [2mdrift[0m      
 [1m [0m[1;33mTYLERMAS…[0m[1m [0m  surveyor    [36m↑ orbit[0m     X1-KU6-B46     21/80     0/0              
 [1m [0m[1;34mTYLERMAS…[0m[1m [0m  hauler      [33m✈ transit[0m   X1-KU6-F57   125/600    0/80   1m20s      
 [1m [0m[1;96mTYLERMAS…[0m[1m [0m  siphoner    [33m✈ transit[0m   X1-KU6-C50     79/80   15/15   [2m1h35m [0m     
 [1m           [0m                                                         [2mdrift[0m      
 [1m [0m[1;92mTYLERMAS…[0m[1m [0m  siphoner    [33m✈ transit[0m   X1-KU6-C50     79/80   15/15   [2m1h36m [0m     
 [1m           [0m                                                         [2mdrift[0m      
 [1m [0m[1;95mTYLERMAS…[0m[1m [0m  siphoner    [33m✈ transit[0m   X1-KU6-B7      38/80   15/15   [2m1h40m [0m     
 [1m           [0m                                                         [2mdrift[0m      
 [1m [0m[1;93mTYLERMAS…[0m[1m [0m  siphoner    [33m✈ transit[0m   X1-KU6-C50     79/80   15/15   [2m1h34m [0m     
 [1m           [0m                                                         [2mdrift[0m      
 [1m [0m[1;37mTYLERMAS…[0m[1m [0m  trader      [32m⚓ docked[0m   X1-KU6-F58   600/600    0/80              
 [1m [0m[1;37mTYLERMAS…[0m[1m [0m  trader      [32m⚓ docked[0m   X1-KU6-F58   600/600    0/80              
 [1m [0m[1;37mTYLERMAS…[0m[1m [0m  miner       [33m✈ transit[0m   X1-KU6-B47     79/80    0/15   [2m1h57m [0m     
 [1m           [0m                                                         [2mdrift[0m      
 [1m [0m[1;37mTYLERMAS…[0m[1m [0m  surveyor    [33m✈ transit[0m   X1-KU6-B46     79/80     0/0   [2m2h14m [0m     
 [1m           [0m                                                         [2mdrift[0m      
                                                                                
  Contract: [36m░░░░░░░░░░░░░░░░░░░░░░░░░░░░░░[0m [1;36m0[0m[1m/[0m[1;36m8[0m SHIP_PARTS → X1-KU6-A2 [1m([0m[1;32m0[0m[32m%[0m[1m)[0m
[1;2;92m22:02:41[0m [33mTYLERMASTERY2-[0m[1;33m4[0m [33m🌡 cooldown 4s[0m
[1;2;92m22:02:45[0m [36mTYLERMASTERY2-[0m[1;36m1[0m [33m⏳ in transit [0m[1;33m([0m[33m~8s[0m[1;33m)[0m[33m...[0m
[1;2;92m22:02:48[0m [34mTYLERMASTERY2-[0m[1;34m5[0m [33m⏳ in transit [0m[1;33m([0m[33m~1m 9s[0m[1;33m)[0m[33m...[0m
[1;2;92m22:02:50[0m [93mTYLERMASTERY2-[0m[1;93m9[0m [33m⏳ in transit [0m[1;33m([0m[33m~1h 34m[0m[1;33m)[0m[33m...[0m
[1;2;92m22:02:52[0m [36mTYLERMASTERY2-[0m[1;36m1[0m [32m✓[0m arrived at [1mX1-KU6-B47[0m
[1;2;92m22:02:54[0m [37mTYLERMASTERY2-D[0m [33m⏳ in transit [0m[1;33m([0m[33m~2h 13m[0m[1;33m)[0m[33m...[0m
[1;2;92m22:02:55[0m [34mTYLERMASTERY2-[0m[1;34m5[0m [33m⏳ in transit [0m[1;33m([0m[33m~1m 2s[0m[1;33m)[0m[33m...[0m
[1;2;92m22:02:59[0m [96mTYLERMASTERY2-[0m[1;96m6[0m [33m⏳ in transit [0m[1;33m([0m[33m~1h 35m[0m[1;33m)[0m[33m...[0m
[1;2;92m22:03:00[0m [95mTYLERMASTERY2-[0m[1;95m8[0m [33m⏳ in transit [0m[1;33m([0m[33m~1h 40m[0m[1;33m)[0m[33m...[0m
[1;2;92m22:03:02[0m [35m🔭 TYLERMASTERY2-[0m[1;35m4[0m[35m: [0m[1;35m1[0m[35m [0m[1;35msurvey[0m[1;35m([0m[35ms[0m[1;35m)[0m[35m added [0m[1;35m([0m[1;35m0x[0m[35m SHIP_PARTS hits[0m[1;35m)[0m[35m | pool: [0m[1;35m16[0m
[1;2;92m22:03:05[0m [92mTYLERMASTERY2-[0m[1;92m7[0m [33m⏳ in transit [0m[1;33m([0m[33m~1h 36m[0m[1;33m)[0m[33m...[0m
[1;2;92m22:03:05[0m [35mTYLERMASTERY2-[0m[1;35m3[0m [33m⏳ in transit [0m[1;33m([0m[33m~42m 55s[0m[1;33m)[0m[33m...[0m
[1;2;92m22:03:06[0m [37mTYLERMASTERY2-C[0m [33m⏳ in transit [0m[1;33m([0m[33m~1h 56m[0m[1;33m)[0m[33m...[0m
[1;2;92m22:03:08[0m [34mTYLERMASTERY2-[0m[1;34m5[0m [33m⏳ in transit [0m[1;33m([0m[33m~49s[0m[1;33m)[0m[33m...[0m
[1;2;92m22:03:10[0m [33mTYLERMASTERY2-[0m[1;33m4[0m [33m🌡 cooldown 62s[0m
[1;2;92m22:03:12[0m   [36mTYLERMASTERY2-[0m[1;36m1[0m: 5x AMMONIA_ICE | __SELL_ONLY__: [1;36m0[0m | Cargo: [1;36m5[0m/[1;36m40[0m | 
CD: 80s
[1;2;92m22:03:13[0m [36mTYLERMASTERY2-[0m[1;36m1[0m [33m🌡 cooldown 79s[0m
[1;2;92m22:03:13[0m [34mTYLERMASTERY2-[0m[1;34m5[0m [33m⏳ in transit [0m[1;33m([0m[33m~44s[0m[1;33m)[0m[33m...[0m
[1;2;92m22:03:14[0m [32mTYLERMASTERY2-[0m[1;32m2[0m [33m⏳ in transit [0m[1;33m([0m[33m~6m 52s[0m[1;33m)[0m[33m...[0m
[1;2;92m22:03:19[0m [34mTYLERMASTERY2-[0m[1;34m5[0m [33m⏳ in transit [0m[1;33m([0m[33m~38s[0m[1;33m)[0m[33m...[0m
[1;2;92m22:03:20[0m [33mTYLERMASTERY2-[0m[1;33m4[0m [33m🌡 cooldown 51s[0m
[1;2;92m22:03:23[0m [36mTYLERMASTERY2-[0m[1;36m1[0m [33m🌡 cooldown 69s[0m
[1;2;92m22:03:24[0m [34mTYLERMASTERY2-[0m[1;34m5[0m [33m⏳ in transit [0m[1;33m([0m[33m~33s[0m[1;33m)[0m[33m...[0m
[1;2;92m22:03:30[0m [34mTYLERMASTERY2-[0m[1;34m5[0m [33m⏳ in transit [0m[1;33m([0m[33m~27s[0m[1;33m)[0m[33m...[0m
[1;2;92m22:03:31[0m [33mTYLERMASTERY2-[0m[1;33m4[0m [33m🌡 cooldown 41s[0m
[1;2;92m22:03:36[0m [36mTYLERMASTERY2-[0m[1;36m1[0m [33m🌡 cooldown 55s[0m
[3m                      [0m[1;3mFleet Status[0m[3m  [0m[3;32m1,645,320 cr[0m[3m  [0m[2;3m22:03:40[0m[3m                      [0m
                                                                                
 [1m [0m[1mShip     [0m[1m [0m [1m [0m[1mRole     [0m[1m [0m [1m [0m[1mStatus   [0m[1m [0m [1m [0m[1mLocation  [0m[1m [0m [1m [0m[1m   Fuel[0m[1m [0m [1m [0m[1mCargo[0m[1m [0m [1m [0m[1mETA      [0m[1m [0m 
 ━━━━━━━━━━━━━━━━━━━━━━━━━━━━━━━━━━━━━━━━━━━━━━━━━━━━━━━━━━━━━━━━━━━━━━━━━━━━━━ 
 [1m [0m[1;36mTYLERMAS…[0m[1m [0m  miner       [36m↑ orbit[0m     X1-KU6-B47   385/400    5/40              
 [1m [0m[1;32mTYLERMAS…[0m[1m [0m  fleet-mgr   [33m✈ transit[0m   X1-KU6-C51         —     0/0   6m26s      
 [1m [0m[1;35mTYLERMAS…[0m[1m [0m  miner       [33m✈ transit[0m   X1-KU6-B7      79/80    0/15   [2m42m20s [0m    
 [1m           [0m                                                         [2mdrift[0m      
 [1m [0m[1;33mTYLERMAS…[0m[1m [0m  surveyor    [36m↑ orbit[0m     X1-KU6-B46     21/80     0/0              
 [1m [0m[1;34mTYLERMAS…[0m[1m [0m  hauler      [33m✈ transit[0m   X1-KU6-F57   125/600    0/80   17s        
 [1m [0m[1;96mTYLERMAS…[0m[1m [0m  siphoner    [33m✈ transit[0m   X1-KU6-C50     79/80   15/15   [2m1h34m [0m     
 [1m           [0m                                                         [2mdrift[0m      
 [1m [0m[1;92mTYLERMAS…[0m[1m [0m  siphoner    [33m✈ transit[0m   X1-KU6-C50     79/80   15/15   [2m1h35m [0m     
 [1m           [0m                                                         [2mdrift[0m      
 [1m [0m[1;95mTYLERMAS…[0m[1m [0m  siphoner    [33m✈ transit[0m   X1-KU6-B7      38/80   15/15   [2m1h39m [0m     
 [1m           [0m                                                         [2mdrift[0m      
 [1m [0m[1;93mTYLERMAS…[0m[1m [0m  siphoner    [33m✈ transit[0m   X1-KU6-C50     79/80   15/15   [2m1h33m [0m     
 [1m           [0m                                                         [2mdrift[0m      
 [1m [0m[1;37mTYLERMAS…[0m[1m [0m  trader      [32m⚓ docked[0m   X1-KU6-F58   600/600    0/80              
 [1m [0m[1;37mTYLERMAS…[0m[1m [0m  trader      [32m⚓ docked[0m   X1-KU6-F58   600/600    0/80              
 [1m [0m[1;37mTYLERMAS…[0m[1m [0m  miner       [33m✈ transit[0m   X1-KU6-B47     79/80    0/15   [2m1h56m [0m     
 [1m           [0m                                                         [2mdrift[0m      
 [1m [0m[1;37mTYLERMAS…[0m[1m [0m  surveyor    [33m✈ transit[0m   X1-KU6-B46     79/80     0/0   [2m2h13m [0m     
 [1m           [0m                                                         [2mdrift[0m      
                                                                                
  Contract: [36m░░░░░░░░░░░░░░░░░░░░░░░░░░░░░░[0m [1;36m0[0m[1m/[0m[1;36m8[0m SHIP_PARTS → X1-KU6-A2 [1m([0m[1;32m0[0m[32m%[0m[1m)[0m
[1;2;92m22:03:48[0m [33mTYLERMASTERY2-[0m[1;33m4[0m [33m🌡 cooldown 23s[0m
[1;2;92m22:03:53[0m [34mTYLERMASTERY2-[0m[1;34m5[0m [33m⏳ in transit [0m[1;33m([0m[33m~4s[0m[1;33m)[0m[33m...[0m
[1;2;92m22:03:55[0m [93mTYLERMASTERY2-[0m[1;93m9[0m [33m⏳ in transit [0m[1;33m([0m[33m~1h 33m[0m[1;33m)[0m[33m...[0m
[1;2;92m22:03:56[0m [36mTYLERMASTERY2-[0m[1;36m1[0m [33m🌡 cooldown 36s[0m
[1;2;92m22:03:58[0m [37mTYLERMASTERY2-D[0m [33m⏳ in transit [0m[1;33m([0m[33m~2h 12m[0m[1;33m)[0m[33m...[0m
[1;2;92m22:03:58[0m [34mTYLERMASTERY2-[0m[1;34m5[0m [32m✓[0m arrived at [1mX1-KU6-F57[0m
[1;2;92m22:04:01[0m [96mTYLERMASTERY2-[0m[1;96m6[0m [33m⏳ in transit [0m[1;33m([0m[33m~1h 34m[0m[1;33m)[0m[33m...[0m
[1;2;92m22:04:03[0m [33mTYLERMASTERY2-[0m[1;33m4[0m [33m🌡 cooldown 8s[0m
[1;2;92m22:04:05[0m [92mTYLERMASTERY2-[0m[1;92m7[0m [33m⏳ in transit [0m[1;33m([0m[33m~1h 35m[0m[1;33m)[0m[33m...[0m
[1;2;92m22:04:07[0m [34mTYLERMASTERY2-[0m[1;34m5[0m [36m⚓ docked[0m
[1;2;92m22:04:07[0m [95mTYLERMASTERY2-[0m[1;95m8[0m [33m⏳ in transit [0m[1;33m([0m[33m~1h 39m[0m[1;33m)[0m[33m...[0m
[1;2;92m22:04:08[0m [36mTYLERMASTERY2-[0m[1;36m1[0m [33m🌡 cooldown 24s[0m
[1;2;92m22:04:12[0m [32m⛽ Refueled to [0m[1;32m600[0m[32m/[0m[1;32m600[0m
[1;2;92m22:04:12[0m [35m🔭 TYLERMASTERY2-[0m[1;35m4[0m[35m: [0m[1;35m1[0m[35m [0m[1;35msurvey[0m[1;35m([0m[35ms[0m[1;35m)[0m[35m added [0m[1;35m([0m[1;35m0x[0m[35m SHIP_PARTS hits[0m[1;35m)[0m[35m | pool: [0m[1;35m17[0m
[1;2;92m22:04:13[0m [35mTYLERMASTERY2-[0m[1;35m3[0m [33m⏳ in transit [0m[1;33m([0m[33m~41m 47s[0m[1;33m)[0m[33m...[0m
[1;2;92m22:04:13[0m [33mTYLERMASTERY2-[0m[1;33m4[0m [33m🌡 cooldown 69s[0m
[1;2;92m22:04:14[0m [34mTYLERMASTERY2-[0m[1;34m5[0m [36m↑ orbiting[0m
[1;2;92m22:04:14[0m [34mTYLERMASTERY2-[0m[1;34m5[0m [34m🚀 Navigating → X1-KU6-B7[0m
[1;2;92m22:04:15[0m [34mTYLERMASTERY2-[0m[1;34m5[0m [33m⏳ in transit [0m[1;33m([0m[33m~8m 15s[0m[1;33m)[0m[33m...[0m
[1;2;92m22:04:18[0m [36mTYLERMASTERY2-[0m[1;36m1[0m [33m🌡 cooldown 14s[0m
[1;2;92m22:04:19[0m [37mTYLERMASTERY2-C[0m [33m⏳ in transit [0m[1;33m([0m[33m~1h 55m[0m[1;33m)[0m[33m...[0m
[1;2;92m22:04:22[0m [32mTYLERMASTERY2-[0m[1;32m2[0m [33m⏳ in transit [0m[1;33m([0m[33m~5m 44s[0m[1;33m)[0m[33m...[0m
[1;2;92m22:04:23[0m [33mTYLERMASTERY2-[0m[1;33m4[0m [33m🌡 cooldown 58s[0m
[1;2;92m22:04:30[0m [36mTYLERMASTERY2-[0m[1;36m1[0m [33m🌡 cooldown 2s[0m
[1;2;92m22:04:34[0m [33mTYLERMASTERY2-[0m[1;33m4[0m [33m🌡 cooldown 48s[0m
[1;2;92m22:04:51[0m   [36mTYLERMASTERY2-[0m[1;36m1[0m: 4x AMMONIA_ICE | __SELL_ONLY__: [1;36m0[0m | Cargo: [1;36m9[0m/[1;36m40[0m | 
CD: 80s
[1;2;92m22:04:53[0m [33mTYLERMASTERY2-[0m[1;33m4[0m [33m🌡 cooldown 29s[0m
[3m                      [0m[1;3mFleet Status[0m[3m  [0m[3;32m1,644,960 cr[0m[3m  [0m[2;3m22:04:55[0m[3m                      [0m
                                                                                
 [1m [0m[1mShip     [0m[1m [0m [1m [0m[1mRole     [0m[1m [0m [1m [0m[1mStatus   [0m[1m [0m [1m [0m[1mLocation  [0m[1m [0m [1m [0m[1m   Fuel[0m[1m [0m [1m [0m[1mCargo[0m[1m [0m [1m [0m[1mETA      [0m[1m [0m 
 ━━━━━━━━━━━━━━━━━━━━━━━━━━━━━━━━━━━━━━━━━━━━━━━━━━━━━━━━━━━━━━━━━━━━━━━━━━━━━━ 
 [1m [0m[1;36mTYLERMAS…[0m[1m [0m  miner       [36m↑ orbit[0m     X1-KU6-B47   385/400    5/40              
 [1m [0m[1;32mTYLERMAS…[0m[1m [0m  fleet-mgr   [33m✈ transit[0m   X1-KU6-C51         —     0/0   5m11s      
 [1m [0m[1;35mTYLERMAS…[0m[1m [0m  miner       [33m✈ transit[0m   X1-KU6-B7      79/80    0/15   [2m41m5s [0m     
 [1m           [0m                                                         [2mdrift[0m      
 [1m [0m[1;33mTYLERMAS…[0m[1m [0m  surveyor    [36m↑ orbit[0m     X1-KU6-B46     21/80     0/0              
 [1m [0m[1;34mTYLERMAS…[0m[1m [0m  hauler      [33m✈ transit[0m   X1-KU6-B7    312/600    0/80   7m35s      
 [1m [0m[1;96mTYLERMAS…[0m[1m [0m  siphoner    [33m✈ transit[0m   X1-KU6-C50     79/80   15/15   [2m1h33m [0m     
 [1m           [0m                                                         [2mdrift[0m      
 [1m [0m[1;92mTYLERMAS…[0m[1m [0m  siphoner    [33m✈ transit[0m   X1-KU6-C50     79/80   15/15   [2m1h34m [0m     
 [1m           [0m                                                         [2mdrift[0m      
 [1m [0m[1;95mTYLERMAS…[0m[1m [0m  siphoner    [33m✈ transit[0m   X1-KU6-B7      38/80   15/15   [2m1h38m [0m     
 [1m           [0m                                                         [2mdrift[0m      
 [1m [0m[1;93mTYLERMAS…[0m[1m [0m  siphoner    [33m✈ transit[0m   X1-KU6-C50     79/80   15/15   [2m1h32m [0m     
 [1m           [0m                                                         [2mdrift[0m      
 [1m [0m[1;37mTYLERMAS…[0m[1m [0m  trader      [32m⚓ docked[0m   X1-KU6-F58   600/600    0/80              
 [1m [0m[1;37mTYLERMAS…[0m[1m [0m  trader      [32m⚓ docked[0m   X1-KU6-F58   600/600    0/80              
 [1m [0m[1;37mTYLERMAS…[0m[1m [0m  miner       [33m✈ transit[0m   X1-KU6-B47     79/80    0/15   [2m1h55m [0m     
 [1m           [0m                                                         [2mdrift[0m      
 [1m [0m[1;37mTYLERMAS…[0m[1m [0m  surveyor    [33m✈ transit[0m   X1-KU6-B46     79/80     0/0   [2m2h11m [0m     
 [1m           [0m                                                         [2mdrift[0m      
                                                                                
  Contract: [36m░░░░░░░░░░░░░░░░░░░░░░░░░░░░░░[0m [1;36m0[0m[1m/[0m[1;36m8[0m SHIP_PARTS → X1-KU6-A2 [1m([0m[1;32m0[0m[32m%[0m[1m)[0m
[1;2;92m22:04:57[0m [93mTYLERMASTERY2-[0m[1;93m9[0m [33m⏳ in transit [0m[1;33m([0m[33m~1h 32m[0m[1;33m)[0m[33m...[0m
[1;2;92m22:05:07[0m [95mTYLERMASTERY2-[0m[1;95m8[0m [33m⏳ in transit [0m[1;33m([0m[33m~1h 38m[0m[1;33m)[0m[33m...[0m
[1;2;92m22:05:09[0m [37mTYLERMASTERY2-D[0m [33m⏳ in transit [0m[1;33m([0m[33m~2h 11m[0m[1;33m)[0m[33m...[0m
[1;2;92m22:05:12[0m [33mTYLERMASTERY2-[0m[1;33m4[0m [33m🌡 cooldown 10s[0m
[1;2;92m22:05:12[0m [36mTYLERMASTERY2-[0m[1;36m1[0m [33m🌡 cooldown 53s[0m
[1;2;92m22:05:12[0m [92mTYLERMASTERY2-[0m[1;92m7[0m [33m⏳ in transit [0m[1;33m([0m[33m~1h 33m[0m[1;33m)[0m[33m...[0m
[1;2;92m22:05:12[0m [96mTYLERMASTERY2-[0m[1;96m6[0m [33m⏳ in transit [0m[1;33m([0m[33m~1h 33m[0m[1;33m)[0m[33m...[0m
[1;2;92m22:05:21[0m [34mTYLERMASTERY2-[0m[1;34m5[0m [33m⏳ in transit [0m[1;33m([0m[33m~7m 8s[0m[1;33m)[0m[33m...[0m
[1;2;92m22:05:22[0m [36mTYLERMASTERY2-[0m[1;36m1[0m [33m🌡 cooldown 43s[0m
[1;2;92m22:05:23[0m [35m🔭 TYLERMASTERY2-[0m[1;35m4[0m[35m: [0m[1;35m1[0m[35m [0m[1;35msurvey[0m[1;35m([0m[35ms[0m[1;35m)[0m[35m added [0m[1;35m([0m[1;35m0x[0m[35m SHIP_PARTS hits[0m[1;35m)[0m[35m | pool: [0m[1;35m18[0m
[1;2;92m22:05:24[0m [33mTYLERMASTERY2-[0m[1;33m4[0m [33m🌡 cooldown 69s[0m
[1;2;92m22:05:27[0m [35mTYLERMASTERY2-[0m[1;35m3[0m [33m⏳ in transit [0m[1;33m([0m[33m~40m 33s[0m[1;33m)[0m[33m...[0m
[1;2;92m22:05:28[0m [37mTYLERMASTERY2-C[0m [33m⏳ in transit [0m[1;33m([0m[33m~1h 54m[0m[1;33m)[0m[33m...[0m
[1;2;92m22:05:30[0m [32mTYLERMASTERY2-[0m[1;32m2[0m [33m⏳ in transit [0m[1;33m([0m[33m~4m 36s[0m[1;33m)[0m[33m...[0m
[1;2;92m22:05:36[0m [36mTYLERMASTERY2-[0m[1;36m1[0m [33m🌡 cooldown 29s[0m
[1;2;92m22:05:46[0m [33mTYLERMASTERY2-[0m[1;33m4[0m [33m🌡 cooldown 47s[0m
[1;2;92m22:05:51[0m [36mTYLERMASTERY2-[0m[1;36m1[0m [33m🌡 cooldown 14s[0m
[1;2;92m22:06:00[0m [93mTYLERMASTERY2-[0m[1;93m9[0m [33m⏳ in transit [0m[1;33m([0m[33m~1h 31m[0m[1;33m)[0m[33m...[0m
[1;2;92m22:06:01[0m [33mTYLERMASTERY2-[0m[1;33m4[0m [33m🌡 cooldown 32s[0m
[1;2;92m22:06:02[0m [36mTYLERMASTERY2-[0m[1;36m1[0m [33m🌡 cooldown 3s[0m
[1;2;92m22:06:10[0m [37mTYLERMASTERY2-D[0m [33m⏳ in transit [0m[1;33m([0m[33m~2h 10m[0m[1;33m)[0m[33m...[0m
[1;2;92m22:06:11[0m [33mTYLERMASTERY2-[0m[1;33m4[0m [33m🌡 cooldown 21s[0m
[1;2;92m22:06:13[0m [95mTYLERMASTERY2-[0m[1;95m8[0m [33m⏳ in transit [0m[1;33m([0m[33m~1h 37m[0m[1;33m)[0m[33m...[0m
[3m                      [0m[1;3mFleet Status[0m[3m  [0m[3;32m1,644,960 cr[0m[3m  [0m[2;3m22:06:13[0m[3m                      [0m
                                                                                
 [1m [0m[1mShip     [0m[1m [0m [1m [0m[1mRole     [0m[1m [0m [1m [0m[1mStatus   [0m[1m [0m [1m [0m[1mLocation  [0m[1m [0m [1m [0m[1m   Fuel[0m[1m [0m [1m [0m[1mCargo[0m[1m [0m [1m [0m[1mETA      [0m[1m [0m 
 ━━━━━━━━━━━━━━━━━━━━━━━━━━━━━━━━━━━━━━━━━━━━━━━━━━━━━━━━━━━━━━━━━━━━━━━━━━━━━━ 
 [1m [0m[1;36mTYLERMAS…[0m[1m [0m  miner       [36m↑ orbit[0m     X1-KU6-B47   385/400    9/40              
 [1m [0m[1;32mTYLERMAS…[0m[1m [0m  fleet-mgr   [33m✈ transit[0m   X1-KU6-C51         —     0/0   3m53s      
 [1m [0m[1;35mTYLERMAS…[0m[1m [0m  miner       [33m✈ transit[0m   X1-KU6-B7      79/80    0/15   [2m39m47s [0m    
 [1m           [0m                                                         [2mdrift[0m      
 [1m [0m[1;33mTYLERMAS…[0m[1m [0m  surveyor    [36m↑ orbit[0m     X1-KU6-B46     21/80     0/0              
 [1m [0m[1;34mTYLERMAS…[0m[1m [0m  hauler      [33m✈ transit[0m   X1-KU6-B7    312/600    0/80   6m17s      
 [1m [0m[1;96mTYLERMAS…[0m[1m [0m  siphoner    [33m✈ transit[0m   X1-KU6-C50     79/80   15/15   [2m1h32m [0m     
 [1m           [0m                                                         [2mdrift[0m      
 [1m [0m[1;92mTYLERMAS…[0m[1m [0m  siphoner    [33m✈ transit[0m   X1-KU6-C50     79/80   15/15   [2m1h32m [0m     
 [1m           [0m                                                         [2mdrift[0m      
 [1m [0m[1;95mTYLERMAS…[0m[1m [0m  siphoner    [33m✈ transit[0m   X1-KU6-B7      38/80   15/15   [2m1h37m [0m     
 [1m           [0m                                                         [2mdrift[0m      
 [1m [0m[1;93mTYLERMAS…[0m[1m [0m  siphoner    [33m✈ transit[0m   X1-KU6-C50     79/80   15/15   [2m1h31m [0m     
 [1m           [0m                                                         [2mdrift[0m      
 [1m [0m[1;37mTYLERMAS…[0m[1m [0m  trader      [32m⚓ docked[0m   X1-KU6-F58   600/600    0/80              
 [1m [0m[1;37mTYLERMAS…[0m[1m [0m  trader      [32m⚓ docked[0m   X1-KU6-F58   600/600    0/80              
 [1m [0m[1;37mTYLERMAS…[0m[1m [0m  miner       [33m✈ transit[0m   X1-KU6-B47     79/80    0/15   [2m1h53m [0m     
 [1m           [0m                                                         [2mdrift[0m      
 [1m [0m[1;37mTYLERMAS…[0m[1m [0m  surveyor    [33m✈ transit[0m   X1-KU6-B46     79/80     0/0   [2m2h10m [0m     
 [1m           [0m                                                         [2mdrift[0m      
                                                                                
  Contract: [36m░░░░░░░░░░░░░░░░░░░░░░░░░░░░░░[0m [1;36m0[0m[1m/[0m[1;36m8[0m SHIP_PARTS → X1-KU6-A2 [1m([0m[1;32m0[0m[32m%[0m[1m)[0m
[1;2;92m22:06:13[0m [92mTYLERMASTERY2-[0m[1;92m7[0m [33m⏳ in transit [0m[1;33m([0m[33m~1h 32m[0m[1;33m)[0m[33m...[0m
[1;2;92m22:06:13[0m   [36mTYLERMASTERY2-[0m[1;36m1[0m: 6x AMMONIA_ICE | __SELL_ONLY__: [1;36m0[0m | Cargo: [1;36m15[0m/[1;36m40[0m | 
CD: 80s
[1;2;92m22:06:14[0m [36mTYLERMASTERY2-[0m[1;36m1[0m [33m🌡 cooldown 79s[0m
[1;2;92m22:06:19[0m [96mTYLERMASTERY2-[0m[1;96m6[0m [33m⏳ in transit [0m[1;33m([0m[33m~1h 32m[0m[1;33m)[0m[33m...[0m
[1;2;92m22:06:22[0m [33mTYLERMASTERY2-[0m[1;33m4[0m [33m🌡 cooldown 11s[0m
[1;2;92m22:06:25[0m [36mTYLERMASTERY2-[0m[1;36m1[0m [33m🌡 cooldown 69s[0m
[1;2;92m22:06:27[0m [34mTYLERMASTERY2-[0m[1;34m5[0m [33m⏳ in transit [0m[1;33m([0m[33m~6m 3s[0m[1;33m)[0m[33m...[0m
[1;2;92m22:06:28[0m [35mTYLERMASTERY2-[0m[1;35m3[0m [33m⏳ in transit [0m[1;33m([0m[33m~39m 32s[0m[1;33m)[0m[33m...[0m
[1;2;92m22:06:34[0m [37mTYLERMASTERY2-C[0m [33m⏳ in transit [0m[1;33m([0m[33m~1h 53m[0m[1;33m)[0m[33m...[0m
[1;2;92m22:06:36[0m [36mTYLERMASTERY2-[0m[1;36m1[0m [33m🌡 cooldown 57s[0m
[1;2;92m22:06:39[0m [32mTYLERMASTERY2-[0m[1;32m2[0m [33m⏳ in transit [0m[1;33m([0m[33m~3m 27s[0m[1;33m)[0m[33m...[0m
[1;2;92m22:06:40[0m [35m🔭 TYLERMASTERY2-[0m[1;35m4[0m[35m: [0m[1;35m1[0m[35m [0m[1;35msurvey[0m[1;35m([0m[35ms[0m[1;35m)[0m[35m added [0m[1;35m([0m[1;35m0x[0m[35m SHIP_PARTS hits[0m[1;35m)[0m[35m | pool: [0m[1;35m19[0m
[1;2;92m22:06:47[0m [36mTYLERMASTERY2-[0m[1;36m1[0m [33m🌡 cooldown 46s[0m
[1;2;92m22:06:47[0m [33mTYLERMASTERY2-[0m[1;33m4[0m [33m🌡 cooldown 63s[0m
[1;2;92m22:07:00[0m [36mTYLERMASTERY2-[0m[1;36m1[0m [33m🌡 cooldown 33s[0m
[1;2;92m22:07:02[0m [33mTYLERMASTERY2-[0m[1;33m4[0m [33m🌡 cooldown 48s[0m
[1;2;92m22:07:11[0m [36mTYLERMASTERY2-[0m[1;36m1[0m [33m🌡 cooldown 22s[0m
[1;2;92m22:07:12[0m [37mTYLERMASTERY2-A[0m [2mno profitable arbitrage found — waiting 5min[0m
[1;2;92m22:07:12[0m [37mTYLERMASTERY2-B[0m [2mno profitable arbitrage found — waiting 5min[0m
[1;2;92m22:07:14[0m [33mTYLERMASTERY2-[0m[1;33m4[0m [33m🌡 cooldown 36s[0m
[1;2;92m22:07:14[0m [93mTYLERMASTERY2-[0m[1;93m9[0m [33m⏳ in transit [0m[1;33m([0m[33m~1h 30m[0m[1;33m)[0m[33m...[0m
[1;2;92m22:07:14[0m [37mTYLERMASTERY2-D[0m [33m⏳ in transit [0m[1;33m([0m[33m~2h 9m[0m[1;33m)[0m[33m...[0m
[3m                      [0m[1;3mFleet Status[0m[3m  [0m[3;32m1,644,960 cr[0m[3m  [0m[2;3m22:07:14[0m[3m                      [0m
                                                                                
 [1m [0m[1mShip     [0m[1m [0m [1m [0m[1mRole     [0m[1m [0m [1m [0m[1mStatus   [0m[1m [0m [1m [0m[1mLocation  [0m[1m [0m [1m [0m[1m   Fuel[0m[1m [0m [1m [0m[1mCargo[0m[1m [0m [1m [0m[1mETA      [0m[1m [0m 
 ━━━━━━━━━━━━━━━━━━━━━━━━━━━━━━━━━━━━━━━━━━━━━━━━━━━━━━━━━━━━━━━━━━━━━━━━━━━━━━ 
 [1m [0m[1;36mTYLERMAS…[0m[1m [0m  miner       [36m↑ orbit[0m     X1-KU6-B47   385/400   15/40              
 [1m [0m[1;32mTYLERMAS…[0m[1m [0m  fleet-mgr   [33m✈ transit[0m   X1-KU6-C51         —     0/0   2m52s      
 [1m [0m[1;35mTYLERMAS…[0m[1m [0m  miner       [33m✈ transit[0m   X1-KU6-B7      79/80    0/15   [2m38m46s [0m    
 [1m           [0m                                                         [2mdrift[0m      
 [1m [0m[1;33mTYLERMAS…[0m[1m [0m  surveyor    [36m↑ orbit[0m     X1-KU6-B46     21/80     0/0              
 [1m [0m[1;34mTYLERMAS…[0m[1m [0m  hauler      [33m✈ transit[0m   X1-KU6-B7    312/600    0/80   5m16s      
 [1m [0m[1;96mTYLERMAS…[0m[1m [0m  siphoner    [33m✈ transit[0m   X1-KU6-C50     79/80   15/15   [2m1h31m [0m     
 [1m           [0m                                                         [2mdrift[0m      
 [1m [0m[1;92mTYLERMAS…[0m[1m [0m  siphoner    [33m✈ transit[0m   X1-KU6-C50     79/80   15/15   [2m1h31m [0m     
 [1m           [0m                                                         [2mdrift[0m      
 [1m [0m[1;95mTYLERMAS…[0m[1m [0m  siphoner    [33m✈ transit[0m   X1-KU6-B7      38/80   15/15   [2m1h36m [0m     
 [1m           [0m                                                         [2mdrift[0m      
 [1m [0m[1;93mTYLERMAS…[0m[1m [0m  siphoner    [33m✈ transit[0m   X1-KU6-C50     79/80   15/15   [2m1h30m [0m     
 [1m           [0m                                                         [2mdrift[0m      
 [1m [0m[1;37mTYLERMAS…[0m[1m [0m  trader      [32m⚓ docked[0m   X1-KU6-F58   600/600    0/80              
 [1m [0m[1;37mTYLERMAS…[0m[1m [0m  trader      [32m⚓ docked[0m   X1-KU6-F58   600/600    0/80              
 [1m [0m[1;37mTYLERMAS…[0m[1m [0m  miner       [33m✈ transit[0m   X1-KU6-B47     79/80    0/15   [2m1h52m [0m     
 [1m           [0m                                                         [2mdrift[0m      
 [1m [0m[1;37mTYLERMAS…[0m[1m [0m  surveyor    [33m✈ transit[0m   X1-KU6-B46     79/80     0/0   [2m2h9m [0m      
 [1m           [0m                                                         [2mdrift[0m      
                                                                                
  Contract: [36m░░░░░░░░░░░░░░░░░░░░░░░░░░░░░░[0m [1;36m0[0m[1m/[0m[1;36m8[0m SHIP_PARTS → X1-KU6-A2 [1m([0m[1;32m0[0m[32m%[0m[1m)[0m
[1;2;92m22:07:18[0m [92mTYLERMASTERY2-[0m[1;92m7[0m [33m⏳ in transit [0m[1;33m([0m[33m~1h 31m[0m[1;33m)[0m[33m...[0m
[1;2;92m22:07:19[0m [95mTYLERMASTERY2-[0m[1;95m8[0m [33m⏳ in transit [0m[1;33m([0m[33m~1h 35m[0m[1;33m)[0m[33m...[0m
[1;2;92m22:07:21[0m [36mTYLERMASTERY2-[0m[1;36m1[0m [33m🌡 cooldown 12s[0m
[1;2;92m22:07:23[0m [96mTYLERMASTERY2-[0m[1;96m6[0m [33m⏳ in transit [0m[1;33m([0m[33m~1h 30m[0m[1;33m)[0m[33m...[0m
[1;2;92m22:07:24[0m [33mTYLERMASTERY2-[0m[1;33m4[0m [33m🌡 cooldown 25s[0m
[1;2;92m22:07:29[0m [34mTYLERMASTERY2-[0m[1;34m5[0m [33m⏳ in transit [0m[1;33m([0m[33m~5m 0s[0m[1;33m)[0m[33m...[0m
[1;2;92m22:07:30[0m [35mTYLERMASTERY2-[0m[1;35m3[0m [33m⏳ in transit [0m[1;33m([0m[33m~38m 30s[0m[1;33m)[0m[33m...[0m
[1;2;92m22:07:36[0m [33mTYLERMASTERY2-[0m[1;33m4[0m [33m🌡 cooldown 14s[0m
[1;2;92m22:07:36[0m [37mTYLERMASTERY2-C[0m [33m⏳ in transit [0m[1;33m([0m[33m~1h 52m[0m[1;33m)[0m[33m...[0m
[1;2;92m22:07:45[0m [32mTYLERMASTERY2-[0m[1;32m2[0m [33m⏳ in transit [0m[1;33m([0m[33m~2m 20s[0m[1;33m)[0m[33m...[0m
[1;2;92m22:07:46[0m [33mTYLERMASTERY2-[0m[1;33m4[0m [33m🌡 cooldown 3s[0m
[1;2;92m22:07:52[0m   [36mTYLERMASTERY2-[0m[1;36m1[0m: 6x SILICON_CRYSTALS | __SELL_ONLY__: [1;36m0[0m | Cargo: 
[1;36m21[0m/[1;36m40[0m | CD: 80s
[1;2;92m22:07:59[0m [35m🔭 TYLERMASTERY2-[0m[1;35m4[0m[35m: [0m[1;35m1[0m[35m [0m[1;35msurvey[0m[1;35m([0m[35ms[0m[1;35m)[0m[35m added [0m[1;35m([0m[1;35m0x[0m[35m SHIP_PARTS hits[0m[1;35m)[0m[35m | pool: [0m[1;35m20[0m
[1;2;92m22:08:14[0m [36mTYLERMASTERY2-[0m[1;36m1[0m [33m🌡 cooldown 50s[0m
[1;2;92m22:08:14[0m [33mTYLERMASTERY2-[0m[1;33m4[0m [33m🌡 cooldown 54s[0m
[3m                      [0m[1;3mFleet Status[0m[3m  [0m[3;32m1,644,960 cr[0m[3m  [0m[2;3m22:08:15[0m[3m                      [0m
                                                                                
 [1m [0m[1mShip     [0m[1m [0m [1m [0m[1mRole     [0m[1m [0m [1m [0m[1mStatus   [0m[1m [0m [1m [0m[1mLocation  [0m[1m [0m [1m [0m[1m   Fuel[0m[1m [0m [1m [0m[1mCargo[0m[1m [0m [1m [0m[1mETA      [0m[1m [0m 
 ━━━━━━━━━━━━━━━━━━━━━━━━━━━━━━━━━━━━━━━━━━━━━━━━━━━━━━━━━━━━━━━━━━━━━━━━━━━━━━ 
 [1m [0m[1;36mTYLERMAS…[0m[1m [0m  miner       [36m↑ orbit[0m     X1-KU6-B47   385/400   21/40              
 [1m [0m[1;32mTYLERMAS…[0m[1m [0m  fleet-mgr   [33m✈ transit[0m   X1-KU6-C51         —     0/0   1m51s      
 [1m [0m[1;35mTYLERMAS…[0m[1m [0m  miner       [33m✈ transit[0m   X1-KU6-B7      79/80    0/15   [2m37m45s [0m    
 [1m           [0m                                                         [2mdrift[0m      
 [1m [0m[1;33mTYLERMAS…[0m[1m [0m  surveyor    [36m↑ orbit[0m     X1-KU6-B46     21/80     0/0              
 [1m [0m[1;34mTYLERMAS…[0m[1m [0m  hauler      [33m✈ transit[0m   X1-KU6-B7    312/600    0/80   4m15s      
 [1m [0m[1;96mTYLERMAS…[0m[1m [0m  siphoner    [33m✈ transit[0m   X1-KU6-C50     79/80   15/15   [2m1h30m [0m     
 [1m           [0m                                                         [2mdrift[0m      
 [1m [0m[1;92mTYLERMAS…[0m[1m [0m  siphoner    [33m✈ transit[0m   X1-KU6-C50     79/80   15/15   [2m1h30m [0m     
 [1m           [0m                                                         [2mdrift[0m      
 [1m [0m[1;95mTYLERMAS…[0m[1m [0m  siphoner    [33m✈ transit[0m   X1-KU6-B7      38/80   15/15   [2m1h35m [0m     
 [1m           [0m                                                         [2mdrift[0m      
 [1m [0m[1;93mTYLERMAS…[0m[1m [0m  siphoner    [33m✈ transit[0m   X1-KU6-C50     79/80   15/15   [2m1h29m [0m     
 [1m           [0m                                                         [2mdrift[0m      
 [1m [0m[1;37mTYLERMAS…[0m[1m [0m  trader      [32m⚓ docked[0m   X1-KU6-F58   600/600    0/80              
 [1m [0m[1;37mTYLERMAS…[0m[1m [0m  trader      [32m⚓ docked[0m   X1-KU6-F58   600/600    0/80              
 [1m [0m[1;37mTYLERMAS…[0m[1m [0m  miner       [33m✈ transit[0m   X1-KU6-B47     79/80    0/15   [2m1h51m [0m     
 [1m           [0m                                                         [2mdrift[0m      
 [1m [0m[1;37mTYLERMAS…[0m[1m [0m  surveyor    [33m✈ transit[0m   X1-KU6-B46     79/80     0/0   [2m2h8m [0m      
 [1m           [0m                                                         [2mdrift[0m      
                                                                                
  Contract: [36m░░░░░░░░░░░░░░░░░░░░░░░░░░░░░░[0m [1;36m0[0m[1m/[0m[1;36m8[0m SHIP_PARTS → X1-KU6-A2 [1m([0m[1;32m0[0m[32m%[0m[1m)[0m
[1;2;92m22:08:16[0m [32mTYLERMASTERY2-[0m[1;32m2[0m [33m⏳ in transit [0m[1;33m([0m[33m~1m 50s[0m[1;33m)[0m[33m...[0m
[1;2;92m22:08:18[0m [37mTYLERMASTERY2-D[0m [33m⏳ in transit [0m[1;33m([0m[33m~2h 8m[0m[1;33m)[0m[33m...[0m
[1;2;92m22:08:19[0m [93mTYLERMASTERY2-[0m[1;93m9[0m [33m⏳ in transit [0m[1;33m([0m[33m~1h 29m[0m[1;33m)[0m[33m...[0m
[1;2;92m22:08:21[0m [32mTYLERMASTERY2-[0m[1;32m2[0m [33m⏳ in transit [0m[1;33m([0m[33m~1m 45s[0m[1;33m)[0m[33m...[0m
[1;2;92m22:08:22[0m [92mTYLERMASTERY2-[0m[1;92m7[0m [33m⏳ in transit [0m[1;33m([0m[33m~1h 30m[0m[1;33m)[0m[33m...[0m
[1;2;92m22:08:25[0m [33mTYLERMASTERY2-[0m[1;33m4[0m [33m🌡 cooldown 44s[0m
[1;2;92m22:08:25[0m [36mTYLERMASTERY2-[0m[1;36m1[0m [33m🌡 cooldown 40s[0m
[1;2;92m22:08:26[0m [95mTYLERMASTERY2-[0m[1;95m8[0m [33m⏳ in transit [0m[1;33m([0m[33m~1h 34m[0m[1;33m)[0m[33m...[0m
[1;2;92m22:08:28[0m [32mTYLERMASTERY2-[0m[1;32m2[0m [33m⏳ in transit [0m[1;33m([0m[33m~1m 38s[0m[1;33m)[0m[33m...[0m
[1;2;92m22:08:31[0m [34mTYLERMASTERY2-[0m[1;34m5[0m [33m⏳ in transit [0m[1;33m([0m[33m~3m 58s[0m[1;33m)[0m[33m...[0m
[1;2;92m22:08:36[0m [32mTYLERMASTERY2-[0m[1;32m2[0m [33m⏳ in transit [0m[1;33m([0m[33m~1m 29s[0m[1;33m)[0m[33m...[0m
[1;2;92m22:08:37[0m [96mTYLERMASTERY2-[0m[1;96m6[0m [33m⏳ in transit [0m[1;33m([0m[33m~1h 29m[0m[1;33m)[0m[33m...[0m
[1;2;92m22:08:38[0m [36mTYLERMASTERY2-[0m[1;36m1[0m [33m🌡 cooldown 27s[0m
[1;2;92m22:08:38[0m [33mTYLERMASTERY2-[0m[1;33m4[0m [33m🌡 cooldown 31s[0m
[1;2;92m22:08:43[0m [35mTYLERMASTERY2-[0m[1;35m3[0m [33m⏳ in transit [0m[1;33m([0m[33m~37m 17s[0m[1;33m)[0m[33m...[0m
[1;2;92m22:08:48[0m [36mTYLERMASTERY2-[0m[1;36m1[0m [33m🌡 cooldown 16s[0m
[1;2;92m22:08:55[0m [32mTYLERMASTERY2-[0m[1;32m2[0m [33m⏳ in transit [0m[1;33m([0m[33m~1m 11s[0m[1;33m)[0m[33m...[0m
[1;2;92m22:08:57[0m [37mTYLERMASTERY2-C[0m [33m⏳ in transit [0m[1;33m([0m[33m~1h 51m[0m[1;33m)[0m[33m...[0m
[1;2;92m22:08:59[0m [36mTYLERMASTERY2-[0m[1;36m1[0m [33m🌡 cooldown 6s[0m
[1;2;92m22:09:00[0m [33mTYLERMASTERY2-[0m[1;33m4[0m [33m🌡 cooldown 9s[0m
[1;2;92m22:09:06[0m [32mTYLERMASTERY2-[0m[1;32m2[0m [33m⏳ in transit [0m[1;33m([0m[33m~59s[0m[1;33m)[0m[33m...[0m
[1;2;92m22:09:13[0m [32mTYLERMASTERY2-[0m[1;32m2[0m [33m⏳ in transit [0m[1;33m([0m[33m~52s[0m[1;33m)[0m[33m...[0m
[1;2;92m22:09:15[0m   [36mTYLERMASTERY2-[0m[1;36m1[0m: 4x SILICON_CRYSTALS | __SELL_ONLY__: [1;36m0[0m | Cargo: 
[1;36m25[0m/[1;36m40[0m | CD: 80s
[1;2;92m22:09:16[0m [36mTYLERMASTERY2-[0m[1;36m1[0m [33m🌡 cooldown 79s[0m
[1;2;92m22:09:16[0m [35m🔭 TYLERMASTERY2-[0m[1;35m4[0m[35m: [0m[1;35m1[0m[35m [0m[1;35msurvey[0m[1;35m([0m[35ms[0m[1;35m)[0m[35m added [0m[1;35m([0m[1;35m0x[0m[35m SHIP_PARTS hits[0m[1;35m)[0m[35m | pool: [0m[1;35m19[0m
[3m                      [0m[1;3mFleet Status[0m[3m  [0m[3;32m1,644,960 cr[0m[3m  [0m[2;3m22:09:16[0m[3m                      [0m
                                                                                
 [1m [0m[1mShip     [0m[1m [0m [1m [0m[1mRole     [0m[1m [0m [1m [0m[1mStatus   [0m[1m [0m [1m [0m[1mLocation  [0m[1m [0m [1m [0m[1m   Fuel[0m[1m [0m [1m [0m[1mCargo[0m[1m [0m [1m [0m[1mETA      [0m[1m [0m 
 ━━━━━━━━━━━━━━━━━━━━━━━━━━━━━━━━━━━━━━━━━━━━━━━━━━━━━━━━━━━━━━━━━━━━━━━━━━━━━━ 
 [1m [0m[1;36mTYLERMAS…[0m[1m [0m  miner       [36m↑ orbit[0m     X1-KU6-B47   385/400   25/40              
 [1m [0m[1;32mTYLERMAS…[0m[1m [0m  fleet-mgr   [33m✈ transit[0m   X1-KU6-C51         —     0/0   50s        
 [1m [0m[1;35mTYLERMAS…[0m[1m [0m  miner       [33m✈ transit[0m   X1-KU6-B7      79/80    0/15   [2m36m44s [0m    
 [1m           [0m                                                         [2mdrift[0m      
 [1m [0m[1;33mTYLERMAS…[0m[1m [0m  surveyor    [36m↑ orbit[0m     X1-KU6-B46     21/80     0/0              
 [1m [0m[1;34mTYLERMAS…[0m[1m [0m  hauler      [33m✈ transit[0m   X1-KU6-B7    312/600    0/80   3m13s      
 [1m [0m[1;96mTYLERMAS…[0m[1m [0m  siphoner    [33m✈ transit[0m   X1-KU6-C50     79/80   15/15   [2m1h29m [0m     
 [1m           [0m                                                         [2mdrift[0m      
 [1m [0m[1;92mTYLERMAS…[0m[1m [0m  siphoner    [33m✈ transit[0m   X1-KU6-C50     79/80   15/15   [2m1h29m [0m     
 [1m           [0m                                                         [2mdrift[0m      
 [1m [0m[1;95mTYLERMAS…[0m[1m [0m  siphoner    [33m✈ transit[0m   X1-KU6-B7      38/80   15/15   [2m1h34m [0m     
 [1m           [0m                                                         [2mdrift[0m      
 [1m [0m[1;93mTYLERMAS…[0m[1m [0m  siphoner    [33m✈ transit[0m   X1-KU6-C50     79/80   15/15   [2m1h28m [0m     
 [1m           [0m                                                         [2mdrift[0m      
 [1m [0m[1;37mTYLERMAS…[0m[1m [0m  trader      [32m⚓ docked[0m   X1-KU6-F58   600/600    0/80              
 [1m [0m[1;37mTYLERMAS…[0m[1m [0m  trader      [32m⚓ docked[0m   X1-KU6-F58   600/600    0/80              
 [1m [0m[1;37mTYLERMAS…[0m[1m [0m  miner       [33m✈ transit[0m   X1-KU6-B47     79/80    0/15   [2m1h50m [0m     
 [1m           [0m                                                         [2mdrift[0m      
 [1m [0m[1;37mTYLERMAS…[0m[1m [0m  surveyor    [33m✈ transit[0m   X1-KU6-B46     79/80     0/0   [2m2h7m [0m      
 [1m           [0m                                                         [2mdrift[0m      
                                                                                
  Contract: [36m░░░░░░░░░░░░░░░░░░░░░░░░░░░░░░[0m [1;36m0[0m[1m/[0m[1;36m8[0m SHIP_PARTS → X1-KU6-A2 [1m([0m[1;32m0[0m[32m%[0m[1m)[0m
[1;2;92m22:09:17[0m [33mTYLERMASTERY2-[0m[1;33m4[0m [33m🌡 cooldown 69s[0m
[1;2;92m22:09:19[0m [32mTYLERMASTERY2-[0m[1;32m2[0m [33m⏳ in transit [0m[1;33m([0m[33m~47s[0m[1;33m)[0m[33m...[0m
[1;2;92m22:09:20[0m [93mTYLERMASTERY2-[0m[1;93m9[0m [33m⏳ in transit [0m[1;33m([0m[33m~1h 28m[0m[1;33m)[0m[33m...[0m
[1;2;92m22:09:20[0m [37mTYLERMASTERY2-D[0m [33m⏳ in transit [0m[1;33m([0m[33m~2h 7m[0m[1;33m)[0m[33m...[0m
[1;2;92m22:09:24[0m [32mTYLERMASTERY2-[0m[1;32m2[0m [33m⏳ in transit [0m[1;33m([0m[33m~42s[0m[1;33m)[0m[33m...[0m
[1;2;92m22:09:25[0m [92mTYLERMASTERY2-[0m[1;92m7[0m [33m⏳ in transit [0m[1;33m([0m[33m~1h 29m[0m[1;33m)[0m[33m...[0m
[1;2;92m22:09:26[0m [36mTYLERMASTERY2-[0m[1;36m1[0m [33m🌡 cooldown 69s[0m
[1;2;92m22:09:27[0m [33mTYLERMASTERY2-[0m[1;33m4[0m [33m🌡 cooldown 58s[0m
[1;2;92m22:09:30[0m [95mTYLERMASTERY2-[0m[1;95m8[0m [33m⏳ in transit [0m[1;33m([0m[33m~1h 33m[0m[1;33m)[0m[33m...[0m
[1;2;92m22:09:36[0m [32mTYLERMASTERY2-[0m[1;32m2[0m [33m⏳ in transit [0m[1;33m([0m[33m~30s[0m[1;33m)[0m[33m...[0m
[1;2;92m22:09:37[0m [34mTYLERMASTERY2-[0m[1;34m5[0m [33m⏳ in transit [0m[1;33m([0m[33m~2m 53s[0m[1;33m)[0m[33m...[0m
[1;2;92m22:09:41[0m [96mTYLERMASTERY2-[0m[1;96m6[0m [33m⏳ in transit [0m[1;33m([0m[33m~1h 28m[0m[1;33m)[0m[33m...[0m
[1;2;92m22:09:42[0m [33mTYLERMASTERY2-[0m[1;33m4[0m [33m🌡 cooldown 43s[0m
[1;2;92m22:09:42[0m [32mTYLERMASTERY2-[0m[1;32m2[0m [33m⏳ in transit [0m[1;33m([0m[33m~23s[0m[1;33m)[0m[33m...[0m
[1;2;92m22:09:47[0m [35mTYLERMASTERY2-[0m[1;35m3[0m [33m⏳ in transit [0m[1;33m([0m[33m~36m 13s[0m[1;33m)[0m[33m...[0m
[1;2;92m22:09:47[0m [36mTYLERMASTERY2-[0m[1;36m1[0m [33m🌡 cooldown 48s[0m
[1;2;92m22:09:49[0m [32mTYLERMASTERY2-[0m[1;32m2[0m [33m⏳ in transit [0m[1;33m([0m[33m~17s[0m[1;33m)[0m[33m...[0m
[1;2;92m22:09:56[0m [32mTYLERMASTERY2-[0m[1;32m2[0m [33m⏳ in transit [0m[1;33m([0m[33m~10s[0m[1;33m)[0m[33m...[0m
[1;2;92m22:09:57[0m [36mTYLERMASTERY2-[0m[1;36m1[0m [33m🌡 cooldown 37s[0m
[1;2;92m22:09:58[0m [37mTYLERMASTERY2-C[0m [33m⏳ in transit [0m[1;33m([0m[33m~1h 50m[0m[1;33m)[0m[33m...[0m
[1;2;92m22:09:58[0m [33mTYLERMASTERY2-[0m[1;33m4[0m [33m🌡 cooldown 27s[0m
[1;2;92m22:10:04[0m [32mTYLERMASTERY2-[0m[1;32m2[0m [32m✓[0m arrived at [1mX1-KU6-C51[0m
[1;2;92m22:10:11[0m [36mTYLERMASTERY2-[0m[1;36m1[0m [33m🌡 cooldown 24s[0m
[1;2;92m22:10:12[0m [33mTYLERMASTERY2-[0m[1;33m4[0m [33m🌡 cooldown 14s[0m
[1;2;92m22:10:12[0m [32mTYLERMASTERY2-[0m[1;32m2[0m [36m⚓ docked[0m
[1;2;92m22:10:16[0m [32mTYLERMASTERY2-[0m[1;32m2[0m [36m↑ orbiting[0m
[1;2;92m22:10:16[0m [32mTYLERMASTERY2-[0m[1;32m2[0m [34m🚀 Navigating → X1-KU6-H62[0m
[3m                      [0m[1;3mFleet Status[0m[3m  [0m[3;32m1,644,960 cr[0m[3m  [0m[2;3m22:10:17[0m[3m                      [0m
                                                                                
 [1m [0m[1mShip     [0m[1m [0m [1m [0m[1mRole     [0m[1m [0m [1m [0m[1mStatus   [0m[1m [0m [1m [0m[1mLocation  [0m[1m [0m [1m [0m[1m   Fuel[0m[1m [0m [1m [0m[1mCargo[0m[1m [0m [1m [0m[1mETA      [0m[1m [0m 
 ━━━━━━━━━━━━━━━━━━━━━━━━━━━━━━━━━━━━━━━━━━━━━━━━━━━━━━━━━━━━━━━━━━━━━━━━━━━━━━ 
 [1m [0m[1;36mTYLERMAS…[0m[1m [0m  miner       [36m↑ orbit[0m     X1-KU6-B47   385/400   25/40              
 [1m [0m[1;32mTYLERMAS…[0m[1m [0m  fleet-mgr   [36m↑ orbit[0m     X1-KU6-C51         —     0/0              
 [1m [0m[1;35mTYLERMAS…[0m[1m [0m  miner       [33m✈ transit[0m   X1-KU6-B7      79/80    0/15   [2m35m43s [0m    
 [1m           [0m                                                         [2mdrift[0m      
 [1m [0m[1;33mTYLERMAS…[0m[1m [0m  surveyor    [36m↑ orbit[0m     X1-KU6-B46     21/80     0/0              
 [1m [0m[1;34mTYLERMAS…[0m[1m [0m  hauler      [33m✈ transit[0m   X1-KU6-B7    312/600    0/80   2m12s      
 [1m [0m[1;96mTYLERMAS…[0m[1m [0m  siphoner    [33m✈ transit[0m   X1-KU6-C50     79/80   15/15   [2m1h28m [0m     
 [1m           [0m                                                         [2mdrift[0m      
 [1m [0m[1;92mTYLERMAS…[0m[1m [0m  siphoner    [33m✈ transit[0m   X1-KU6-C50     79/80   15/15   [2m1h28m [0m     
 [1m           [0m                                                         [2mdrift[0m      
 [1m [0m[1;95mTYLERMAS…[0m[1m [0m  siphoner    [33m✈ transit[0m   X1-KU6-B7      38/80   15/15   [2m1h32m [0m     
 [1m           [0m                                                         [2mdrift[0m      
 [1m [0m[1;93mTYLERMAS…[0m[1m [0m  siphoner    [33m✈ transit[0m   X1-KU6-C50     79/80   15/15   [2m1h27m [0m     
 [1m           [0m                                                         [2mdrift[0m      
 [1m [0m[1;37mTYLERMAS…[0m[1m [0m  trader      [32m⚓ docked[0m   X1-KU6-F58   600/600    0/80              
 [1m [0m[1;37mTYLERMAS…[0m[1m [0m  trader      [32m⚓ docked[0m   X1-KU6-F58   600/600    0/80              
 [1m [0m[1;37mTYLERMAS…[0m[1m [0m  miner       [33m✈ transit[0m   X1-KU6-B47     79/80    0/15   [2m1h49m [0m     
 [1m           [0m                                                         [2mdrift[0m      
 [1m [0m[1;37mTYLERMAS…[0m[1m [0m  surveyor    [33m✈ transit[0m   X1-KU6-B46     79/80     0/0   [2m2h6m [0m      
 [1m           [0m                                                         [2mdrift[0m      
                                                                                
  Contract: [36m░░░░░░░░░░░░░░░░░░░░░░░░░░░░░░[0m [1;36m0[0m[1m/[0m[1;36m8[0m SHIP_PARTS → X1-KU6-A2 [1m([0m[1;32m0[0m[32m%[0m[1m)[0m
[1;2;92m22:10:17[0m [32mTYLERMASTERY2-[0m[1;32m2[0m [33m⏳ in transit [0m[1;33m([0m[33m~9m 0s[0m[1;33m)[0m[33m...[0m
[1;2;92m22:10:21[0m [36mTYLERMASTERY2-[0m[1;36m1[0m [33m🌡 cooldown 14s[0m
[1;2;92m22:10:21[0m [37mTYLERMASTERY2-D[0m [33m⏳ in transit [0m[1;33m([0m[33m~2h 6m[0m[1;33m)[0m[33m...[0m
[1;2;92m22:10:21[0m [93mTYLERMASTERY2-[0m[1;93m9[0m [33m⏳ in transit [0m[1;33m([0m[33m~1h 27m[0m[1;33m)[0m[33m...[0m
[1;2;92m22:10:22[0m [33mTYLERMASTERY2-[0m[1;33m4[0m [33m🌡 cooldown 3s[0m
[1;2;92m22:10:26[0m [92mTYLERMASTERY2-[0m[1;92m7[0m [33m⏳ in transit [0m[1;33m([0m[33m~1h 28m[0m[1;33m)[0m[33m...[0m
[1;2;92m22:10:26[0m [35m🔭 TYLERMASTERY2-[0m[1;35m4[0m[35m: [0m[1;35m1[0m[35m [0m[1;35msurvey[0m[1;35m([0m[35ms[0m[1;35m)[0m[35m added [0m[1;35m([0m[1;35m0x[0m[35m SHIP_PARTS hits[0m[1;35m)[0m[35m | pool: [0m[1;35m20[0m
[1;2;92m22:10:29[0m [33mTYLERMASTERY2-[0m[1;33m4[0m [33m🌡 cooldown 67s[0m
[1;2;92m22:10:33[0m [95mTYLERMASTERY2-[0m[1;95m8[0m [33m⏳ in transit [0m[1;33m([0m[33m~1h 32m[0m[1;33m)[0m[33m...[0m
[1;2;92m22:10:42[0m [33mTYLERMASTERY2-[0m[1;33m4[0m [33m🌡 cooldown 54s[0m
[1;2;92m22:10:43[0m [96mTYLERMASTERY2-[0m[1;96m6[0m [33m⏳ in transit [0m[1;33m([0m[33m~1h 27m[0m[1;33m)[0m[33m...[0m
[1;2;92m22:10:50[0m   [36mTYLERMASTERY2-[0m[1;36m1[0m: 6x AMMONIA_ICE | __SELL_ONLY__: [1;36m0[0m | Cargo: [1;36m31[0m/[1;36m40[0m | 
CD: 80s
[1;2;92m22:10:55[0m [34mTYLERMASTERY2-[0m[1;34m5[0m [33m⏳ in transit [0m[1;33m([0m[33m~1m 35s[0m[1;33m)[0m[33m...[0m
[1;2;92m22:10:58[0m [33mTYLERMASTERY2-[0m[1;33m4[0m [33m🌡 cooldown 38s[0m
[1;2;92m22:10:59[0m [36mTYLERMASTERY2-[0m[1;36m1[0m [33m🌡 cooldown 63s[0m
[1;2;92m22:11:00[0m [34mTYLERMASTERY2-[0m[1;34m5[0m [33m⏳ in transit [0m[1;33m([0m[33m~1m 29s[0m[1;33m)[0m[33m...[0m
[1;2;92m22:11:01[0m [35mTYLERMASTERY2-[0m[1;35m3[0m [33m⏳ in transit [0m[1;33m([0m[33m~34m 59s[0m[1;33m)[0m[33m...[0m
[1;2;92m22:11:06[0m [37mTYLERMASTERY2-C[0m [33m⏳ in transit [0m[1;33m([0m[33m~1h 48m[0m[1;33m)[0m[33m...[0m
[1;2;92m22:11:08[0m [33mTYLERMASTERY2-[0m[1;33m4[0m [33m🌡 cooldown 27s[0m
[1;2;92m22:11:09[0m [34mTYLERMASTERY2-[0m[1;34m5[0m [33m⏳ in transit [0m[1;33m([0m[33m~1m 21s[0m[1;33m)[0m[33m...[0m
[1;2;92m22:11:10[0m [36mTYLERMASTERY2-[0m[1;36m1[0m [33m🌡 cooldown 53s[0m
[1;2;92m22:11:16[0m [34mTYLERMASTERY2-[0m[1;34m5[0m [33m⏳ in transit [0m[1;33m([0m[33m~1m 14s[0m[1;33m)[0m[33m...[0m
[3m                      [0m[1;3mFleet Status[0m[3m  [0m[3;32m1,644,960 cr[0m[3m  [0m[2;3m22:11:18[0m[3m                      [0m
                                                                                
 [1m [0m[1mShip     [0m[1m [0m [1m [0m[1mRole     [0m[1m [0m [1m [0m[1mStatus   [0m[1m [0m [1m [0m[1mLocation  [0m[1m [0m [1m [0m[1m   Fuel[0m[1m [0m [1m [0m[1mCargo[0m[1m [0m [1m [0m[1mETA      [0m[1m [0m 
 ━━━━━━━━━━━━━━━━━━━━━━━━━━━━━━━━━━━━━━━━━━━━━━━━━━━━━━━━━━━━━━━━━━━━━━━━━━━━━━ 
 [1m [0m[1;36mTYLERMAS…[0m[1m [0m  miner       [36m↑ orbit[0m     X1-KU6-B47   385/400   31/40              
 [1m [0m[1;32mTYLERMAS…[0m[1m [0m  fleet-mgr   [33m✈ transit[0m   X1-KU6-H62         —     0/0   7m59s      
 [1m [0m[1;35mTYLERMAS…[0m[1m [0m  miner       [33m✈ transit[0m   X1-KU6-B7      79/80    0/15   [2m34m41s [0m    
 [1m           [0m                                                         [2mdrift[0m      
 [1m [0m[1;33mTYLERMAS…[0m[1m [0m  surveyor    [36m↑ orbit[0m     X1-KU6-B46     21/80     0/0              
 [1m [0m[1;34mTYLERMAS…[0m[1m [0m  hauler      [33m✈ transit[0m   X1-KU6-B7    312/600    0/80   1m11s      
 [1m [0m[1;96mTYLERMAS…[0m[1m [0m  siphoner    [33m✈ transit[0m   X1-KU6-C50     79/80   15/15   [2m1h27m [0m     
 [1m           [0m                                                         [2mdrift[0m      
 [1m [0m[1;92mTYLERMAS…[0m[1m [0m  siphoner    [33m✈ transit[0m   X1-KU6-C50     79/80   15/15   [2m1h27m [0m     
 [1m           [0m                                                         [2mdrift[0m      
 [1m [0m[1;95mTYLERMAS…[0m[1m [0m  siphoner    [33m✈ transit[0m   X1-KU6-B7      38/80   15/15   [2m1h31m [0m     
 [1m           [0m                                                         [2mdrift[0m      
 [1m [0m[1;93mTYLERMAS…[0m[1m [0m  siphoner    [33m✈ transit[0m   X1-KU6-C50     79/80   15/15   [2m1h26m [0m     
 [1m           [0m                                                         [2mdrift[0m      
 [1m [0m[1;37mTYLERMAS…[0m[1m [0m  trader      [32m⚓ docked[0m   X1-KU6-F58   600/600    0/80              
 [1m [0m[1;37mTYLERMAS…[0m[1m [0m  trader      [32m⚓ docked[0m   X1-KU6-F58   600/600    0/80              
 [1m [0m[1;37mTYLERMAS…[0m[1m [0m  miner       [33m✈ transit[0m   X1-KU6-B47     79/80    0/15   [2m1h48m [0m     
 [1m           [0m                                                         [2mdrift[0m      
 [1m [0m[1;37mTYLERMAS…[0m[1m [0m  surveyor    [33m✈ transit[0m   X1-KU6-B46     79/80     0/0   [2m2h5m [0m      
 [1m           [0m                                                         [2mdrift[0m      
                                                                                
  Contract: [36m░░░░░░░░░░░░░░░░░░░░░░░░░░░░░░[0m [1;36m0[0m[1m/[0m[1;36m8[0m SHIP_PARTS → X1-KU6-A2 [1m([0m[1;32m0[0m[32m%[0m[1m)[0m
[1;2;92m22:11:19[0m [33mTYLERMASTERY2-[0m[1;33m4[0m [33m🌡 cooldown 17s[0m
[1;2;92m22:11:20[0m [36mTYLERMASTERY2-[0m[1;36m1[0m [33m🌡 cooldown 42s[0m
[1;2;92m22:11:21[0m [34mTYLERMASTERY2-[0m[1;34m5[0m [33m⏳ in transit [0m[1;33m([0m[33m~1m 9s[0m[1;33m)[0m[33m...[0m
[1;2;92m22:11:22[0m [93mTYLERMASTERY2-[0m[1;93m9[0m [33m⏳ in transit [0m[1;33m([0m[33m~1h 26m[0m[1;33m)[0m[33m...[0m
[1;2;92m22:11:23[0m [37mTYLERMASTERY2-D[0m [33m⏳ in transit [0m[1;33m([0m[33m~2h 5m[0m[1;33m)[0m[33m...[0m
[1;2;92m22:11:27[0m [92mTYLERMASTERY2-[0m[1;92m7[0m [33m⏳ in transit [0m[1;33m([0m[33m~1h 27m[0m[1;33m)[0m[33m...[0m
[1;2;92m22:11:27[0m [34mTYLERMASTERY2-[0m[1;34m5[0m [33m⏳ in transit [0m[1;33m([0m[33m~1m 3s[0m[1;33m)[0m[33m...[0m
[1;2;92m22:11:29[0m [32mTYLERMASTERY2-[0m[1;32m2[0m [33m⏳ in transit [0m[1;33m([0m[33m~7m 49s[0m[1;33m)[0m[33m...[0m
[1;2;92m22:11:29[0m [33mTYLERMASTERY2-[0m[1;33m4[0m [33m🌡 cooldown 6s[0m
[1;2;92m22:11:30[0m [36mTYLERMASTERY2-[0m[1;36m1[0m [33m🌡 cooldown 32s[0m
[1;2;92m22:11:32[0m [34mTYLERMASTERY2-[0m[1;34m5[0m [33m⏳ in transit [0m[1;33m([0m[33m~58s[0m[1;33m)[0m[33m...[0m
[1;2;92m22:11:35[0m [95mTYLERMASTERY2-[0m[1;95m8[0m [33m⏳ in transit [0m[1;33m([0m[33m~1h 31m[0m[1;33m)[0m[33m...[0m
[1;2;92m22:11:36[0m [35m🔭 TYLERMASTERY2-[0m[1;35m4[0m[35m: [0m[1;35m1[0m[35m [0m[1;35msurvey[0m[1;35m([0m[35ms[0m[1;35m)[0m[35m added [0m[1;35m([0m[1;35m0x[0m[35m SHIP_PARTS hits[0m[1;35m)[0m[35m | pool: [0m[1;35m21[0m
[1;2;92m22:11:40[0m [34mTYLERMASTERY2-[0m[1;34m5[0m [33m⏳ in transit [0m[1;33m([0m[33m~49s[0m[1;33m)[0m[33m...[0m
[1;2;92m22:11:42[0m [33mTYLERMASTERY2-[0m[1;33m4[0m [33m🌡 cooldown 64s[0m
[1;2;92m22:11:44[0m [36mTYLERMASTERY2-[0m[1;36m1[0m [33m🌡 cooldown 19s[0m
[1;2;92m22:11:46[0m [34mTYLERMASTERY2-[0m[1;34m5[0m [33m⏳ in transit [0m[1;33m([0m[33m~44s[0m[1;33m)[0m[33m...[0m
[1;2;92m22:11:47[0m [96mTYLERMASTERY2-[0m[1;96m6[0m [33m⏳ in transit [0m[1;33m([0m[33m~1h 26m[0m[1;33m)[0m[33m...[0m
[1;2;92m22:11:51[0m [34mTYLERMASTERY2-[0m[1;34m5[0m [33m⏳ in transit [0m[1;33m([0m[33m~38s[0m[1;33m)[0m[33m...[0m
[1;2;92m22:11:55[0m [33mTYLERMASTERY2-[0m[1;33m4[0m [33m🌡 cooldown 51s[0m
[1;2;92m22:11:57[0m [36mTYLERMASTERY2-[0m[1;36m1[0m [33m🌡 cooldown 5s[0m
[1;2;92m22:11:58[0m [34mTYLERMASTERY2-[0m[1;34m5[0m [33m⏳ in transit [0m[1;33m([0m[33m~31s[0m[1;33m)[0m[33m...[0m
[1;2;92m22:12:01[0m [35mTYLERMASTERY2-[0m[1;35m3[0m [33m⏳ in transit [0m[1;33m([0m[33m~33m 58s[0m[1;33m)[0m[33m...[0m
[1;2;92m22:12:04[0m [34mTYLERMASTERY2-[0m[1;34m5[0m [33m⏳ in transit [0m[1;33m([0m[33m~26s[0m[1;33m)[0m[33m...[0m
[1;2;92m22:12:07[0m [37mTYLERMASTERY2-C[0m [33m⏳ in transit [0m[1;33m([0m[33m~1h 47m[0m[1;33m)[0m[33m...[0m
[1;2;92m22:12:08[0m [33mTYLERMASTERY2-[0m[1;33m4[0m [33m🌡 cooldown 38s[0m
[1;2;92m22:12:09[0m [34mTYLERMASTERY2-[0m[1;34m5[0m [33m⏳ in transit [0m[1;33m([0m[33m~20s[0m[1;33m)[0m[33m...[0m
[1;2;92m22:12:09[0m   [36mTYLERMASTERY2-[0m[1;36m1[0m: 4x AMMONIA_ICE | __SELL_ONLY__: [1;36m0[0m | Cargo: [1;36m35[0m/[1;36m40[0m | 
CD: 80s
[1;2;92m22:12:12[0m [37mTYLERMASTERY2-A[0m [2mno profitable arbitrage found — waiting 5min[0m
[1;2;92m22:12:12[0m [37mTYLERMASTERY2-B[0m [2mno profitable arbitrage found — waiting 5min[0m
[1;2;92m22:12:15[0m [34mTYLERMASTERY2-[0m[1;34m5[0m [33m⏳ in transit [0m[1;33m([0m[33m~15s[0m[1;33m)[0m[33m...[0m
[1;2;92m22:12:15[0m [36mTYLERMASTERY2-[0m[1;36m1[0m [33m🌡 cooldown 72s[0m
[1;2;92m22:12:19[0m [33mTYLERMASTERY2-[0m[1;33m4[0m [33m🌡 cooldown 27s[0m
[3m                      [0m[1;3mFleet Status[0m[3m  [0m[3;32m1,644,960 cr[0m[3m  [0m[2;3m22:12:19[0m[3m                      [0m
                                                                                
 [1m [0m[1mShip     [0m[1m [0m [1m [0m[1mRole     [0m[1m [0m [1m [0m[1mStatus   [0m[1m [0m [1m [0m[1mLocation  [0m[1m [0m [1m [0m[1m   Fuel[0m[1m [0m [1m [0m[1mCargo[0m[1m [0m [1m [0m[1mETA      [0m[1m [0m 
 ━━━━━━━━━━━━━━━━━━━━━━━━━━━━━━━━━━━━━━━━━━━━━━━━━━━━━━━━━━━━━━━━━━━━━━━━━━━━━━ 
 [1m [0m[1;36mTYLERMAS…[0m[1m [0m  miner       [36m↑ orbit[0m     X1-KU6-B47   385/400   35/40              
 [1m [0m[1;32mTYLERMAS…[0m[1m [0m  fleet-mgr   [33m✈ transit[0m   X1-KU6-H62         —     0/0   6m58s      
 [1m [0m[1;35mTYLERMAS…[0m[1m [0m  miner       [33m✈ transit[0m   X1-KU6-B7      79/80    0/15   [2m33m40s [0m    
 [1m           [0m                                                         [2mdrift[0m      
 [1m [0m[1;33mTYLERMAS…[0m[1m [0m  surveyor    [36m↑ orbit[0m     X1-KU6-B46     21/80     0/0              
 [1m [0m[1;34mTYLERMAS…[0m[1m [0m  hauler      [33m✈ transit[0m   X1-KU6-B7    312/600    0/80   10s        
 [1m [0m[1;96mTYLERMAS…[0m[1m [0m  siphoner    [33m✈ transit[0m   X1-KU6-C50     79/80   15/15   [2m1h26m [0m     
 [1m           [0m                                                         [2mdrift[0m      
 [1m [0m[1;92mTYLERMAS…[0m[1m [0m  siphoner    [33m✈ transit[0m   X1-KU6-C50     79/80   15/15   [2m1h26m [0m     
 [1m           [0m                                                         [2mdrift[0m      
 [1m [0m[1;95mTYLERMAS…[0m[1m [0m  siphoner    [33m✈ transit[0m   X1-KU6-B7      38/80   15/15   [2m1h30m [0m     
 [1m           [0m                                                         [2mdrift[0m      
 [1m [0m[1;93mTYLERMAS…[0m[1m [0m  siphoner    [33m✈ transit[0m   X1-KU6-C50     79/80   15/15   [2m1h25m [0m     
 [1m           [0m                                                         [2mdrift[0m      
 [1m [0m[1;37mTYLERMAS…[0m[1m [0m  trader      [32m⚓ docked[0m   X1-KU6-F58   600/600    0/80              
 [1m [0m[1;37mTYLERMAS…[0m[1m [0m  trader      [32m⚓ docked[0m   X1-KU6-F58   600/600    0/80              
 [1m [0m[1;37mTYLERMAS…[0m[1m [0m  miner       [33m✈ transit[0m   X1-KU6-B47     79/80    0/15   [2m1h47m [0m     
 [1m           [0m                                                         [2mdrift[0m      
 [1m [0m[1;37mTYLERMAS…[0m[1m [0m  surveyor    [33m✈ transit[0m   X1-KU6-B46     79/80     0/0   [2m2h4m [0m      
 [1m           [0m                                                         [2mdrift[0m      
                                                                                
  Contract: [36m░░░░░░░░░░░░░░░░░░░░░░░░░░░░░░[0m [1;36m0[0m[1m/[0m[1;36m8[0m SHIP_PARTS → X1-KU6-A2 [1m([0m[1;32m0[0m[32m%[0m[1m)[0m
[1;2;92m22:12:20[0m [34mTYLERMASTERY2-[0m[1;34m5[0m [33m⏳ in transit [0m[1;33m([0m[33m~10s[0m[1;33m)[0m[33m...[0m
[1;2;92m22:12:24[0m [37mTYLERMASTERY2-D[0m [33m⏳ in transit [0m[1;33m([0m[33m~2h 4m[0m[1;33m)[0m[33m...[0m
[1;2;92m22:12:25[0m [93mTYLERMASTERY2-[0m[1;93m9[0m [33m⏳ in transit [0m[1;33m([0m[33m~1h 24m[0m[1;33m)[0m[33m...[0m
[1;2;92m22:12:25[0m [36mTYLERMASTERY2-[0m[1;36m1[0m [33m🌡 cooldown 61s[0m
[1;2;92m22:12:25[0m [34mTYLERMASTERY2-[0m[1;34m5[0m [33m⏳ in transit [0m[1;33m([0m[33m~4s[0m[1;33m)[0m[33m...[0m
[1;2;92m22:12:29[0m [33mTYLERMASTERY2-[0m[1;33m4[0m [33m🌡 cooldown 17s[0m
[1;2;92m22:12:31[0m [34mTYLERMASTERY2-[0m[1;34m5[0m [32m✓[0m arrived at [1mX1-KU6-B7[0m
[1;2;92m22:12:33[0m [92mTYLERMASTERY2-[0m[1;92m7[0m [33m⏳ in transit [0m[1;33m([0m[33m~1h 26m[0m[1;33m)[0m[33m...[0m
[1;2;92m22:12:35[0m [34mTYLERMASTERY2-[0m[1;34m5[0m [36m⚓ docked[0m
[1;2;92m22:12:36[0m [36mTYLERMASTERY2-[0m[1;36m1[0m [33m🌡 cooldown 51s[0m
[1;2;92m22:12:41[0m [32m⛽ Refueled to [0m[1;32m600[0m[32m/[0m[1;32m600[0m
[1;2;92m22:12:41[0m [34mTYLERMASTERY2-[0m[1;34m5[0m [36mSHIP_PARTS will be purchased [0m[1;36m([0m[36mnon-mineable good @ [0m[1;36m0[0m[36m [0m
[36mcr/u[0m[1;36m)[0m
[1;2;92m22:12:42[0m [32mTYLERMASTERY2-[0m[1;32m2[0m [33m⏳ in transit [0m[1;33m([0m[33m~6m 35s[0m[1;33m)[0m[33m...[0m
[1;2;92m22:12:42[0m [33mTYLERMASTERY2-[0m[1;33m4[0m [33m🌡 cooldown 3s[0m
[1;2;92m22:12:48[0m [96mTYLERMASTERY2-[0m[1;96m6[0m [33m⏳ in transit [0m[1;33m([0m[33m~1h 25m[0m[1;33m)[0m[33m...[0m
[1;2;92m22:12:49[0m [95mTYLERMASTERY2-[0m[1;95m8[0m [33m⏳ in transit [0m[1;33m([0m[33m~1h 30m[0m[1;33m)[0m[33m...[0m
[1;2;92m22:12:49[0m [34mTYLERMASTERY2-[0m[1;34m5[0m [36m↑ orbiting[0m
[1;2;92m22:12:49[0m [34mTYLERMASTERY2-[0m[1;34m5[0m [34m🚀 Navigating → X1-KU6-D53[0m
[1;2;92m22:12:54[0m [36mTYLERMASTERY2-[0m[1;36m1[0m [33m🌡 cooldown 33s[0m
[1;2;92m22:12:54[0m [35m🔭 TYLERMASTERY2-[0m[1;35m4[0m[35m: [0m[1;35m1[0m[35m [0m[1;35msurvey[0m[1;35m([0m[35ms[0m[1;35m)[0m[35m added [0m[1;35m([0m[1;35m0x[0m[35m SHIP_PARTS hits[0m[1;35m)[0m[35m | pool: [0m[1;35m22[0m
[1;2;92m22:13:02[0m [35mTYLERMASTERY2-[0m[1;35m3[0m [33m⏳ in transit [0m[1;33m([0m[33m~32m 57s[0m[1;33m)[0m[33m...[0m
[1;2;92m22:13:03[0m [33mTYLERMASTERY2-[0m[1;33m4[0m [33m🌡 cooldown 60s[0m
[1;2;92m22:13:06[0m [34mTYLERMASTERY2-[0m[1;34m5[0m [33m⏳ in transit [0m[1;33m([0m[33m~10m 42s[0m[1;33m)[0m[33m...[0m
[1;2;92m22:13:07[0m [36mTYLERMASTERY2-[0m[1;36m1[0m [33m🌡 cooldown 20s[0m
[1;2;92m22:13:15[0m [37mTYLERMASTERY2-C[0m [33m⏳ in transit [0m[1;33m([0m[33m~1h 46m[0m[1;33m)[0m[33m...[0m
[1;2;92m22:13:15[0m [33mTYLERMASTERY2-[0m[1;33m4[0m [33m🌡 cooldown 48s[0m
[1;2;92m22:13:17[0m [36mTYLERMASTERY2-[0m[1;36m1[0m [33m🌡 cooldown 9s[0m
[3m                      [0m[1;3mFleet Status[0m[3m  [0m[3;32m1,644,738 cr[0m[3m  [0m[2;3m22:13:21[0m[3m                      [0m
                                                                                
 [1m [0m[1mShip     [0m[1m [0m [1m [0m[1mRole     [0m[1m [0m [1m [0m[1mStatus   [0m[1m [0m [1m [0m[1mLocation  [0m[1m [0m [1m [0m[1m   Fuel[0m[1m [0m [1m [0m[1mCargo[0m[1m [0m [1m [0m[1mETA      [0m[1m [0m 
 ━━━━━━━━━━━━━━━━━━━━━━━━━━━━━━━━━━━━━━━━━━━━━━━━━━━━━━━━━━━━━━━━━━━━━━━━━━━━━━ 
 [1m [0m[1;36mTYLERMAS…[0m[1m [0m  miner       [36m↑ orbit[0m     X1-KU6-B47   385/400   35/40              
 [1m [0m[1;32mTYLERMAS…[0m[1m [0m  fleet-mgr   [33m✈ transit[0m   X1-KU6-H62         —     0/0   5m56s      
 [1m [0m[1;35mTYLERMAS…[0m[1m [0m  miner       [33m✈ transit[0m   X1-KU6-B7      79/80    0/15   [2m32m39s [0m    
 [1m           [0m                                                         [2mdrift[0m      
 [1m [0m[1;33mTYLERMAS…[0m[1m [0m  surveyor    [36m↑ orbit[0m     X1-KU6-B46     21/80     0/0              
 [1m [0m[1;34mTYLERMAS…[0m[1m [0m  hauler      [33m✈ transit[0m   X1-KU6-D53   220/600    0/80   10m27s     
 [1m [0m[1;96mTYLERMAS…[0m[1m [0m  siphoner    [33m✈ transit[0m   X1-KU6-C50     79/80   15/15   [2m1h24m [0m     
 [1m           [0m                                                         [2mdrift[0m      
 [1m [0m[1;92mTYLERMAS…[0m[1m [0m  siphoner    [33m✈ transit[0m   X1-KU6-C50     79/80   15/15   [2m1h25m [0m     
 [1m           [0m                                                         [2mdrift[0m      
 [1m [0m[1;95mTYLERMAS…[0m[1m [0m  siphoner    [33m✈ transit[0m   X1-KU6-B7      38/80   15/15   [2m1h29m [0m     
 [1m           [0m                                                         [2mdrift[0m      
 [1m [0m[1;93mTYLERMAS…[0m[1m [0m  siphoner    [33m✈ transit[0m   X1-KU6-C50     79/80   15/15   [2m1h24m [0m     
 [1m           [0m                                                         [2mdrift[0m      
 [1m [0m[1;37mTYLERMAS…[0m[1m [0m  trader      [32m⚓ docked[0m   X1-KU6-F58   600/600    0/80              
 [1m [0m[1;37mTYLERMAS…[0m[1m [0m  trader      [32m⚓ docked[0m   X1-KU6-F58   600/600    0/80              
 [1m [0m[1;37mTYLERMAS…[0m[1m [0m  miner       [33m✈ transit[0m   X1-KU6-B47     79/80    0/15   [2m1h46m [0m     
 [1m           [0m                                                         [2mdrift[0m      
 [1m [0m[1;37mTYLERMAS…[0m[1m [0m  surveyor    [33m✈ transit[0m   X1-KU6-B46     79/80     0/0   [2m2h3m [0m      
 [1m           [0m                                                         [2mdrift[0m      
                                                                                
  Contract: [36m░░░░░░░░░░░░░░░░░░░░░░░░░░░░░░[0m [1;36m0[0m[1m/[0m[1;36m8[0m SHIP_PARTS → X1-KU6-A2 [1m([0m[1;32m0[0m[32m%[0m[1m)[0m
[1;2;92m22:13:25[0m [37mTYLERMASTERY2-D[0m [33m⏳ in transit [0m[1;33m([0m[33m~2h 3m[0m[1;33m)[0m[33m...[0m
[1;2;92m22:13:25[0m [93mTYLERMASTERY2-[0m[1;93m9[0m [33m⏳ in transit [0m[1;33m([0m[33m~1h 23m[0m[1;33m)[0m[33m...[0m
[1;2;92m22:13:26[0m [33mTYLERMASTERY2-[0m[1;33m4[0m [33m🌡 cooldown 37s[0m
[1;2;92m22:13:34[0m [92mTYLERMASTERY2-[0m[1;92m7[0m [33m⏳ in transit [0m[1;33m([0m[33m~1h 25m[0m[1;33m)[0m[33m...[0m
[1;2;92m22:13:36[0m [33mTYLERMASTERY2-[0m[1;33m4[0m [33m🌡 cooldown 27s[0m
[1;2;92m22:13:48[0m [33mTYLERMASTERY2-[0m[1;33m4[0m [33m🌡 cooldown 15s[0m
[1;2;92m22:13:51[0m [95mTYLERMASTERY2-[0m[1;95m8[0m [33m⏳ in transit [0m[1;33m([0m[33m~1h 29m[0m[1;33m)[0m[33m...[0m
[1;2;92m22:14:01[0m [96mTYLERMASTERY2-[0m[1;96m6[0m [33m⏳ in transit [0m[1;33m([0m[33m~1h 24m[0m[1;33m)[0m[33m...[0m
[1;2;92m22:14:01[0m [33mTYLERMASTERY2-[0m[1;33m4[0m [33m🌡 cooldown 2s[0m
[1;2;92m22:14:07[0m [32mTYLERMASTERY2-[0m[1;32m2[0m [33m⏳ in transit [0m[1;33m([0m[33m~5m 11s[0m[1;33m)[0m[33m...[0m
[1;2;92m22:14:09[0m [35mTYLERMASTERY2-[0m[1;35m3[0m [33m⏳ in transit [0m[1;33m([0m[33m~31m 51s[0m[1;33m)[0m[33m...[0m
[1;2;92m22:14:11[0m [34mTYLERMASTERY2-[0m[1;34m5[0m [33m⏳ in transit [0m[1;33m([0m[33m~9m 37s[0m[1;33m)[0m[33m...[0m
[1;2;92m22:14:16[0m [35m🔭 TYLERMASTERY2-[0m[1;35m4[0m[35m: [0m[1;35m1[0m[35m [0m[1;35msurvey[0m[1;35m([0m[35ms[0m[1;35m)[0m[35m added [0m[1;35m([0m[1;35m0x[0m[35m SHIP_PARTS hits[0m[1;35m)[0m[35m | pool: [0m[1;35m23[0m
[1;2;92m22:14:17[0m [33mTYLERMASTERY2-[0m[1;33m4[0m [33m🌡 cooldown 69s[0m
[3m                      [0m[1;3mFleet Status[0m[3m  [0m[3;32m1,644,738 cr[0m[3m  [0m[2;3m22:14:22[0m[3m                      [0m
                                                                                
 [1m [0m[1mShip     [0m[1m [0m [1m [0m[1mRole     [0m[1m [0m [1m [0m[1mStatus   [0m[1m [0m [1m [0m[1mLocation  [0m[1m [0m [1m [0m[1m   Fuel[0m[1m [0m [1m [0m[1mCargo[0m[1m [0m [1m [0m[1mETA      [0m[1m [0m 
 ━━━━━━━━━━━━━━━━━━━━━━━━━━━━━━━━━━━━━━━━━━━━━━━━━━━━━━━━━━━━━━━━━━━━━━━━━━━━━━ 
 [1m [0m[1;36mTYLERMAS…[0m[1m [0m  miner       [36m↑ orbit[0m     X1-KU6-B47   385/400   35/40              
 [1m [0m[1;32mTYLERMAS…[0m[1m [0m  fleet-mgr   [33m✈ transit[0m   X1-KU6-H62         —     0/0   4m55s      
 [1m [0m[1;35mTYLERMAS…[0m[1m [0m  miner       [33m✈ transit[0m   X1-KU6-B7      79/80    0/15   [2m31m38s [0m    
 [1m           [0m                                                         [2mdrift[0m      
 [1m [0m[1;33mTYLERMAS…[0m[1m [0m  surveyor    [36m↑ orbit[0m     X1-KU6-B46     21/80     0/0              
 [1m [0m[1;34mTYLERMAS…[0m[1m [0m  hauler      [33m✈ transit[0m   X1-KU6-D53   220/600    0/80   9m26s      
 [1m [0m[1;96mTYLERMAS…[0m[1m [0m  siphoner    [33m✈ transit[0m   X1-KU6-C50     79/80   15/15   [2m1h23m [0m     
 [1m           [0m                                                         [2mdrift[0m      
 [1m [0m[1;92mTYLERMAS…[0m[1m [0m  siphoner    [33m✈ transit[0m   X1-KU6-C50     79/80   15/15   [2m1h24m [0m     
 [1m           [0m                                                         [2mdrift[0m      
 [1m [0m[1;95mTYLERMAS…[0m[1m [0m  siphoner    [33m✈ transit[0m   X1-KU6-B7      38/80   15/15   [2m1h28m [0m     
 [1m           [0m                                                         [2mdrift[0m      
 [1m [0m[1;93mTYLERMAS…[0m[1m [0m  siphoner    [33m✈ transit[0m   X1-KU6-C50     79/80   15/15   [2m1h23m [0m     
 [1m           [0m                                                         [2mdrift[0m      
 [1m [0m[1;37mTYLERMAS…[0m[1m [0m  trader      [32m⚓ docked[0m   X1-KU6-F58   600/600    0/80              
 [1m [0m[1;37mTYLERMAS…[0m[1m [0m  trader      [32m⚓ docked[0m   X1-KU6-F58   600/600    0/80              
 [1m [0m[1;37mTYLERMAS…[0m[1m [0m  miner       [33m✈ transit[0m   X1-KU6-B47     79/80    0/15   [2m1h45m [0m     
 [1m           [0m                                                         [2mdrift[0m      
 [1m [0m[1;37mTYLERMAS…[0m[1m [0m  surveyor    [33m✈ transit[0m   X1-KU6-B46     79/80     0/0   [2m2h2m [0m      
 [1m           [0m                                                         [2mdrift[0m      
                                                                                
  Contract: [36m░░░░░░░░░░░░░░░░░░░░░░░░░░░░░░[0m [1;36m0[0m[1m/[0m[1;36m8[0m SHIP_PARTS → X1-KU6-A2 [1m([0m[1;32m0[0m[32m%[0m[1m)[0m
[1;2;92m22:14:26[0m [37mTYLERMASTERY2-D[0m [33m⏳ in transit [0m[1;33m([0m[33m~2h 2m[0m[1;33m)[0m[33m...[0m
[1;2;92m22:14:27[0m [33mTYLERMASTERY2-[0m[1;33m4[0m [33m🌡 cooldown 58s[0m
[1;2;92m22:14:31[0m [93mTYLERMASTERY2-[0m[1;93m9[0m [33m⏳ in transit [0m[1;33m([0m[33m~1h 22m[0m[1;33m)[0m[33m...[0m
[1;2;92m22:14:34[0m [37mTYLERMASTERY2-C[0m [33m⏳ in transit [0m[1;33m([0m[33m~1h 45m[0m[1;33m)[0m[33m...[0m
[1;2;92m22:14:36[0m [92mTYLERMASTERY2-[0m[1;92m7[0m [33m⏳ in transit [0m[1;33m([0m[33m~1h 24m[0m[1;33m)[0m[33m...[0m
[1;2;92m22:14:38[0m [33mTYLERMASTERY2-[0m[1;33m4[0m [33m🌡 cooldown 48s[0m
[1;2;92m22:14:48[0m [33mTYLERMASTERY2-[0m[1;33m4[0m [33m🌡 cooldown 37s[0m
[1;2;92m22:14:52[0m [95mTYLERMASTERY2-[0m[1;95m8[0m [33m⏳ in transit [0m[1;33m([0m[33m~1h 28m[0m[1;33m)[0m[33m...[0m
[1;2;92m22:15:00[0m [36mTYLERMASTERY2-[0m[1;36m1[0m [2mSurvey expired, trying shared pool[0m
[1;2;92m22:15:04[0m [33mTYLERMASTERY2-[0m[1;33m4[0m [33m🌡 cooldown 21s[0m
[1;2;92m22:15:07[0m [96mTYLERMASTERY2-[0m[1;96m6[0m [33m⏳ in transit [0m[1;33m([0m[33m~1h 23m[0m[1;33m)[0m[33m...[0m
[1;2;92m22:15:15[0m [33mTYLERMASTERY2-[0m[1;33m4[0m [33m🌡 cooldown 11s[0m
[1;2;92m22:15:16[0m [35mTYLERMASTERY2-[0m[1;35m3[0m [33m⏳ in transit [0m[1;33m([0m[33m~30m 44s[0m[1;33m)[0m[33m...[0m
[1;2;92m22:15:16[0m [32mTYLERMASTERY2-[0m[1;32m2[0m [33m⏳ in transit [0m[1;33m([0m[33m~4m 1s[0m[1;33m)[0m[33m...[0m
[1;2;92m22:15:16[0m [34mTYLERMASTERY2-[0m[1;34m5[0m [33m⏳ in transit [0m[1;33m([0m[33m~8m 31s[0m[1;33m)[0m[33m...[0m
[1;2;92m22:15:17[0m   [36mTYLERMASTERY2-[0m[1;36m1[0m: 5x AMMONIA_ICE | __SELL_ONLY__: [1;36m0[0m | Cargo: [1;36m40[0m/[1;36m40[0m | 
CD: 80s
[1;2;92m22:15:19[0m [36mTYLERMASTERY2-[0m[1;36m1[0m [34m🚀 Navigating → X1-KU6-B7[0m
[1;2;92m22:15:20[0m [36mTYLERMASTERY2-[0m[1;36m1[0m [33m⏳ in transit [0m[1;33m([0m[33m~25s[0m[1;33m)[0m[33m...[0m
[3m                      [0m[1;3mFleet Status[0m[3m  [0m[3;32m1,644,738 cr[0m[3m  [0m[2;3m22:15:23[0m[3m                      [0m
                                                                                
 [1m [0m[1mShip     [0m[1m [0m [1m [0m[1mRole     [0m[1m [0m [1m [0m[1mStatus   [0m[1m [0m [1m [0m[1mLocation  [0m[1m [0m [1m [0m[1m   Fuel[0m[1m [0m [1m [0m[1mCargo[0m[1m [0m [1m [0m[1mETA      [0m[1m [0m 
 ━━━━━━━━━━━━━━━━━━━━━━━━━━━━━━━━━━━━━━━━━━━━━━━━━━━━━━━━━━━━━━━━━━━━━━━━━━━━━━ 
 [1m [0m[1;36mTYLERMAS…[0m[1m [0m  miner       [33m✈ transit[0m   X1-KU6-B7    370/400   40/40   21s        
 [1m [0m[1;32mTYLERMAS…[0m[1m [0m  fleet-mgr   [33m✈ transit[0m   X1-KU6-H62         —     0/0   3m54s      
 [1m [0m[1;35mTYLERMAS…[0m[1m [0m  miner       [33m✈ transit[0m   X1-KU6-B7      79/80    0/15   [2m30m37s [0m    
 [1m           [0m                                                         [2mdrift[0m      
 [1m [0m[1;33mTYLERMAS…[0m[1m [0m  surveyor    [36m↑ orbit[0m     X1-KU6-B46     21/80     0/0              
 [1m [0m[1;34mTYLERMAS…[0m[1m [0m  hauler      [33m✈ transit[0m   X1-KU6-D53   220/600    0/80   8m24s      
 [1m [0m[1;96mTYLERMAS…[0m[1m [0m  siphoner    [33m✈ transit[0m   X1-KU6-C50     79/80   15/15   [2m1h22m [0m     
 [1m           [0m                                                         [2mdrift[0m      
 [1m [0m[1;92mTYLERMAS…[0m[1m [0m  siphoner    [33m✈ transit[0m   X1-KU6-C50     79/80   15/15   [2m1h23m [0m     
 [1m           [0m                                                         [2mdrift[0m      
 [1m [0m[1;95mTYLERMAS…[0m[1m [0m  siphoner    [33m✈ transit[0m   X1-KU6-B7      38/80   15/15   [2m1h27m [0m     
 [1m           [0m                                                         [2mdrift[0m      
 [1m [0m[1;93mTYLERMAS…[0m[1m [0m  siphoner    [33m✈ transit[0m   X1-KU6-C50     79/80   15/15   [2m1h22m [0m     
 [1m           [0m                                                         [2mdrift[0m      
 [1m [0m[1;37mTYLERMAS…[0m[1m [0m  trader      [32m⚓ docked[0m   X1-KU6-F58   600/600    0/80              
 [1m [0m[1;37mTYLERMAS…[0m[1m [0m  trader      [32m⚓ docked[0m   X1-KU6-F58   600/600    0/80              
 [1m [0m[1;37mTYLERMAS…[0m[1m [0m  miner       [33m✈ transit[0m   X1-KU6-B47     79/80    0/15   [2m1h44m [0m     
 [1m           [0m                                                         [2mdrift[0m      
 [1m [0m[1;37mTYLERMAS…[0m[1m [0m  surveyor    [33m✈ transit[0m   X1-KU6-B46     79/80     0/0   [2m2h1m [0m      
 [1m           [0m                                                         [2mdrift[0m      
                                                                                
  Contract: [36m░░░░░░░░░░░░░░░░░░░░░░░░░░░░░░[0m [1;36m0[0m[1m/[0m[1;36m8[0m SHIP_PARTS → X1-KU6-A2 [1m([0m[1;32m0[0m[32m%[0m[1m)[0m
[1;2;92m22:15:25[0m [36mTYLERMASTERY2-[0m[1;36m1[0m [33m⏳ in transit [0m[1;33m([0m[33m~20s[0m[1;33m)[0m[33m...[0m
[1;2;92m22:15:26[0m [35m🔭 TYLERMASTERY2-[0m[1;35m4[0m[35m: [0m[1;35m1[0m[35m [0m[1;35msurvey[0m[1;35m([0m[35ms[0m[1;35m)[0m[35m added [0m[1;35m([0m[1;35m0x[0m[35m SHIP_PARTS hits[0m[1;35m)[0m[35m | pool: [0m[1;35m23[0m
[1;2;92m22:15:26[0m [33mTYLERMASTERY2-[0m[1;33m4[0m [33m🌡 cooldown 69s[0m
[1;2;92m22:15:30[0m [37mTYLERMASTERY2-D[0m [33m⏳ in transit [0m[1;33m([0m[33m~2h 1m[0m[1;33m)[0m[33m...[0m
[1;2;92m22:15:35[0m [36mTYLERMASTERY2-[0m[1;36m1[0m [33m⏳ in transit [0m[1;33m([0m[33m~10s[0m[1;33m)[0m[33m...[0m
[1;2;92m22:15:36[0m [93mTYLERMASTERY2-[0m[1;93m9[0m [33m⏳ in transit [0m[1;33m([0m[33m~1h 21m[0m[1;33m)[0m[33m...[0m
[1;2;92m22:15:38[0m [33mTYLERMASTERY2-[0m[1;33m4[0m [33m🌡 cooldown 57s[0m
[1;2;92m22:15:39[0m [37mTYLERMASTERY2-C[0m [33m⏳ in transit [0m[1;33m([0m[33m~1h 44m[0m[1;33m)[0m[33m...[0m
[1;2;92m22:15:40[0m [92mTYLERMASTERY2-[0m[1;92m7[0m [33m⏳ in transit [0m[1;33m([0m[33m~1h 23m[0m[1;33m)[0m[33m...[0m
[1;2;92m22:15:43[0m [36mTYLERMASTERY2-[0m[1;36m1[0m [32m✓[0m arrived at [1mX1-KU6-B7[0m
[1;2;92m22:15:50[0m [33mTYLERMASTERY2-[0m[1;33m4[0m [33m🌡 cooldown 45s[0m
[1;2;92m22:15:51[0m [36mTYLERMASTERY2-[0m[1;36m1[0m [36m⚓ docked[0m
[1;2;92m22:15:53[0m [95mTYLERMASTERY2-[0m[1;95m8[0m [33m⏳ in transit [0m[1;33m([0m[33m~1h 27m[0m[1;33m)[0m[33m...[0m
[1;2;92m22:16:05[0m [33mTYLERMASTERY2-[0m[1;33m4[0m [33m🌡 cooldown 30s[0m
[1;2;92m22:16:07[0m [32m⛽ Refueled to [0m[1;32m400[0m[32m/[0m[1;32m400[0m
[1;2;92m22:16:14[0m [96mTYLERMASTERY2-[0m[1;96m6[0m [33m⏳ in transit [0m[1;33m([0m[33m~1h 22m[0m[1;33m)[0m[33m...[0m
[1;2;92m22:16:15[0m [33mTYLERMASTERY2-[0m[1;33m4[0m [33m🌡 cooldown 20s[0m
[1;2;92m22:16:17[0m [35mTYLERMASTERY2-[0m[1;35m3[0m [33m⏳ in transit [0m[1;33m([0m[33m~29m 43s[0m[1;33m)[0m[33m...[0m
[1;2;92m22:16:26[0m [33mTYLERMASTERY2-[0m[1;33m4[0m [33m🌡 cooldown 9s[0m
[1;2;92m22:16:26[0m [34mTYLERMASTERY2-[0m[1;34m5[0m [33m⏳ in transit [0m[1;33m([0m[33m~7m 22s[0m[1;33m)[0m[33m...[0m
[3m                      [0m[1;3mFleet Status[0m[3m  [0m[3;32m1,644,664 cr[0m[3m  [0m[2;3m22:16:27[0m[3m                      [0m
                                                                                
 [1m [0m[1mShip     [0m[1m [0m [1m [0m[1mRole     [0m[1m [0m [1m [0m[1mStatus   [0m[1m [0m [1m [0m[1mLocation  [0m[1m [0m [1m [0m[1m   Fuel[0m[1m [0m [1m [0m[1mCargo[0m[1m [0m [1m [0m[1mETA      [0m[1m [0m 
 ━━━━━━━━━━━━━━━━━━━━━━━━━━━━━━━━━━━━━━━━━━━━━━━━━━━━━━━━━━━━━━━━━━━━━━━━━━━━━━ 
 [1m [0m[1;36mTYLERMAS…[0m[1m [0m  miner       [32m⚓ docked[0m   X1-KU6-B7    400/400   40/40              
 [1m [0m[1;32mTYLERMAS…[0m[1m [0m  fleet-mgr   [33m✈ transit[0m   X1-KU6-H62         —     0/0   2m50s      
 [1m [0m[1;35mTYLERMAS…[0m[1m [0m  miner       [33m✈ transit[0m   X1-KU6-B7      79/80    0/15   [2m29m33s [0m    
 [1m           [0m                                                         [2mdrift[0m      
 [1m [0m[1;33mTYLERMAS…[0m[1m [0m  surveyor    [36m↑ orbit[0m     X1-KU6-B46     21/80     0/0              
 [1m [0m[1;34mTYLERMAS…[0m[1m [0m  hauler      [33m✈ transit[0m   X1-KU6-D53   220/600    0/80   7m20s      
 [1m [0m[1;96mTYLERMAS…[0m[1m [0m  siphoner    [33m✈ transit[0m   X1-KU6-C50     79/80   15/15   [2m1h21m [0m     
 [1m           [0m                                                         [2mdrift[0m      
 [1m [0m[1;92mTYLERMAS…[0m[1m [0m  siphoner    [33m✈ transit[0m   X1-KU6-C50     79/80   15/15   [2m1h22m [0m     
 [1m           [0m                                                         [2mdrift[0m      
 [1m [0m[1;95mTYLERMAS…[0m[1m [0m  siphoner    [33m✈ transit[0m   X1-KU6-B7      38/80   15/15   [2m1h26m [0m     
 [1m           [0m                                                         [2mdrift[0m      
 [1m [0m[1;93mTYLERMAS…[0m[1m [0m  siphoner    [33m✈ transit[0m   X1-KU6-C50     79/80   15/15   [2m1h20m [0m     
 [1m           [0m                                                         [2mdrift[0m      
 [1m [0m[1;37mTYLERMAS…[0m[1m [0m  trader      [32m⚓ docked[0m   X1-KU6-F58   600/600    0/80              
 [1m [0m[1;37mTYLERMAS…[0m[1m [0m  trader      [32m⚓ docked[0m   X1-KU6-F58   600/600    0/80              
 [1m [0m[1;37mTYLERMAS…[0m[1m [0m  miner       [33m✈ transit[0m   X1-KU6-B47     79/80    0/15   [2m1h43m [0m     
 [1m           [0m                                                         [2mdrift[0m      
 [1m [0m[1;37mTYLERMAS…[0m[1m [0m  surveyor    [33m✈ transit[0m   X1-KU6-B46     79/80     0/0   [2m2h0m [0m      
 [1m           [0m                                                         [2mdrift[0m      
                                                                                
  Contract: [36m░░░░░░░░░░░░░░░░░░░░░░░░░░░░░░[0m [1;36m0[0m[1m/[0m[1;36m8[0m SHIP_PARTS → X1-KU6-A2 [1m([0m[1;32m0[0m[32m%[0m[1m)[0m
[1;2;92m22:16:31[0m [37mTYLERMASTERY2-D[0m [33m⏳ in transit [0m[1;33m([0m[33m~2h 0m[0m[1;33m)[0m[33m...[0m
[1;2;92m22:16:35[0m [32mTYLERMASTERY2-[0m[1;32m2[0m [33m⏳ in transit [0m[1;33m([0m[33m~2m 43s[0m[1;33m)[0m[33m...[0m
[1;2;92m22:16:38[0m [93mTYLERMASTERY2-[0m[1;93m9[0m [33m⏳ in transit [0m[1;33m([0m[33m~1h 20m[0m[1;33m)[0m[33m...[0m
[1;2;92m22:16:42[0m [37mTYLERMASTERY2-C[0m [33m⏳ in transit [0m[1;33m([0m[33m~1h 43m[0m[1;33m)[0m[33m...[0m
[1;2;92m22:16:43[0m [92mTYLERMASTERY2-[0m[1;92m7[0m [33m⏳ in transit [0m[1;33m([0m[33m~1h 22m[0m[1;33m)[0m[33m...[0m
[1;2;92m22:16:43[0m [35m🔭 TYLERMASTERY2-[0m[1;35m4[0m[35m: [0m[1;35m1[0m[35m [0m[1;35msurvey[0m[1;35m([0m[35ms[0m[1;35m)[0m[35m added [0m[1;35m([0m[1;35m0x[0m[35m SHIP_PARTS hits[0m[1;35m)[0m[35m | pool: [0m[1;35m24[0m
[1;2;92m22:16:51[0m [33mTYLERMASTERY2-[0m[1;33m4[0m [33m🌡 cooldown 61s[0m
[1;2;92m22:17:04[0m [32m💰 Sold 3[0m[1;32m0x[0m[32m AMMONIA_ICE @ [0m[1;32m38[0m[32m/u = [0m[1;32m1[0m[32m,[0m[1;32m140[0m[32m cr[0m
[1;2;92m22:17:06[0m [33mTYLERMASTERY2-[0m[1;33m4[0m [33m🌡 cooldown 47s[0m
[1;2;92m22:17:10[0m [32m💰 Sold 1[0m[1;32m0x[0m[32m SILICON_CRYSTALS @ [0m[1;32m33[0m[32m/u = [0m[1;32m330[0m[32m cr[0m
[1;2;92m22:17:12[0m [37mTYLERMASTERY2-B[0m [2mno profitable arbitrage found — waiting 5min[0m
[1;2;92m22:17:12[0m [37mTYLERMASTERY2-A[0m [2mno profitable arbitrage found — waiting 5min[0m
[1;2;92m22:17:16[0m [33mTYLERMASTERY2-[0m[1;33m4[0m [33m🌡 cooldown 36s[0m
[1;2;92m22:17:17[0m [95mTYLERMASTERY2-[0m[1;95m8[0m [33m⏳ in transit [0m[1;33m([0m[33m~1h 25m[0m[1;33m)[0m[33m...[0m
[1;2;92m22:17:17[0m [96mTYLERMASTERY2-[0m[1;96m6[0m [33m⏳ in transit [0m[1;33m([0m[33m~1h 21m[0m[1;33m)[0m[33m...[0m
[1;2;92m22:17:18[0m [35mTYLERMASTERY2-[0m[1;35m3[0m [33m⏳ in transit [0m[1;33m([0m[33m~28m 42s[0m[1;33m)[0m[33m...[0m
[1;2;92m22:17:21[0m [36mTYLERMASTERY2-[0m[1;36m1[0m [36m↑ orbiting[0m
[1;2;92m22:17:21[0m [36mTYLERMASTERY2-[0m[1;36m1[0m [34m🚀 Navigating → X1-KU6-B47[0m
[1;2;92m22:17:22[0m [36mTYLERMASTERY2-[0m[1;36m1[0m [33m⏳ in transit [0m[1;33m([0m[33m~25s[0m[1;33m)[0m[33m...[0m
[1;2;92m22:17:27[0m [33mTYLERMASTERY2-[0m[1;33m4[0m [33m🌡 cooldown 26s[0m
[1;2;92m22:17:28[0m [36mTYLERMASTERY2-[0m[1;36m1[0m [33m⏳ in transit [0m[1;33m([0m[33m~19s[0m[1;33m)[0m[33m...[0m
[3m                      [0m[1;3mFleet Status[0m[3m  [0m[3;32m1,646,134 cr[0m[3m  [0m[2;3m22:17:30[0m[3m                      [0m
                                                                                
 [1m [0m[1mShip     [0m[1m [0m [1m [0m[1mRole     [0m[1m [0m [1m [0m[1mStatus   [0m[1m [0m [1m [0m[1mLocation  [0m[1m [0m [1m [0m[1m   Fuel[0m[1m [0m [1m [0m[1mCargo[0m[1m [0m [1m [0m[1mETA      [0m[1m [0m 
 ━━━━━━━━━━━━━━━━━━━━━━━━━━━━━━━━━━━━━━━━━━━━━━━━━━━━━━━━━━━━━━━━━━━━━━━━━━━━━━ 
 [1m [0m[1;36mTYLERMAS…[0m[1m [0m  miner       [33m✈ transit[0m   X1-KU6-B47   385/400    0/40   17s        
 [1m [0m[1;32mTYLERMAS…[0m[1m [0m  fleet-mgr   [33m✈ transit[0m   X1-KU6-H62         —     0/0   1m47s      
 [1m [0m[1;35mTYLERMAS…[0m[1m [0m  miner       [33m✈ transit[0m   X1-KU6-B7      79/80    0/15   [2m28m30s [0m    
 [1m           [0m                                                         [2mdrift[0m      
 [1m [0m[1;33mTYLERMAS…[0m[1m [0m  surveyor    [36m↑ orbit[0m     X1-KU6-B46     21/80     0/0              
 [1m [0m[1;34mTYLERMAS…[0m[1m [0m  hauler      [33m✈ transit[0m   X1-KU6-D53   220/600    0/80   6m17s      
 [1m [0m[1;96mTYLERMAS…[0m[1m [0m  siphoner    [33m✈ transit[0m   X1-KU6-C50     79/80   15/15   [2m1h20m [0m     
 [1m           [0m                                                         [2mdrift[0m      
 [1m [0m[1;92mTYLERMAS…[0m[1m [0m  siphoner    [33m✈ transit[0m   X1-KU6-C50     79/80   15/15   [2m1h21m [0m     
 [1m           [0m                                                         [2mdrift[0m      
 [1m [0m[1;95mTYLERMAS…[0m[1m [0m  siphoner    [33m✈ transit[0m   X1-KU6-B7      38/80   15/15   [2m1h25m [0m     
 [1m           [0m                                                         [2mdrift[0m      
 [1m [0m[1;93mTYLERMAS…[0m[1m [0m  siphoner    [33m✈ transit[0m   X1-KU6-C50     79/80   15/15   [2m1h19m [0m     
 [1m           [0m                                                         [2mdrift[0m      
 [1m [0m[1;37mTYLERMAS…[0m[1m [0m  trader      [32m⚓ docked[0m   X1-KU6-F58   600/600    0/80              
 [1m [0m[1;37mTYLERMAS…[0m[1m [0m  trader      [32m⚓ docked[0m   X1-KU6-F58   600/600    0/80              
 [1m [0m[1;37mTYLERMAS…[0m[1m [0m  miner       [33m✈ transit[0m   X1-KU6-B47     79/80    0/15   [2m1h42m [0m     
 [1m           [0m                                                         [2mdrift[0m      
 [1m [0m[1;37mTYLERMAS…[0m[1m [0m  surveyor    [33m✈ transit[0m   X1-KU6-B46     79/80     0/0   [2m1h59m [0m     
 [1m           [0m                                                         [2mdrift[0m      
                                                                                
  Contract: [36m░░░░░░░░░░░░░░░░░░░░░░░░░░░░░░[0m [1;36m0[0m[1m/[0m[1;36m8[0m SHIP_PARTS → X1-KU6-A2 [1m([0m[1;32m0[0m[32m%[0m[1m)[0m
[1;2;92m22:17:34[0m [36mTYLERMASTERY2-[0m[1;36m1[0m [33m⏳ in transit [0m[1;33m([0m[33m~14s[0m[1;33m)[0m[33m...[0m
[1;2;92m22:17:35[0m [37mTYLERMASTERY2-D[0m [33m⏳ in transit [0m[1;33m([0m[33m~1h 59m[0m[1;33m)[0m[33m...[0m
[1;2;92m22:17:37[0m [32mTYLERMASTERY2-[0m[1;32m2[0m [33m⏳ in transit [0m[1;33m([0m[33m~1m 40s[0m[1;33m)[0m[33m...[0m
[1;2;92m22:17:42[0m [34mTYLERMASTERY2-[0m[1;34m5[0m [33m⏳ in transit [0m[1;33m([0m[33m~6m 5s[0m[1;33m)[0m[33m...[0m
[1;2;92m22:17:44[0m [36mTYLERMASTERY2-[0m[1;36m1[0m [33m⏳ in transit [0m[1;33m([0m[33m~4s[0m[1;33m)[0m[33m...[0m
[1;2;92m22:17:46[0m [92mTYLERMASTERY2-[0m[1;92m7[0m [33m⏳ in transit [0m[1;33m([0m[33m~1h 21m[0m[1;33m)[0m[33m...[0m
[1;2;92m22:17:49[0m [32mTYLERMASTERY2-[0m[1;32m2[0m [33m⏳ in transit [0m[1;33m([0m[33m~1m 28s[0m[1;33m)[0m[33m...[0m
[1;2;92m22:17:49[0m [93mTYLERMASTERY2-[0m[1;93m9[0m [33m⏳ in transit [0m[1;33m([0m[33m~1h 19m[0m[1;33m)[0m[33m...[0m
[1;2;92m22:17:50[0m [33mTYLERMASTERY2-[0m[1;33m4[0m [33m🌡 cooldown 3s[0m
[1;2;92m22:17:55[0m [32mTYLERMASTERY2-[0m[1;32m2[0m [33m⏳ in transit [0m[1;33m([0m[33m~1m 23s[0m[1;33m)[0m[33m...[0m
[1;2;92m22:17:59[0m [36mTYLERMASTERY2-[0m[1;36m1[0m [32m✓[0m arrived at [1mX1-KU6-B47[0m
[1;2;92m22:18:01[0m [37mTYLERMASTERY2-C[0m [33m⏳ in transit [0m[1;33m([0m[33m~1h 42m[0m[1;33m)[0m[33m...[0m
[1;2;92m22:18:04[0m [35m🔭 TYLERMASTERY2-[0m[1;35m4[0m[35m: [0m[1;35m1[0m[35m [0m[1;35msurvey[0m[1;35m([0m[35ms[0m[1;35m)[0m[35m added [0m[1;35m([0m[1;35m0x[0m[35m SHIP_PARTS hits[0m[1;35m)[0m[35m | pool: [0m[1;35m24[0m
[1;2;92m22:18:05[0m [32mTYLERMASTERY2-[0m[1;32m2[0m [33m⏳ in transit [0m[1;33m([0m[33m~1m 12s[0m[1;33m)[0m[33m...[0m
[1;2;92m22:18:16[0m   [36mTYLERMASTERY2-[0m[1;36m1[0m: 6x QUARTZ_SAND | __SELL_ONLY__: [1;36m0[0m | Cargo: [1;36m6[0m/[1;36m40[0m | 
CD: 80s
[1;2;92m22:18:17[0m [36mTYLERMASTERY2-[0m[1;36m1[0m [33m🌡 cooldown 78s[0m
[1;2;92m22:18:18[0m [33mTYLERMASTERY2-[0m[1;33m4[0m [33m🌡 cooldown 56s[0m
[1;2;92m22:18:18[0m [32mTYLERMASTERY2-[0m[1;32m2[0m [33m⏳ in transit [0m[1;33m([0m[33m~59s[0m[1;33m)[0m[33m...[0m
[1;2;92m22:18:23[0m [95mTYLERMASTERY2-[0m[1;95m8[0m [33m⏳ in transit [0m[1;33m([0m[33m~1h 24m[0m[1;33m)[0m[33m...[0m
[1;2;92m22:18:23[0m [32mTYLERMASTERY2-[0m[1;32m2[0m [33m⏳ in transit [0m[1;33m([0m[33m~54s[0m[1;33m)[0m[33m...[0m
[1;2;92m22:18:26[0m [96mTYLERMASTERY2-[0m[1;96m6[0m [33m⏳ in transit [0m[1;33m([0m[33m~1h 19m[0m[1;33m)[0m[33m...[0m
[1;2;92m22:18:28[0m [36mTYLERMASTERY2-[0m[1;36m1[0m [33m🌡 cooldown 67s[0m
[1;2;92m22:18:28[0m [33mTYLERMASTERY2-[0m[1;33m4[0m [33m🌡 cooldown 45s[0m
[1;2;92m22:18:29[0m [32mTYLERMASTERY2-[0m[1;32m2[0m [33m⏳ in transit [0m[1;33m([0m[33m~48s[0m[1;33m)[0m[33m...[0m
[3m                      [0m[1;3mFleet Status[0m[3m  [0m[3;32m1,646,134 cr[0m[3m  [0m[2;3m22:18:36[0m[3m                      [0m
                                                                                
 [1m [0m[1mShip     [0m[1m [0m [1m [0m[1mRole     [0m[1m [0m [1m [0m[1mStatus   [0m[1m [0m [1m [0m[1mLocation  [0m[1m [0m [1m [0m[1m   Fuel[0m[1m [0m [1m [0m[1mCargo[0m[1m [0m [1m [0m[1mETA      [0m[1m [0m 
 ━━━━━━━━━━━━━━━━━━━━━━━━━━━━━━━━━━━━━━━━━━━━━━━━━━━━━━━━━━━━━━━━━━━━━━━━━━━━━━ 
 [1m [0m[1;36mTYLERMAS…[0m[1m [0m  miner       [36m↑ orbit[0m     X1-KU6-B47   385/400    6/40              
 [1m [0m[1;32mTYLERMAS…[0m[1m [0m  fleet-mgr   [33m✈ transit[0m   X1-KU6-H62         —     0/0   41s        
 [1m [0m[1;35mTYLERMAS…[0m[1m [0m  miner       [33m✈ transit[0m   X1-KU6-B7      79/80    0/15   [2m27m24s [0m    
 [1m           [0m                                                         [2mdrift[0m      
 [1m [0m[1;33mTYLERMAS…[0m[1m [0m  surveyor    [36m↑ orbit[0m     X1-KU6-B46     21/80     0/0              
 [1m [0m[1;34mTYLERMAS…[0m[1m [0m  hauler      [33m✈ transit[0m   X1-KU6-D53   220/600    0/80   5m12s      
 [1m [0m[1;96mTYLERMAS…[0m[1m [0m  siphoner    [33m✈ transit[0m   X1-KU6-C50     79/80   15/15   [2m1h19m [0m     
 [1m           [0m                                                         [2mdrift[0m      
 [1m [0m[1;92mTYLERMAS…[0m[1m [0m  siphoner    [33m✈ transit[0m   X1-KU6-C50     79/80   15/15   [2m1h20m [0m     
 [1m           [0m                                                         [2mdrift[0m      
 [1m [0m[1;95mTYLERMAS…[0m[1m [0m  siphoner    [33m✈ transit[0m   X1-KU6-B7      38/80   15/15   [2m1h24m [0m     
 [1m           [0m                                                         [2mdrift[0m      
 [1m [0m[1;93mTYLERMAS…[0m[1m [0m  siphoner    [33m✈ transit[0m   X1-KU6-C50     79/80   15/15   [2m1h18m [0m     
 [1m           [0m                                                         [2mdrift[0m      
 [1m [0m[1;37mTYLERMAS…[0m[1m [0m  trader      [32m⚓ docked[0m   X1-KU6-F58   600/600    0/80              
 [1m [0m[1;37mTYLERMAS…[0m[1m [0m  trader      [32m⚓ docked[0m   X1-KU6-F58   600/600    0/80              
 [1m [0m[1;37mTYLERMAS…[0m[1m [0m  miner       [33m✈ transit[0m   X1-KU6-B47     79/80    0/15   [2m1h41m [0m     
 [1m           [0m                                                         [2mdrift[0m      
 [1m [0m[1;37mTYLERMAS…[0m[1m [0m  surveyor    [33m✈ transit[0m   X1-KU6-B46     79/80     0/0   [2m1h58m [0m     
 [1m           [0m                                                         [2mdrift[0m      
                                                                                
  Contract: [36m░░░░░░░░░░░░░░░░░░░░░░░░░░░░░░[0m [1;36m0[0m[1m/[0m[1;36m8[0m SHIP_PARTS → X1-KU6-A2 [1m([0m[1;32m0[0m[32m%[0m[1m)[0m
[1;2;92m22:18:37[0m [35mTYLERMASTERY2-[0m[1;35m3[0m [33m⏳ in transit [0m[1;33m([0m[33m~27m 23s[0m[1;33m)[0m[33m...[0m
[1;2;92m22:18:37[0m [32mTYLERMASTERY2-[0m[1;32m2[0m [33m⏳ in transit [0m[1;33m([0m[33m~40s[0m[1;33m)[0m[33m...[0m
[1;2;92m22:18:38[0m [36mTYLERMASTERY2-[0m[1;36m1[0m [33m🌡 cooldown 57s[0m
[1;2;92m22:18:41[0m [37mTYLERMASTERY2-D[0m [33m⏳ in transit [0m[1;33m([0m[33m~1h 58m[0m[1;33m)[0m[33m...[0m
[1;2;92m22:18:43[0m [32mTYLERMASTERY2-[0m[1;32m2[0m [33m⏳ in transit [0m[1;33m([0m[33m~35s[0m[1;33m)[0m[33m...[0m
[1;2;92m22:18:45[0m [34mTYLERMASTERY2-[0m[1;34m5[0m [33m⏳ in transit [0m[1;33m([0m[33m~5m 3s[0m[1;33m)[0m[33m...[0m
[1;2;92m22:18:46[0m [33mTYLERMASTERY2-[0m[1;33m4[0m [33m🌡 cooldown 28s[0m
[1;2;92m22:18:48[0m [92mTYLERMASTERY2-[0m[1;92m7[0m [33m⏳ in transit [0m[1;33m([0m[33m~1h 20m[0m[1;33m)[0m[33m...[0m
[1;2;92m22:18:48[0m [32mTYLERMASTERY2-[0m[1;32m2[0m [33m⏳ in transit [0m[1;33m([0m[33m~29s[0m[1;33m)[0m[33m...[0m
[1;2;92m22:18:50[0m [36mTYLERMASTERY2-[0m[1;36m1[0m [33m🌡 cooldown 45s[0m
[1;2;92m22:18:54[0m [93mTYLERMASTERY2-[0m[1;93m9[0m [33m⏳ in transit [0m[1;33m([0m[33m~1h 18m[0m[1;33m)[0m[33m...[0m
[1;2;92m22:19:01[0m [36mTYLERMASTERY2-[0m[1;36m1[0m [33m🌡 cooldown 34s[0m
[1;2;92m22:19:03[0m [37mTYLERMASTERY2-C[0m [33m⏳ in transit [0m[1;33m([0m[33m~1h 41m[0m[1;33m)[0m[33m...[0m
[1;2;92m22:19:05[0m [33mTYLERMASTERY2-[0m[1;33m4[0m [33m🌡 cooldown 8s[0m
[1;2;92m22:19:07[0m [32mTYLERMASTERY2-[0m[1;32m2[0m [33m⏳ in transit [0m[1;33m([0m[33m~11s[0m[1;33m)[0m[33m...[0m
[1;2;92m22:19:11[0m [36mTYLERMASTERY2-[0m[1;36m1[0m [33m🌡 cooldown 24s[0m
[1;2;92m22:19:12[0m [32mTYLERMASTERY2-[0m[1;32m2[0m [33m⏳ in transit [0m[1;33m([0m[33m~5s[0m[1;33m)[0m[33m...[0m
[1;2;92m22:19:17[0m [35m🔭 TYLERMASTERY2-[0m[1;35m4[0m[35m: [0m[1;35m1[0m[35m [0m[1;35msurvey[0m[1;35m([0m[35ms[0m[1;35m)[0m[35m added [0m[1;35m([0m[1;35m0x[0m[35m SHIP_PARTS hits[0m[1;35m)[0m[35m | pool: [0m[1;35m25[0m
[1;2;92m22:19:18[0m [32mTYLERMASTERY2-[0m[1;32m2[0m [32m✓[0m arrived at [1mX1-KU6-H62[0m
[1;2;92m22:19:18[0m [33mTYLERMASTERY2-[0m[1;33m4[0m [33m🌡 cooldown 69s[0m
[1;2;92m22:19:19[0m [32mTYLERMASTERY2-[0m[1;32m2[0m [36m⚓ docked[0m
[1;2;92m22:19:19[0m [33mFleet manager: skipping SHIP_MINING_DRONE at X1-KU6-H62 — fuel tank too[0m
[33msmall [0m[1;33m([0m[1;33m80[0m[33m < [0m[1;33m150[0m[1;33m)[0m
[1;2;92m22:19:19[0m [2mFleet manager: no suitable ships at any shipyard[0m
[1;2;92m22:19:21[0m [36mTYLERMASTERY2-[0m[1;36m1[0m [33m🌡 cooldown 13s[0m
[1;2;92m22:19:22[0m [32mTYLERMASTERY2-[0m[1;32m2[0m [36m↑ orbiting[0m
[1;2;92m22:19:22[0m [32mTYLERMASTERY2-[0m[1;32m2[0m [34m🚀 Navigating → X1-KU6-A1[0m
[1;2;92m22:19:24[0m [32mTYLERMASTERY2-[0m[1;32m2[0m [33m⏳ in transit [0m[1;33m([0m[33m~2m 29s[0m[1;33m)[0m[33m...[0m
[1;2;92m22:19:28[0m [33mTYLERMASTERY2-[0m[1;33m4[0m [33m🌡 cooldown 58s[0m
[1;2;92m22:19:30[0m [95mTYLERMASTERY2-[0m[1;95m8[0m [33m⏳ in transit [0m[1;33m([0m[33m~1h 23m[0m[1;33m)[0m[33m...[0m
[1;2;92m22:19:39[0m [33mTYLERMASTERY2-[0m[1;33m4[0m [33m🌡 cooldown 48s[0m
[1;2;92m22:19:43[0m [35mTYLERMASTERY2-[0m[1;35m3[0m [33m⏳ in transit [0m[1;33m([0m[33m~26m 17s[0m[1;33m)[0m[33m...[0m
[1;2;92m22:19:45[0m   [36mTYLERMASTERY2-[0m[1;36m1[0m: 5x AMMONIA_ICE | __SELL_ONLY__: [1;36m0[0m | Cargo: [1;36m11[0m/[1;36m40[0m | 
CD: 80s
[1;2;92m22:19:45[0m [36mTYLERMASTERY2-[0m[1;36m1[0m   [33m⚠ Impact with Extracted Debris: Large chunks of [0m
[33mdebris from the extraction process collided with the ship's frame, causing minor[0m
[33mdents and potential breaches. Automated navigational protocols and debris [0m
[33mtracking systems helped mitigate significant damage.[0m
[1;2;92m22:19:48[0m [96mTYLERMASTERY2-[0m[1;96m6[0m [33m⏳ in transit [0m[1;33m([0m[33m~1h 18m[0m[1;33m)[0m[33m...[0m
[1;2;92m22:19:49[0m [92mTYLERMASTERY2-[0m[1;92m7[0m [33m⏳ in transit [0m[1;33m([0m[33m~1h 19m[0m[1;33m)[0m[33m...[0m
[1;2;92m22:19:50[0m [36mTYLERMASTERY2-[0m[1;36m1[0m [33m🌡 cooldown 71s[0m
[1;2;92m22:19:51[0m [37mTYLERMASTERY2-D[0m [33m⏳ in transit [0m[1;33m([0m[33m~1h 56m[0m[1;33m)[0m[33m...[0m
[1;2;92m22:19:52[0m [33mTYLERMASTERY2-[0m[1;33m4[0m [33m🌡 cooldown 34s[0m
[1;2;92m22:19:54[0m [34mTYLERMASTERY2-[0m[1;34m5[0m [33m⏳ in transit [0m[1;33m([0m[33m~3m 53s[0m[1;33m)[0m[33m...[0m
[1;2;92m22:19:58[0m [32mTYLERMASTERY2-[0m[1;32m2[0m [33m⏳ in transit [0m[1;33m([0m[33m~1m 55s[0m[1;33m)[0m[33m...[0m
[3m                      [0m[1;3mFleet Status[0m[3m  [0m[3;32m1,646,134 cr[0m[3m  [0m[2;3m22:20:00[0m[3m                      [0m
                                                                                
 [1m [0m[1mShip     [0m[1m [0m [1m [0m[1mRole     [0m[1m [0m [1m [0m[1mStatus   [0m[1m [0m [1m [0m[1mLocation  [0m[1m [0m [1m [0m[1m   Fuel[0m[1m [0m [1m [0m[1mCargo[0m[1m [0m [1m [0m[1mETA      [0m[1m [0m 
 ━━━━━━━━━━━━━━━━━━━━━━━━━━━━━━━━━━━━━━━━━━━━━━━━━━━━━━━━━━━━━━━━━━━━━━━━━━━━━━ 
 [1m [0m[1;36mTYLERMAS…[0m[1m [0m  miner       [36m↑ orbit[0m     X1-KU6-B47   385/400   11/40              
 [1m [0m[1;32mTYLERMAS…[0m[1m [0m  fleet-mgr   [33m✈ transit[0m   X1-KU6-A1          —     0/0   1m53s      
 [1m [0m[1;35mTYLERMAS…[0m[1m [0m  miner       [33m✈ transit[0m   X1-KU6-B7      79/80    0/15   [2m26m0s [0m     
 [1m           [0m                                                         [2mdrift[0m      
 [1m [0m[1;33mTYLERMAS…[0m[1m [0m  surveyor    [36m↑ orbit[0m     X1-KU6-B46     21/80     0/0              
 [1m [0m[1;34mTYLERMAS…[0m[1m [0m  hauler      [33m✈ transit[0m   X1-KU6-D53   220/600    0/80   3m48s      
 [1m [0m[1;96mTYLERMAS…[0m[1m [0m  siphoner    [33m✈ transit[0m   X1-KU6-C50     79/80   15/15   [2m1h18m [0m     
 [1m           [0m                                                         [2mdrift[0m      
 [1m [0m[1;92mTYLERMAS…[0m[1m [0m  siphoner    [33m✈ transit[0m   X1-KU6-C50     79/80   15/15   [2m1h19m [0m     
 [1m           [0m                                                         [2mdrift[0m      
 [1m [0m[1;95mTYLERMAS…[0m[1m [0m  siphoner    [33m✈ transit[0m   X1-KU6-B7      38/80   15/15   [2m1h23m [0m     
 [1m           [0m                                                         [2mdrift[0m      
 [1m [0m[1;93mTYLERMAS…[0m[1m [0m  siphoner    [33m✈ transit[0m   X1-KU6-C50     79/80   15/15   [2m1h17m [0m     
 [1m           [0m                                                         [2mdrift[0m      
 [1m [0m[1;37mTYLERMAS…[0m[1m [0m  trader      [32m⚓ docked[0m   X1-KU6-F58   600/600    0/80              
 [1m [0m[1;37mTYLERMAS…[0m[1m [0m  trader      [32m⚓ docked[0m   X1-KU6-F58   600/600    0/80              
 [1m [0m[1;37mTYLERMAS…[0m[1m [0m  miner       [33m✈ transit[0m   X1-KU6-B47     79/80    0/15   [2m1h40m [0m     
 [1m           [0m                                                         [2mdrift[0m      
 [1m [0m[1;37mTYLERMAS…[0m[1m [0m  surveyor    [33m✈ transit[0m   X1-KU6-B46     79/80     0/0   [2m1h56m [0m     
 [1m           [0m                                                         [2mdrift[0m      
                                                                                
  Contract: [36m░░░░░░░░░░░░░░░░░░░░░░░░░░░░░░[0m [1;36m0[0m[1m/[0m[1;36m8[0m SHIP_PARTS → X1-KU6-A2 [1m([0m[1;32m0[0m[32m%[0m[1m)[0m
[1;2;92m22:20:03[0m [93mTYLERMASTERY2-[0m[1;93m9[0m [33m⏳ in transit [0m[1;33m([0m[33m~1h 17m[0m[1;33m)[0m[33m...[0m
[1;2;92m22:20:03[0m [33mTYLERMASTERY2-[0m[1;33m4[0m [33m🌡 cooldown 24s[0m
[1;2;92m22:20:07[0m [37mTYLERMASTERY2-C[0m [33m⏳ in transit [0m[1;33m([0m[33m~1h 39m[0m[1;33m)[0m[33m...[0m
[1;2;92m22:20:12[0m [32mTYLERMASTERY2-[0m[1;32m2[0m [33m⏳ in transit [0m[1;33m([0m[33m~1m 41s[0m[1;33m)[0m[33m...[0m
[1;2;92m22:20:13[0m [33mTYLERMASTERY2-[0m[1;33m4[0m [33m🌡 cooldown 14s[0m
[1;2;92m22:20:17[0m [36mTYLERMASTERY2-[0m[1;36m1[0m [33m🌡 cooldown 43s[0m
[1;2;92m22:20:18[0m [32mTYLERMASTERY2-[0m[1;32m2[0m [33m⏳ in transit [0m[1;33m([0m[33m~1m 35s[0m[1;33m)[0m[33m...[0m
[1;2;92m22:20:23[0m [32mTYLERMASTERY2-[0m[1;32m2[0m [33m⏳ in transit [0m[1;33m([0m[33m~1m 30s[0m[1;33m)[0m[33m...[0m
[1;2;92m22:20:23[0m [33mTYLERMASTERY2-[0m[1;33m4[0m [33m🌡 cooldown 3s[0m
[1;2;92m22:20:27[0m [35m🔭 TYLERMASTERY2-[0m[1;35m4[0m[35m: [0m[1;35m1[0m[35m [0m[1;35msurvey[0m[1;35m([0m[35ms[0m[1;35m)[0m[35m added [0m[1;35m([0m[1;35m0x[0m[35m SHIP_PARTS hits[0m[1;35m)[0m[35m | pool: [0m[1;35m26[0m
[1;2;92m22:20:28[0m [36mTYLERMASTERY2-[0m[1;36m1[0m [33m🌡 cooldown 32s[0m
[1;2;92m22:20:31[0m [32mTYLERMASTERY2-[0m[1;32m2[0m [33m⏳ in transit [0m[1;33m([0m[33m~1m 22s[0m[1;33m)[0m[33m...[0m
[1;2;92m22:20:33[0m [33mTYLERMASTERY2-[0m[1;33m4[0m [33m🌡 cooldown 64s[0m
[1;2;92m22:20:37[0m [32mTYLERMASTERY2-[0m[1;32m2[0m [33m⏳ in transit [0m[1;33m([0m[33m~1m 16s[0m[1;33m)[0m[33m...[0m
[1;2;92m22:20:42[0m [32mTYLERMASTERY2-[0m[1;32m2[0m [33m⏳ in transit [0m[1;33m([0m[33m~1m 11s[0m[1;33m)[0m[33m...[0m
[1;2;92m22:20:44[0m [95mTYLERMASTERY2-[0m[1;95m8[0m [33m⏳ in transit [0m[1;33m([0m[33m~1h 22m[0m[1;33m)[0m[33m...[0m
[1;2;92m22:20:44[0m [33mTYLERMASTERY2-[0m[1;33m4[0m [33m🌡 cooldown 52s[0m
[1;2;92m22:20:50[0m [35mTYLERMASTERY2-[0m[1;35m3[0m [33m⏳ in transit [0m[1;33m([0m[33m~25m 10s[0m[1;33m)[0m[33m...[0m
[1;2;92m22:20:51[0m [32mTYLERMASTERY2-[0m[1;32m2[0m [33m⏳ in transit [0m[1;33m([0m[33m~1m 2s[0m[1;33m)[0m[33m...[0m
[1;2;92m22:20:55[0m [34mTYLERMASTERY2-[0m[1;34m5[0m [33m⏳ in transit [0m[1;33m([0m[33m~2m 52s[0m[1;33m)[0m[33m...[0m
[1;2;92m22:20:55[0m [92mTYLERMASTERY2-[0m[1;92m7[0m [33m⏳ in transit [0m[1;33m([0m[33m~1h 18m[0m[1;33m)[0m[33m...[0m
[1;2;92m22:20:56[0m [33mTYLERMASTERY2-[0m[1;33m4[0m [33m🌡 cooldown 41s[0m
[1;2;92m22:20:58[0m [36mTYLERMASTERY2-[0m[1;36m1[0m [33m🌡 cooldown 3s[0m
[1;2;92m22:20:59[0m [96mTYLERMASTERY2-[0m[1;96m6[0m [33m⏳ in transit [0m[1;33m([0m[33m~1h 17m[0m[1;33m)[0m[33m...[0m
[1;2;92m22:21:02[0m [32mTYLERMASTERY2-[0m[1;32m2[0m [33m⏳ in transit [0m[1;33m([0m[33m~51s[0m[1;33m)[0m[33m...[0m
[1;2;92m22:21:06[0m [93mTYLERMASTERY2-[0m[1;93m9[0m [33m⏳ in transit [0m[1;33m([0m[33m~1h 16m[0m[1;33m)[0m[33m...[0m
[1;2;92m22:21:06[0m [37mTYLERMASTERY2-D[0m [33m⏳ in transit [0m[1;33m([0m[33m~1h 55m[0m[1;33m)[0m[33m...[0m
[1;2;92m22:21:07[0m [32mTYLERMASTERY2-[0m[1;32m2[0m [33m⏳ in transit [0m[1;33m([0m[33m~46s[0m[1;33m)[0m[33m...[0m
[3m                      [0m[1;3mFleet Status[0m[3m  [0m[3;32m1,646,134 cr[0m[3m  [0m[2;3m22:21:08[0m[3m                      [0m
                                                                                
 [1m [0m[1mShip     [0m[1m [0m [1m [0m[1mRole     [0m[1m [0m [1m [0m[1mStatus   [0m[1m [0m [1m [0m[1mLocation  [0m[1m [0m [1m [0m[1m   Fuel[0m[1m [0m [1m [0m[1mCargo[0m[1m [0m [1m [0m[1mETA      [0m[1m [0m 
 ━━━━━━━━━━━━━━━━━━━━━━━━━━━━━━━━━━━━━━━━━━━━━━━━━━━━━━━━━━━━━━━━━━━━━━━━━━━━━━ 
 [1m [0m[1;36mTYLERMAS…[0m[1m [0m  miner       [36m↑ orbit[0m     X1-KU6-B47   385/400   11/40              
 [1m [0m[1;32mTYLERMAS…[0m[1m [0m  fleet-mgr   [33m✈ transit[0m   X1-KU6-A1          —     0/0   45s        
 [1m [0m[1;35mTYLERMAS…[0m[1m [0m  miner       [33m✈ transit[0m   X1-KU6-B7      79/80    0/15   [2m24m52s [0m    
 [1m           [0m                                                         [2mdrift[0m      
 [1m [0m[1;33mTYLERMAS…[0m[1m [0m  surveyor    [36m↑ orbit[0m     X1-KU6-B46     21/80     0/0              
 [1m [0m[1;34mTYLERMAS…[0m[1m [0m  hauler      [33m✈ transit[0m   X1-KU6-D53   220/600    0/80   2m40s      
 [1m [0m[1;96mTYLERMAS…[0m[1m [0m  siphoner    [33m✈ transit[0m   X1-KU6-C50     79/80   15/15   [2m1h17m [0m     
 [1m           [0m                                                         [2mdrift[0m      
 [1m [0m[1;92mTYLERMAS…[0m[1m [0m  siphoner    [33m✈ transit[0m   X1-KU6-C50     79/80   15/15   [2m1h18m [0m     
 [1m           [0m                                                         [2mdrift[0m      
 [1m [0m[1;95mTYLERMAS…[0m[1m [0m  siphoner    [33m✈ transit[0m   X1-KU6-B7      38/80   15/15   [2m1h22m [0m     
 [1m           [0m                                                         [2mdrift[0m      
 [1m [0m[1;93mTYLERMAS…[0m[1m [0m  siphoner    [33m✈ transit[0m   X1-KU6-C50     79/80   15/15   [2m1h16m [0m     
 [1m           [0m                                                         [2mdrift[0m      
 [1m [0m[1;37mTYLERMAS…[0m[1m [0m  trader      [32m⚓ docked[0m   X1-KU6-F58   600/600    0/80              
 [1m [0m[1;37mTYLERMAS…[0m[1m [0m  trader      [32m⚓ docked[0m   X1-KU6-F58   600/600    0/80              
 [1m [0m[1;37mTYLERMAS…[0m[1m [0m  miner       [33m✈ transit[0m   X1-KU6-B47     79/80    0/15   [2m1h38m [0m     
 [1m           [0m                                                         [2mdrift[0m      
 [1m [0m[1;37mTYLERMAS…[0m[1m [0m  surveyor    [33m✈ transit[0m   X1-KU6-B46     79/80     0/0   [2m1h55m [0m     
 [1m           [0m                                                         [2mdrift[0m      
                                                                                
  Contract: [36m░░░░░░░░░░░░░░░░░░░░░░░░░░░░░░[0m [1;36m0[0m[1m/[0m[1;36m8[0m SHIP_PARTS → X1-KU6-A2 [1m([0m[1;32m0[0m[32m%[0m[1m)[0m
[1;2;92m22:21:11[0m [37mTYLERMASTERY2-C[0m [33m⏳ in transit [0m[1;33m([0m[33m~1h 38m[0m[1;33m)[0m[33m...[0m
[1;2;92m22:21:13[0m [32mTYLERMASTERY2-[0m[1;32m2[0m [33m⏳ in transit [0m[1;33m([0m[33m~40s[0m[1;33m)[0m[33m...[0m
[1;2;92m22:21:18[0m [33mTYLERMASTERY2-[0m[1;33m4[0m [33m🌡 cooldown 19s[0m
[1;2;92m22:21:18[0m [32mTYLERMASTERY2-[0m[1;32m2[0m [33m⏳ in transit [0m[1;33m([0m[33m~35s[0m[1;33m)[0m[33m...[0m
[1;2;92m22:21:19[0m   [36mTYLERMASTERY2-[0m[1;36m1[0m: 4x SILICON_CRYSTALS | __SELL_ONLY__: [1;36m0[0m | Cargo: 
[1;36m15[0m/[1;36m40[0m | CD: 80s
[1;2;92m22:21:20[0m [36mTYLERMASTERY2-[0m[1;36m1[0m [33m🌡 cooldown 79s[0m
[1;2;92m22:21:24[0m [32mTYLERMASTERY2-[0m[1;32m2[0m [33m⏳ in transit [0m[1;33m([0m[33m~29s[0m[1;33m)[0m[33m...[0m
[1;2;92m22:21:29[0m [33mTYLERMASTERY2-[0m[1;33m4[0m [33m🌡 cooldown 8s[0m
[1;2;92m22:21:29[0m [32mTYLERMASTERY2-[0m[1;32m2[0m [33m⏳ in transit [0m[1;33m([0m[33m~24s[0m[1;33m)[0m[33m...[0m
[1;2;92m22:21:31[0m [36mTYLERMASTERY2-[0m[1;36m1[0m [33m🌡 cooldown 69s[0m
[1;2;92m22:21:35[0m [32mTYLERMASTERY2-[0m[1;32m2[0m [33m⏳ in transit [0m[1;33m([0m[33m~18s[0m[1;33m)[0m[33m...[0m
[1;2;92m22:21:42[0m [35m🔭 TYLERMASTERY2-[0m[1;35m4[0m[35m: [0m[1;35m1[0m[35m [0m[1;35msurvey[0m[1;35m([0m[35ms[0m[1;35m)[0m[35m added [0m[1;35m([0m[1;35m0x[0m[35m SHIP_PARTS hits[0m[1;35m)[0m[35m | pool: [0m[1;35m25[0m
[1;2;92m22:21:43[0m [32mTYLERMASTERY2-[0m[1;32m2[0m [33m⏳ in transit [0m[1;33m([0m[33m~10s[0m[1;33m)[0m[33m...[0m
[1;2;92m22:21:48[0m [32mTYLERMASTERY2-[0m[1;32m2[0m [33m⏳ in transit [0m[1;33m([0m[33m~5s[0m[1;33m)[0m[33m...[0m
[1;2;92m22:21:50[0m [36mTYLERMASTERY2-[0m[1;36m1[0m [33m🌡 cooldown 50s[0m
[1;2;92m22:21:52[0m [95mTYLERMASTERY2-[0m[1;95m8[0m [33m⏳ in transit [0m[1;33m([0m[33m~1h 21m[0m[1;33m)[0m[33m...[0m
[1;2;92m22:21:54[0m [32mTYLERMASTERY2-[0m[1;32m2[0m [32m✓[0m arrived at [1mX1-KU6-A1[0m
[1;2;92m22:21:55[0m [35mTYLERMASTERY2-[0m[1;35m3[0m [33m⏳ in transit [0m[1;33m([0m[33m~24m 5s[0m[1;33m)[0m[33m...[0m
[1;2;92m22:21:56[0m [34mTYLERMASTERY2-[0m[1;34m5[0m [33m⏳ in transit [0m[1;33m([0m[33m~1m 51s[0m[1;33m)[0m[33m...[0m
[1;2;92m22:21:57[0m [33mTYLERMASTERY2-[0m[1;33m4[0m [33m🌡 cooldown 54s[0m
[1;2;92m22:21:59[0m [32mTYLERMASTERY2-[0m[1;32m2[0m [36m⚓ docked[0m
[1;2;92m22:22:00[0m [96mTYLERMASTERY2-[0m[1;96m6[0m [33m⏳ in transit [0m[1;33m([0m[33m~1h 16m[0m[1;33m)[0m[33m...[0m
[1;2;92m22:22:02[0m [34mTYLERMASTERY2-[0m[1;34m5[0m [33m⏳ in transit [0m[1;33m([0m[33m~1m 46s[0m[1;33m)[0m[33m...[0m
[1;2;92m22:22:03[0m [36mTYLERMASTERY2-[0m[1;36m1[0m [33m🌡 cooldown 36s[0m
[1;2;92m22:22:06[0m [92mTYLERMASTERY2-[0m[1;92m7[0m [33m⏳ in transit [0m[1;33m([0m[33m~1h 17m[0m[1;33m)[0m[33m...[0m
[1;2;92m22:22:08[0m [33mTYLERMASTERY2-[0m[1;33m4[0m [33m🌡 cooldown 44s[0m
[1;2;92m22:22:10[0m [34mTYLERMASTERY2-[0m[1;34m5[0m [33m⏳ in transit [0m[1;33m([0m[33m~1m 38s[0m[1;33m)[0m[33m...[0m
[1;2;92m22:22:12[0m [37mTYLERMASTERY2-A[0m [2mno profitable arbitrage found — waiting 5min[0m
[1;2;92m22:22:12[0m [37mTYLERMASTERY2-B[0m [2mno profitable arbitrage found — waiting 5min[0m
[3m                      [0m[1;3mFleet Status[0m[3m  [0m[3;32m1,646,134 cr[0m[3m  [0m[2;3m22:22:12[0m[3m                      [0m
                                                                                
 [1m [0m[1mShip     [0m[1m [0m [1m [0m[1mRole     [0m[1m [0m [1m [0m[1mStatus   [0m[1m [0m [1m [0m[1mLocation  [0m[1m [0m [1m [0m[1m   Fuel[0m[1m [0m [1m [0m[1mCargo[0m[1m [0m [1m [0m[1mETA      [0m[1m [0m 
 ━━━━━━━━━━━━━━━━━━━━━━━━━━━━━━━━━━━━━━━━━━━━━━━━━━━━━━━━━━━━━━━━━━━━━━━━━━━━━━ 
 [1m [0m[1;36mTYLERMAS…[0m[1m [0m  miner       [36m↑ orbit[0m     X1-KU6-B47   385/400   15/40              
 [1m [0m[1;32mTYLERMAS…[0m[1m [0m  fleet-mgr   [32m⚓ docked[0m   X1-KU6-A1          —     0/0              
 [1m [0m[1;35mTYLERMAS…[0m[1m [0m  miner       [33m✈ transit[0m   X1-KU6-B7      79/80    0/15   [2m23m48s [0m    
 [1m           [0m                                                         [2mdrift[0m      
 [1m [0m[1;33mTYLERMAS…[0m[1m [0m  surveyor    [36m↑ orbit[0m     X1-KU6-B46     21/80     0/0              
 [1m [0m[1;34mTYLERMAS…[0m[1m [0m  hauler      [33m✈ transit[0m   X1-KU6-D53   220/600    0/80   1m36s      
 [1m [0m[1;96mTYLERMAS…[0m[1m [0m  siphoner    [33m✈ transit[0m   X1-KU6-C50     79/80   15/15   [2m1h16m [0m     
 [1m           [0m                                                         [2mdrift[0m      
 [1m [0m[1;92mTYLERMAS…[0m[1m [0m  siphoner    [33m✈ transit[0m   X1-KU6-C50     79/80   15/15   [2m1h16m [0m     
 [1m           [0m                                                         [2mdrift[0m      
 [1m [0m[1;95mTYLERMAS…[0m[1m [0m  siphoner    [33m✈ transit[0m   X1-KU6-B7      38/80   15/15   [2m1h21m [0m     
 [1m           [0m                                                         [2mdrift[0m      
 [1m [0m[1;93mTYLERMAS…[0m[1m [0m  siphoner    [33m✈ transit[0m   X1-KU6-C50     79/80   15/15   [2m1h15m [0m     
 [1m           [0m                                                         [2mdrift[0m      
 [1m [0m[1;37mTYLERMAS…[0m[1m [0m  trader      [32m⚓ docked[0m   X1-KU6-F58   600/600    0/80              
 [1m [0m[1;37mTYLERMAS…[0m[1m [0m  trader      [32m⚓ docked[0m   X1-KU6-F58   600/600    0/80              
 [1m [0m[1;37mTYLERMAS…[0m[1m [0m  miner       [33m✈ transit[0m   X1-KU6-B47     79/80    0/15   [2m1h37m [0m     
 [1m           [0m                                                         [2mdrift[0m      
 [1m [0m[1;37mTYLERMAS…[0m[1m [0m  surveyor    [33m✈ transit[0m   X1-KU6-B46     79/80     0/0   [2m1h54m [0m     
 [1m           [0m                                                         [2mdrift[0m      
                                                                                
  Contract: [36m░░░░░░░░░░░░░░░░░░░░░░░░░░░░░░[0m [1;36m0[0m[1m/[0m[1;36m8[0m SHIP_PARTS → X1-KU6-A2 [1m([0m[1;32m0[0m[32m%[0m[1m)[0m
[1;2;92m22:22:13[0m [37mTYLERMASTERY2-D[0m [33m⏳ in transit [0m[1;33m([0m[33m~1h 54m[0m[1;33m)[0m[33m...[0m
[1;2;92m22:22:14[0m [93mTYLERMASTERY2-[0m[1;93m9[0m [33m⏳ in transit [0m[1;33m([0m[33m~1h 15m[0m[1;33m)[0m[33m...[0m
[1;2;92m22:22:15[0m [34mTYLERMASTERY2-[0m[1;34m5[0m [33m⏳ in transit [0m[1;33m([0m[33m~1m 32s[0m[1;33m)[0m[33m...[0m
[1;2;92m22:22:16[0m [37mTYLERMASTERY2-C[0m [33m⏳ in transit [0m[1;33m([0m[33m~1h 37m[0m[1;33m)[0m[33m...[0m
[1;2;92m22:22:16[0m [36mTYLERMASTERY2-[0m[1;36m1[0m [33m🌡 cooldown 23s[0m
[1;2;92m22:22:18[0m [33mTYLERMASTERY2-[0m[1;33m4[0m [33m🌡 cooldown 33s[0m
[1;2;92m22:22:21[0m [34mTYLERMASTERY2-[0m[1;34m5[0m [33m⏳ in transit [0m[1;33m([0m[33m~1m 27s[0m[1;33m)[0m[33m...[0m
[1;2;92m22:22:26[0m [34mTYLERMASTERY2-[0m[1;34m5[0m [33m⏳ in transit [0m[1;33m([0m[33m~1m 21s[0m[1;33m)[0m[33m...[0m
[1;2;92m22:22:27[0m [36mTYLERMASTERY2-[0m[1;36m1[0m [33m🌡 cooldown 12s[0m
[1;2;92m22:22:29[0m [33mTYLERMASTERY2-[0m[1;33m4[0m [33m🌡 cooldown 23s[0m
[1;2;92m22:22:32[0m [34mTYLERMASTERY2-[0m[1;34m5[0m [33m⏳ in transit [0m[1;33m([0m[33m~1m 16s[0m[1;33m)[0m[33m...[0m
[1;2;92m22:22:39[0m [34mTYLERMASTERY2-[0m[1;34m5[0m [33m⏳ in transit [0m[1;33m([0m[33m~1m 9s[0m[1;33m)[0m[33m...[0m
[1;2;92m22:22:42[0m [33mTYLERMASTERY2-[0m[1;33m4[0m [33m🌡 cooldown 9s[0m
[1;2;92m22:22:44[0m [34mTYLERMASTERY2-[0m[1;34m5[0m [33m⏳ in transit [0m[1;33m([0m[33m~1m 4s[0m[1;33m)[0m[33m...[0m
[1;2;92m22:22:45[0m   [36mTYLERMASTERY2-[0m[1;36m1[0m: 3x AMMONIA_ICE | __SELL_ONLY__: [1;36m0[0m | Cargo: [1;36m18[0m/[1;36m40[0m | 
CD: 80s
[1;2;92m22:22:51[0m [36mTYLERMASTERY2-[0m[1;36m1[0m [33m🌡 cooldown 70s[0m
[1;2;92m22:22:55[0m [95mTYLERMASTERY2-[0m[1;95m8[0m [33m⏳ in transit [0m[1;33m([0m[33m~1h 20m[0m[1;33m)[0m[33m...[0m
[1;2;92m22:22:57[0m [34mTYLERMASTERY2-[0m[1;34m5[0m [33m⏳ in transit [0m[1;33m([0m[33m~51s[0m[1;33m)[0m[33m...[0m
[1;2;92m22:22:58[0m [35m🔭 TYLERMASTERY2-[0m[1;35m4[0m[35m: [0m[1;35m1[0m[35m [0m[1;35msurvey[0m[1;35m([0m[35ms[0m[1;35m)[0m[35m added [0m[1;35m([0m[1;35m0x[0m[35m SHIP_PARTS hits[0m[1;35m)[0m[35m | pool: [0m[1;35m26[0m
[1;2;92m22:22:59[0m [35mTYLERMASTERY2-[0m[1;35m3[0m [33m⏳ in transit [0m[1;33m([0m[33m~23m 1s[0m[1;33m)[0m[33m...[0m
[1;2;92m22:23:04[0m [96mTYLERMASTERY2-[0m[1;96m6[0m [33m⏳ in transit [0m[1;33m([0m[33m~1h 15m[0m[1;33m)[0m[33m...[0m
[1;2;92m22:23:04[0m [34mTYLERMASTERY2-[0m[1;34m5[0m [33m⏳ in transit [0m[1;33m([0m[33m~44s[0m[1;33m)[0m[33m...[0m
[1;2;92m22:23:10[0m [34mTYLERMASTERY2-[0m[1;34m5[0m [33m⏳ in transit [0m[1;33m([0m[33m~37s[0m[1;33m)[0m[33m...[0m
[1;2;92m22:23:13[0m [36mTYLERMASTERY2-[0m[1;36m1[0m [33m🌡 cooldown 49s[0m
[3m                      [0m[1;3mFleet Status[0m[3m  [0m[3;32m1,646,134 cr[0m[3m  [0m[2;3m22:23:16[0m[3m                      [0m
                                                                                
 [1m [0m[1mShip     [0m[1m [0m [1m [0m[1mRole     [0m[1m [0m [1m [0m[1mStatus   [0m[1m [0m [1m [0m[1mLocation  [0m[1m [0m [1m [0m[1m   Fuel[0m[1m [0m [1m [0m[1mCargo[0m[1m [0m [1m [0m[1mETA      [0m[1m [0m 
 ━━━━━━━━━━━━━━━━━━━━━━━━━━━━━━━━━━━━━━━━━━━━━━━━━━━━━━━━━━━━━━━━━━━━━━━━━━━━━━ 
 [1m [0m[1;36mTYLERMAS…[0m[1m [0m  miner       [36m↑ orbit[0m     X1-KU6-B47   385/400   18/40              
 [1m [0m[1;32mTYLERMAS…[0m[1m [0m  fleet-mgr   [32m⚓ docked[0m   X1-KU6-A1          —     0/0              
 [1m [0m[1;35mTYLERMAS…[0m[1m [0m  miner       [33m✈ transit[0m   X1-KU6-B7      79/80    0/15   [2m22m44s [0m    
 [1m           [0m                                                         [2mdrift[0m      
 [1m [0m[1;33mTYLERMAS…[0m[1m [0m  surveyor    [36m↑ orbit[0m     X1-KU6-B46     21/80     0/0              
 [1m [0m[1;34mTYLERMAS…[0m[1m [0m  hauler      [33m✈ transit[0m   X1-KU6-D53   220/600    0/80   32s        
 [1m [0m[1;96mTYLERMAS…[0m[1m [0m  siphoner    [33m✈ transit[0m   X1-KU6-C50     79/80   15/15   [2m1h15m [0m     
 [1m           [0m                                                         [2mdrift[0m      
 [1m [0m[1;92mTYLERMAS…[0m[1m [0m  siphoner    [33m✈ transit[0m   X1-KU6-C50     79/80   15/15   [2m1h15m [0m     
 [1m           [0m                                                         [2mdrift[0m      
 [1m [0m[1;95mTYLERMAS…[0m[1m [0m  siphoner    [33m✈ transit[0m   X1-KU6-B7      38/80   15/15   [2m1h20m [0m     
 [1m           [0m                                                         [2mdrift[0m      
 [1m [0m[1;93mTYLERMAS…[0m[1m [0m  siphoner    [33m✈ transit[0m   X1-KU6-C50     79/80   15/15   [2m1h14m [0m     
 [1m           [0m                                                         [2mdrift[0m      
 [1m [0m[1;37mTYLERMAS…[0m[1m [0m  trader      [32m⚓ docked[0m   X1-KU6-F58   600/600    0/80              
 [1m [0m[1;37mTYLERMAS…[0m[1m [0m  trader      [32m⚓ docked[0m   X1-KU6-F58   600/600    0/80              
 [1m [0m[1;37mTYLERMAS…[0m[1m [0m  miner       [33m✈ transit[0m   X1-KU6-B47     79/80    0/15   [2m1h36m [0m     
 [1m           [0m                                                         [2mdrift[0m      
 [1m [0m[1;37mTYLERMAS…[0m[1m [0m  surveyor    [33m✈ transit[0m   X1-KU6-B46     79/80     0/0   [2m1h53m [0m     
 [1m           [0m                                                         [2mdrift[0m      
                                                                                
  Contract: [36m░░░░░░░░░░░░░░░░░░░░░░░░░░░░░░[0m [1;36m0[0m[1m/[0m[1;36m8[0m SHIP_PARTS → X1-KU6-A2 [1m([0m[1;32m0[0m[32m%[0m[1m)[0m
[1;2;92m22:23:18[0m [93mTYLERMASTERY2-[0m[1;93m9[0m [33m⏳ in transit [0m[1;33m([0m[33m~1h 14m[0m[1;33m)[0m[33m...[0m
[1;2;92m22:23:18[0m [37mTYLERMASTERY2-C[0m [33m⏳ in transit [0m[1;33m([0m[33m~1h 36m[0m[1;33m)[0m[33m...[0m
[1;2;92m22:23:19[0m [92mTYLERMASTERY2-[0m[1;92m7[0m [33m⏳ in transit [0m[1;33m([0m[33m~1h 15m[0m[1;33m)[0m[33m...[0m
[1;2;92m22:23:19[0m [33mTYLERMASTERY2-[0m[1;33m4[0m [33m🌡 cooldown 48s[0m
[1;2;92m22:23:19[0m [34mTYLERMASTERY2-[0m[1;34m5[0m [33m⏳ in transit [0m[1;33m([0m[33m~28s[0m[1;33m)[0m[33m...[0m
[1;2;92m22:23:22[0m [2mFleet manager: contract negotiation skipped: [0m[1;2m[[0m[1;2;36m4511[0m[1;2m][0m[2m Agent TYLERMASTERY2[0m
[2malready has an active contract.[0m
[1;2;92m22:23:22[0m [2m🔍 Fleet manager scanning market X1-KU6-J68 [0m[1;2m([0m[1;2;36m15[0m[2m listings[0m[1;2m)[0m[2m…[0m
[1;2;92m22:23:23[0m [32mTYLERMASTERY2-[0m[1;32m2[0m [33mno reachable intermediate waypoint en route to [0m
[33mX1-KU6-J68 — will drift[0m
[1;2;92m22:23:23[0m [36mTYLERMASTERY2-[0m[1;36m1[0m [33m🌡 cooldown 38s[0m
[1;2;92m22:23:24[0m [32mTYLERMASTERY2-[0m[1;32m2[0m [36m↑ orbiting[0m
[1;2;92m22:23:24[0m [32mTYLERMASTERY2-[0m[1;32m2[0m [34m🚀 Navigating → X1-KU6-J68[0m
[1;2;92m22:23:25[0m [34mTYLERMASTERY2-[0m[1;34m5[0m [33m⏳ in transit [0m[1;33m([0m[33m~23s[0m[1;33m)[0m[33m...[0m
[1;2;92m22:23:25[0m [32mTYLERMASTERY2-[0m[1;32m2[0m [33m⏳ in transit [0m[1;33m([0m[33m~33m 25s[0m[1;33m)[0m[33m...[0m
[1;2;92m22:23:33[0m [33mTYLERMASTERY2-[0m[1;33m4[0m [33m🌡 cooldown 35s[0m
[1;2;92m22:23:34[0m [36mTYLERMASTERY2-[0m[1;36m1[0m [33m🌡 cooldown 28s[0m
[1;2;92m22:23:39[0m [37mTYLERMASTERY2-D[0m [33m⏳ in transit [0m[1;33m([0m[33m~1h 53m[0m[1;33m)[0m[33m...[0m
[1;2;92m22:23:43[0m [33mTYLERMASTERY2-[0m[1;33m4[0m [33m🌡 cooldown 24s[0m
[1;2;92m22:23:45[0m [36mTYLERMASTERY2-[0m[1;36m1[0m [33m🌡 cooldown 16s[0m
[1;2;92m22:23:52[0m [34mTYLERMASTERY2-[0m[1;34m5[0m [32m✓[0m arrived at [1mX1-KU6-D53[0m
[1;2;92m22:23:54[0m [34mTYLERMASTERY2-[0m[1;34m5[0m [1;36m4[0m[36m empty loads — switching to buy SHIP_PARTS from [0m
[36mX1-KU6-D53[0m
[1;2;92m22:23:55[0m [33mTYLERMASTERY2-[0m[1;33m4[0m [33m🌡 cooldown 12s[0m
[1;2;92m22:24:03[0m [35mTYLERMASTERY2-[0m[1;35m3[0m [33m⏳ in transit [0m[1;33m([0m[33m~21m 57s[0m[1;33m)[0m[33m...[0m
[1;2;92m22:24:05[0m [95mTYLERMASTERY2-[0m[1;95m8[0m [33m⏳ in transit [0m[1;33m([0m[33m~1h 19m[0m[1;33m)[0m[33m...[0m
[1;2;92m22:24:12[0m [35m🔭 TYLERMASTERY2-[0m[1;35m4[0m[35m: [0m[1;35m1[0m[35m [0m[1;35msurvey[0m[1;35m([0m[35ms[0m[1;35m)[0m[35m added [0m[1;35m([0m[1;35m0x[0m[35m SHIP_PARTS hits[0m[1;35m)[0m[35m | pool: [0m[1;35m26[0m
[1;2;92m22:24:13[0m   [36mTYLERMASTERY2-[0m[1;36m1[0m: 4x QUARTZ_SAND | __SELL_ONLY__: [1;36m0[0m | Cargo: [1;36m22[0m/[1;36m40[0m | 
CD: 80s
[1;2;92m22:24:13[0m [34mTYLERMASTERY2-[0m[1;34m5[0m [36m⚓ docked[0m
[1;2;92m22:24:16[0m [96mTYLERMASTERY2-[0m[1;96m6[0m [33m⏳ in transit [0m[1;33m([0m[33m~1h 14m[0m[1;33m)[0m[33m...[0m
[1;2;92m22:24:19[0m [93mTYLERMASTERY2-[0m[1;93m9[0m [33m⏳ in transit [0m[1;33m([0m[33m~1h 13m[0m[1;33m)[0m[33m...[0m
[1;2;92m22:24:19[0m [37mTYLERMASTERY2-C[0m [33m⏳ in transit [0m[1;33m([0m[33m~1h 35m[0m[1;33m)[0m[33m...[0m
[1;2;92m22:24:19[0m [36mTYLERMASTERY2-[0m[1;36m1[0m [33m🌡 cooldown 71s[0m
[1;2;92m22:24:20[0m [33mTYLERMASTERY2-[0m[1;33m4[0m [33m🌡 cooldown 62s[0m
[1;2;92m22:24:21[0m [34mTYLERMASTERY2-[0m[1;34m5[0m [32m🛒 bought 8x SHIP_PARTS @ [0m[1;32m10[0m[32m,[0m[1;32m003[0m[32m cr/u | Credits: [0m
[1;32m1[0m[32m,[0m[1;32m566[0m[32m,[0m[1;32m110[0m
[3m                      [0m[1;3mFleet Status[0m[3m  [0m[3;32m1,566,110 cr[0m[3m  [0m[2;3m22:24:21[0m[3m                      [0m
                                                                                
 [1m [0m[1mShip     [0m[1m [0m [1m [0m[1mRole     [0m[1m [0m [1m [0m[1mStatus   [0m[1m [0m [1m [0m[1mLocation  [0m[1m [0m [1m [0m[1m   Fuel[0m[1m [0m [1m [0m[1mCargo[0m[1m [0m [1m [0m[1mETA      [0m[1m [0m 
 ━━━━━━━━━━━━━━━━━━━━━━━━━━━━━━━━━━━━━━━━━━━━━━━━━━━━━━━━━━━━━━━━━━━━━━━━━━━━━━ 
 [1m [0m[1;36mTYLERMAS…[0m[1m [0m  miner       [36m↑ orbit[0m     X1-KU6-B47   385/400   22/40              
 [1m [0m[1;32mTYLERMAS…[0m[1m [0m  fleet-mgr   [33m✈ transit[0m   X1-KU6-J68         —     0/0   32m29s     
 [1m [0m[1;35mTYLERMAS…[0m[1m [0m  miner       [33m✈ transit[0m   X1-KU6-B7      79/80    0/15   [2m21m39s [0m    
 [1m           [0m                                                         [2mdrift[0m      
 [1m [0m[1;33mTYLERMAS…[0m[1m [0m  surveyor    [36m↑ orbit[0m     X1-KU6-B46     21/80     0/0              
 [1m [0m[1;34mTYLERMAS…[0m[1m [0m  hauler      [32m⚓ docked[0m   X1-KU6-D53   220/600    0/80              
 [1m [0m[1;96mTYLERMAS…[0m[1m [0m  siphoner    [33m✈ transit[0m   X1-KU6-C50     79/80   15/15   [2m1h13m [0m     
 [1m           [0m                                                         [2mdrift[0m      
 [1m [0m[1;92mTYLERMAS…[0m[1m [0m  siphoner    [33m✈ transit[0m   X1-KU6-C50     79/80   15/15   [2m1h14m [0m     
 [1m           [0m                                                         [2mdrift[0m      
 [1m [0m[1;95mTYLERMAS…[0m[1m [0m  siphoner    [33m✈ transit[0m   X1-KU6-B7      38/80   15/15   [2m1h18m [0m     
 [1m           [0m                                                         [2mdrift[0m      
 [1m [0m[1;93mTYLERMAS…[0m[1m [0m  siphoner    [33m✈ transit[0m   X1-KU6-C50     79/80   15/15   [2m1h13m [0m     
 [1m           [0m                                                         [2mdrift[0m      
 [1m [0m[1;37mTYLERMAS…[0m[1m [0m  trader      [32m⚓ docked[0m   X1-KU6-F58   600/600    0/80              
 [1m [0m[1;37mTYLERMAS…[0m[1m [0m  trader      [32m⚓ docked[0m   X1-KU6-F58   600/600    0/80              
 [1m [0m[1;37mTYLERMAS…[0m[1m [0m  miner       [33m✈ transit[0m   X1-KU6-B47     79/80    0/15   [2m1h35m [0m     
 [1m           [0m                                                         [2mdrift[0m      
 [1m [0m[1;37mTYLERMAS…[0m[1m [0m  surveyor    [33m✈ transit[0m   X1-KU6-B46     79/80     0/0   [2m1h52m [0m     
 [1m           [0m                                                         [2mdrift[0m      
                                                                                
  Contract: [36m░░░░░░░░░░░░░░░░░░░░░░░░░░░░░░[0m [1;36m0[0m[1m/[0m[1;36m8[0m SHIP_PARTS → X1-KU6-A2 [1m([0m[1;32m0[0m[32m%[0m[1m)[0m
[1;2;92m22:24:22[0m [34mTYLERMASTERY2-[0m[1;34m5[0m [2mrefuel hop → X1-KU6-F57 [0m[1;2m([0m[2men route to X1-KU6-B7[0m[1;2m)[0m
[1;2;92m22:24:29[0m [92mTYLERMASTERY2-[0m[1;92m7[0m [33m⏳ in transit [0m[1;33m([0m[33m~1h 14m[0m[1;33m)[0m[33m...[0m
[1;2;92m22:24:30[0m [36mTYLERMASTERY2-[0m[1;36m1[0m [33m🌡 cooldown 60s[0m
[1;2;92m22:24:30[0m [33mTYLERMASTERY2-[0m[1;33m4[0m [33m🌡 cooldown 51s[0m
[1;2;92m22:24:33[0m [32mTYLERMASTERY2-[0m[1;32m2[0m [33m⏳ in transit [0m[1;33m([0m[33m~32m 17s[0m[1;33m)[0m[33m...[0m
[1;2;92m22:24:42[0m [33mTYLERMASTERY2-[0m[1;33m4[0m [33m🌡 cooldown 39s[0m
[1;2;92m22:24:44[0m [34mTYLERMASTERY2-[0m[1;34m5[0m [36m↑ orbiting[0m
[1;2;92m22:24:44[0m [34mTYLERMASTERY2-[0m[1;34m5[0m [34m🚀 Navigating → X1-KU6-F57[0m
[1;2;92m22:24:50[0m [37mTYLERMASTERY2-D[0m [33m⏳ in transit [0m[1;33m([0m[33m~1h 51m[0m[1;33m)[0m[33m...[0m
[1;2;92m22:24:52[0m [34mTYLERMASTERY2-[0m[1;34m5[0m [33m⏳ in transit [0m[1;33m([0m[33m~2m 52s[0m[1;33m)[0m[33m...[0m
[1;2;92m22:24:54[0m [33mTYLERMASTERY2-[0m[1;33m4[0m [33m🌡 cooldown 27s[0m
[1;2;92m22:24:55[0m [36mTYLERMASTERY2-[0m[1;36m1[0m [33m🌡 cooldown 35s[0m
[1;2;92m22:25:05[0m [33mTYLERMASTERY2-[0m[1;33m4[0m [33m🌡 cooldown 16s[0m
[1;2;92m22:25:07[0m [95mTYLERMASTERY2-[0m[1;95m8[0m [33m⏳ in transit [0m[1;33m([0m[33m~1h 18m[0m[1;33m)[0m[33m...[0m
[1;2;92m22:25:10[0m [35mTYLERMASTERY2-[0m[1;35m3[0m [33m⏳ in transit [0m[1;33m([0m[33m~20m 50s[0m[1;33m)[0m[33m...[0m
[1;2;92m22:25:11[0m [36mTYLERMASTERY2-[0m[1;36m1[0m [33m🌡 cooldown 19s[0m
[1;2;92m22:25:17[0m [33mTYLERMASTERY2-[0m[1;33m4[0m [33m🌡 cooldown 5s[0m
[1;2;92m22:25:18[0m [96mTYLERMASTERY2-[0m[1;96m6[0m [33m⏳ in transit [0m[1;33m([0m[33m~1h 13m[0m[1;33m)[0m[33m...[0m
[1;2;92m22:25:21[0m [36mTYLERMASTERY2-[0m[1;36m1[0m [33m🌡 cooldown 9s[0m
[1;2;92m22:25:21[0m [93mTYLERMASTERY2-[0m[1;93m9[0m [33m⏳ in transit [0m[1;33m([0m[33m~1h 12m[0m[1;33m)[0m[33m...[0m
[3m                      [0m[1;3mFleet Status[0m[3m  [0m[3;32m1,566,110 cr[0m[3m  [0m[2;3m22:25:22[0m[3m                      [0m
                                                                                
 [1m [0m[1mShip     [0m[1m [0m [1m [0m[1mRole     [0m[1m [0m [1m [0m[1mStatus   [0m[1m [0m [1m [0m[1mLocation  [0m[1m [0m [1m [0m[1m   Fuel[0m[1m [0m [1m [0m[1mCargo[0m[1m [0m [1m [0m[1mETA      [0m[1m [0m 
 ━━━━━━━━━━━━━━━━━━━━━━━━━━━━━━━━━━━━━━━━━━━━━━━━━━━━━━━━━━━━━━━━━━━━━━━━━━━━━━ 
 [1m [0m[1;36mTYLERMAS…[0m[1m [0m  miner       [36m↑ orbit[0m     X1-KU6-B47   385/400   22/40              
 [1m [0m[1;32mTYLERMAS…[0m[1m [0m  fleet-mgr   [33m✈ transit[0m   X1-KU6-J68         —     0/0   31m28s     
 [1m [0m[1;35mTYLERMAS…[0m[1m [0m  miner       [33m✈ transit[0m   X1-KU6-B7      79/80    0/15   [2m20m38s [0m    
 [1m           [0m                                                         [2mdrift[0m      
 [1m [0m[1;33mTYLERMAS…[0m[1m [0m  surveyor    [36m↑ orbit[0m     X1-KU6-B46     21/80     0/0              
 [1m [0m[1;34mTYLERMAS…[0m[1m [0m  hauler      [33m✈ transit[0m   X1-KU6-F57   125/600    8/80   2m22s      
 [1m [0m[1;96mTYLERMAS…[0m[1m [0m  siphoner    [33m✈ transit[0m   X1-KU6-C50     79/80   15/15   [2m1h12m [0m     
 [1m           [0m                                                         [2mdrift[0m      
 [1m [0m[1;92mTYLERMAS…[0m[1m [0m  siphoner    [33m✈ transit[0m   X1-KU6-C50     79/80   15/15   [2m1h13m [0m     
 [1m           [0m                                                         [2mdrift[0m      
 [1m [0m[1;95mTYLERMAS…[0m[1m [0m  siphoner    [33m✈ transit[0m   X1-KU6-B7      38/80   15/15   [2m1h17m [0m     
 [1m           [0m                                                         [2mdrift[0m      
 [1m [0m[1;93mTYLERMAS…[0m[1m [0m  siphoner    [33m✈ transit[0m   X1-KU6-C50     79/80   15/15   [2m1h12m [0m     
 [1m           [0m                                                         [2mdrift[0m      
 [1m [0m[1;37mTYLERMAS…[0m[1m [0m  trader      [32m⚓ docked[0m   X1-KU6-F58   600/600    0/80              
 [1m [0m[1;37mTYLERMAS…[0m[1m [0m  trader      [32m⚓ docked[0m   X1-KU6-F58   600/600    0/80              
 [1m [0m[1;37mTYLERMAS…[0m[1m [0m  miner       [33m✈ transit[0m   X1-KU6-B47     79/80    0/15   [2m1h34m [0m     
 [1m           [0m                                                         [2mdrift[0m      
 [1m [0m[1;37mTYLERMAS…[0m[1m [0m  surveyor    [33m✈ transit[0m   X1-KU6-B46     79/80     0/0   [2m1h51m [0m     
 [1m           [0m                                                         [2mdrift[0m      
                                                                                
  Contract: [36m░░░░░░░░░░░░░░░░░░░░░░░░░░░░░░[0m [1;36m0[0m[1m/[0m[1;36m8[0m SHIP_PARTS → X1-KU6-A2 [1m([0m[1;32m0[0m[32m%[0m[1m)[0m
[1;2;92m22:25:23[0m [35m🔭 TYLERMASTERY2-[0m[1;35m4[0m[35m: [0m[1;35m1[0m[35m [0m[1;35msurvey[0m[1;35m([0m[35ms[0m[1;35m)[0m[35m added [0m[1;35m([0m[1;35m0x[0m[35m SHIP_PARTS hits[0m[1;35m)[0m[35m | pool: [0m[1;35m23[0m
[1;2;92m22:25:23[0m [37mTYLERMASTERY2-C[0m [33m⏳ in transit [0m[1;33m([0m[33m~1h 34m[0m[1;33m)[0m[33m...[0m
[1;2;92m22:25:23[0m [33mTYLERMASTERY2-[0m[1;33m4[0m [33m🌡 cooldown 69s[0m
[1;2;92m22:25:30[0m [92mTYLERMASTERY2-[0m[1;92m7[0m [33m⏳ in transit [0m[1;33m([0m[33m~1h 13m[0m[1;33m)[0m[33m...[0m
[1;2;92m22:25:33[0m   [36mTYLERMASTERY2-[0m[1;36m1[0m: 4x AMMONIA_ICE | __SELL_ONLY__: [1;36m0[0m | Cargo: [1;36m26[0m/[1;36m40[0m | 
CD: 80s
[1;2;92m22:25:35[0m [33mTYLERMASTERY2-[0m[1;33m4[0m [33m🌡 cooldown 57s[0m
[1;2;92m22:25:38[0m [36mTYLERMASTERY2-[0m[1;36m1[0m [33m🌡 cooldown 73s[0m
[1;2;92m22:25:44[0m [32mTYLERMASTERY2-[0m[1;32m2[0m [33m⏳ in transit [0m[1;33m([0m[33m~31m 6s[0m[1;33m)[0m[33m...[0m
[1;2;92m22:25:47[0m [33mTYLERMASTERY2-[0m[1;33m4[0m [33m🌡 cooldown 45s[0m
[1;2;92m22:25:51[0m [37mTYLERMASTERY2-D[0m [33m⏳ in transit [0m[1;33m([0m[33m~1h 50m[0m[1;33m)[0m[33m...[0m
[1;2;92m22:25:52[0m [36mTYLERMASTERY2-[0m[1;36m1[0m [33m🌡 cooldown 60s[0m
[1;2;92m22:25:53[0m [34mTYLERMASTERY2-[0m[1;34m5[0m [33m⏳ in transit [0m[1;33m([0m[33m~1m 51s[0m[1;33m)[0m[33m...[0m
[1;2;92m22:25:58[0m [33mTYLERMASTERY2-[0m[1;33m4[0m [33m🌡 cooldown 34s[0m
[1;2;92m22:26:10[0m [34mTYLERMASTERY2-[0m[1;34m5[0m [33m⏳ in transit [0m[1;33m([0m[33m~1m 34s[0m[1;33m)[0m[33m...[0m
[1;2;92m22:26:11[0m [33mTYLERMASTERY2-[0m[1;33m4[0m [33m🌡 cooldown 21s[0m
[1;2;92m22:26:13[0m [36mTYLERMASTERY2-[0m[1;36m1[0m [33m🌡 cooldown 39s[0m
[1;2;92m22:26:14[0m [95mTYLERMASTERY2-[0m[1;95m8[0m [33m⏳ in transit [0m[1;33m([0m[33m~1h 17m[0m[1;33m)[0m[33m...[0m
[1;2;92m22:26:19[0m [35mTYLERMASTERY2-[0m[1;35m3[0m [33m⏳ in transit [0m[1;33m([0m[33m~19m 41s[0m[1;33m)[0m[33m...[0m
[1;2;92m22:26:20[0m [34mTYLERMASTERY2-[0m[1;34m5[0m [33m⏳ in transit [0m[1;33m([0m[33m~1m 24s[0m[1;33m)[0m[33m...[0m
[1;2;92m22:26:22[0m [33mTYLERMASTERY2-[0m[1;33m4[0m [33m🌡 cooldown 10s[0m
[1;2;92m22:26:22[0m [96mTYLERMASTERY2-[0m[1;96m6[0m [33m⏳ in transit [0m[1;33m([0m[33m~1h 11m[0m[1;33m)[0m[33m...[0m
[3m                      [0m[1;3mFleet Status[0m[3m  [0m[3;32m1,566,110 cr[0m[3m  [0m[2;3m22:26:23[0m[3m                      [0m
                                                                                
 [1m [0m[1mShip     [0m[1m [0m [1m [0m[1mRole     [0m[1m [0m [1m [0m[1mStatus   [0m[1m [0m [1m [0m[1mLocation  [0m[1m [0m [1m [0m[1m   Fuel[0m[1m [0m [1m [0m[1mCargo[0m[1m [0m [1m [0m[1mETA      [0m[1m [0m 
 ━━━━━━━━━━━━━━━━━━━━━━━━━━━━━━━━━━━━━━━━━━━━━━━━━━━━━━━━━━━━━━━━━━━━━━━━━━━━━━ 
 [1m [0m[1;36mTYLERMAS…[0m[1m [0m  miner       [36m↑ orbit[0m     X1-KU6-B47   385/400   26/40              
 [1m [0m[1;32mTYLERMAS…[0m[1m [0m  fleet-mgr   [33m✈ transit[0m   X1-KU6-J68         —     0/0   30m27s     
 [1m [0m[1;35mTYLERMAS…[0m[1m [0m  miner       [33m✈ transit[0m   X1-KU6-B7      79/80    0/15   [2m19m37s [0m    
 [1m           [0m                                                         [2mdrift[0m      
 [1m [0m[1;33mTYLERMAS…[0m[1m [0m  surveyor    [36m↑ orbit[0m     X1-KU6-B46     21/80     0/0              
 [1m [0m[1;34mTYLERMAS…[0m[1m [0m  hauler      [33m✈ transit[0m   X1-KU6-F57   125/600    8/80   1m21s      
 [1m [0m[1;96mTYLERMAS…[0m[1m [0m  siphoner    [33m✈ transit[0m   X1-KU6-C50     79/80   15/15   [2m1h11m [0m     
 [1m           [0m                                                         [2mdrift[0m      
 [1m [0m[1;92mTYLERMAS…[0m[1m [0m  siphoner    [33m✈ transit[0m   X1-KU6-C50     79/80   15/15   [2m1h12m [0m     
 [1m           [0m                                                         [2mdrift[0m      
 [1m [0m[1;95mTYLERMAS…[0m[1m [0m  siphoner    [33m✈ transit[0m   X1-KU6-B7      38/80   15/15   [2m1h16m [0m     
 [1m           [0m                                                         [2mdrift[0m      
 [1m [0m[1;93mTYLERMAS…[0m[1m [0m  siphoner    [33m✈ transit[0m   X1-KU6-C50     79/80   15/15   [2m1h11m [0m     
 [1m           [0m                                                         [2mdrift[0m      
 [1m [0m[1;37mTYLERMAS…[0m[1m [0m  trader      [32m⚓ docked[0m   X1-KU6-F58   600/600    0/80              
 [1m [0m[1;37mTYLERMAS…[0m[1m [0m  trader      [32m⚓ docked[0m   X1-KU6-F58   600/600    0/80              
 [1m [0m[1;37mTYLERMAS…[0m[1m [0m  miner       [33m✈ transit[0m   X1-KU6-B47     79/80    0/15   [2m1h33m [0m     
 [1m           [0m                                                         [2mdrift[0m      
 [1m [0m[1;37mTYLERMAS…[0m[1m [0m  surveyor    [33m✈ transit[0m   X1-KU6-B46     79/80     0/0   [2m1h50m [0m     
 [1m           [0m                                                         [2mdrift[0m      
                                                                                
  Contract: [36m░░░░░░░░░░░░░░░░░░░░░░░░░░░░░░[0m [1;36m0[0m[1m/[0m[1;36m8[0m SHIP_PARTS → X1-KU6-A2 [1m([0m[1;32m0[0m[32m%[0m[1m)[0m
[1;2;92m22:26:23[0m [36mTYLERMASTERY2-[0m[1;36m1[0m [33m🌡 cooldown 28s[0m
[1;2;92m22:26:25[0m [34mTYLERMASTERY2-[0m[1;34m5[0m [33m⏳ in transit [0m[1;33m([0m[33m~1m 18s[0m[1;33m)[0m[33m...[0m
[1;2;92m22:26:31[0m [34mTYLERMASTERY2-[0m[1;34m5[0m [33m⏳ in transit [0m[1;33m([0m[33m~1m 13s[0m[1;33m)[0m[33m...[0m
[1;2;92m22:26:32[0m [35m🔭 TYLERMASTERY2-[0m[1;35m4[0m[35m: [0m[1;35m1[0m[35m [0m[1;35msurvey[0m[1;35m([0m[35ms[0m[1;35m)[0m[35m added [0m[1;35m([0m[1;35m0x[0m[35m SHIP_PARTS hits[0m[1;35m)[0m[35m | pool: [0m[1;35m24[0m
[1;2;92m22:26:33[0m [93mTYLERMASTERY2-[0m[1;93m9[0m [33m⏳ in transit [0m[1;33m([0m[33m~1h 10m[0m[1;33m)[0m[33m...[0m
[1;2;92m22:26:33[0m [33mTYLERMASTERY2-[0m[1;33m4[0m [33m🌡 cooldown 69s[0m
[1;2;92m22:26:34[0m [92mTYLERMASTERY2-[0m[1;92m7[0m [33m⏳ in transit [0m[1;33m([0m[33m~1h 12m[0m[1;33m)[0m[33m...[0m
[1;2;92m22:26:36[0m [36mTYLERMASTERY2-[0m[1;36m1[0m [33m🌡 cooldown 15s[0m
[1;2;92m22:26:37[0m [34mTYLERMASTERY2-[0m[1;34m5[0m [33m⏳ in transit [0m[1;33m([0m[33m~1m 6s[0m[1;33m)[0m[33m...[0m
[1;2;92m22:26:40[0m [37mTYLERMASTERY2-C[0m [33m⏳ in transit [0m[1;33m([0m[33m~1h 33m[0m[1;33m)[0m[33m...[0m
[1;2;92m22:26:44[0m [33mTYLERMASTERY2-[0m[1;33m4[0m [33m🌡 cooldown 58s[0m
[1;2;92m22:26:46[0m [34mTYLERMASTERY2-[0m[1;34m5[0m [33m⏳ in transit [0m[1;33m([0m[33m~58s[0m[1;33m)[0m[33m...[0m
[1;2;92m22:26:47[0m [36mTYLERMASTERY2-[0m[1;36m1[0m [33m🌡 cooldown 5s[0m
[1;2;92m22:26:48[0m [32mTYLERMASTERY2-[0m[1;32m2[0m [33m⏳ in transit [0m[1;33m([0m[33m~30m 2s[0m[1;33m)[0m[33m...[0m
[1;2;92m22:26:51[0m [34mTYLERMASTERY2-[0m[1;34m5[0m [33m⏳ in transit [0m[1;33m([0m[33m~52s[0m[1;33m)[0m[33m...[0m
[1;2;92m22:26:55[0m [37mTYLERMASTERY2-D[0m [33m⏳ in transit [0m[1;33m([0m[33m~1h 49m[0m[1;33m)[0m[33m...[0m
[1;2;92m22:26:57[0m [34mTYLERMASTERY2-[0m[1;34m5[0m [33m⏳ in transit [0m[1;33m([0m[33m~47s[0m[1;33m)[0m[33m...[0m
[1;2;92m22:27:00[0m   [36mTYLERMASTERY2-[0m[1;36m1[0m: 6x QUARTZ_SAND | __SELL_ONLY__: [1;36m0[0m | Cargo: [1;36m32[0m/[1;36m40[0m | 
CD: 80s
[1;2;92m22:27:04[0m [33mTYLERMASTERY2-[0m[1;33m4[0m [33m🌡 cooldown 38s[0m
[1;2;92m22:27:06[0m [34mTYLERMASTERY2-[0m[1;34m5[0m [33m⏳ in transit [0m[1;33m([0m[33m~37s[0m[1;33m)[0m[33m...[0m
[1;2;92m22:27:11[0m [36mTYLERMASTERY2-[0m[1;36m1[0m [33m🌡 cooldown 65s[0m
[1;2;92m22:27:12[0m [34mTYLERMASTERY2-[0m[1;34m5[0m [33m⏳ in transit [0m[1;33m([0m[33m~32s[0m[1;33m)[0m[33m...[0m
[1;2;92m22:27:15[0m [33mTYLERMASTERY2-[0m[1;33m4[0m [33m🌡 cooldown 27s[0m
[1;2;92m22:27:19[0m [95mTYLERMASTERY2-[0m[1;95m8[0m [33m⏳ in transit [0m[1;33m([0m[33m~1h 15m[0m[1;33m)[0m[33m...[0m
[1;2;92m22:27:20[0m [35m💹 TYLERMASTERY2-B: MEDICINE X1-KU6-D53→X1-KU6-A1 buy [0m[1;35m4[0m[35m,[0m[1;35m221[0m[35m/u sell [0m
[1;35m4[0m[35m,[0m[1;35m928[0m[35m/u [0m[1;35m([0m[35m+[0m[1;35m707[0m[35m/u[0m[1;35m)[0m[35m × 80u = est +[0m[1;35m56[0m[35m,[0m[1;35m560[0m[35m cr[0m
[1;2;92m22:27:20[0m [34mTYLERMASTERY2-[0m[1;34m5[0m [33m⏳ in transit [0m[1;33m([0m[33m~23s[0m[1;33m)[0m[33m...[0m
[1;2;92m22:27:20[0m [35m💹 TYLERMASTERY2-A: MEDICINE X1-KU6-D53→X1-KU6-A1 buy [0m[1;35m4[0m[35m,[0m[1;35m221[0m[35m/u sell [0m
[1;35m4[0m[35m,[0m[1;35m928[0m[35m/u [0m[1;35m([0m[35m+[0m[1;35m707[0m[35m/u[0m[1;35m)[0m[35m × 80u = est +[0m[1;35m56[0m[35m,[0m[1;35m560[0m[35m cr[0m
[1;2;92m22:27:22[0m [36mTYLERMASTERY2-[0m[1;36m1[0m [33m🌡 cooldown 54s[0m
[1;2;92m22:27:22[0m [37mTYLERMASTERY2-B[0m [36m↑ orbiting[0m
[1;2;92m22:27:22[0m [37mTYLERMASTERY2-B[0m [34m🚀 Navigating → X1-KU6-D53[0m
[1;2;92m22:27:22[0m [37mTYLERMASTERY2-A[0m [36m↑ orbiting[0m
[1;2;92m22:27:22[0m [37mTYLERMASTERY2-A[0m [34m🚀 Navigating → X1-KU6-D53[0m
[1;2;92m22:27:24[0m [37mTYLERMASTERY2-B[0m [33m⏳ in transit [0m[1;33m([0m[33m~2m 51s[0m[1;33m)[0m[33m...[0m
[1;2;92m22:27:25[0m [37mTYLERMASTERY2-A[0m [33m⏳ in transit [0m[1;33m([0m[33m~2m 52s[0m[1;33m)[0m[33m...[0m
[1;2;92m22:27:26[0m [34mTYLERMASTERY2-[0m[1;34m5[0m [33m⏳ in transit [0m[1;33m([0m[33m~18s[0m[1;33m)[0m[33m...[0m
[1;2;92m22:27:27[0m [33mTYLERMASTERY2-[0m[1;33m4[0m [33m🌡 cooldown 15s[0m
[1;2;92m22:27:31[0m [34mTYLERMASTERY2-[0m[1;34m5[0m [33m⏳ in transit [0m[1;33m([0m[33m~12s[0m[1;33m)[0m[33m...[0m
[3m                      [0m[1;3mFleet Status[0m[3m  [0m[3;32m1,566,110 cr[0m[3m  [0m[2;3m22:27:31[0m[3m                      [0m
                                                                                
 [1m [0m[1mShip     [0m[1m [0m [1m [0m[1mRole     [0m[1m [0m [1m [0m[1mStatus   [0m[1m [0m [1m [0m[1mLocation  [0m[1m [0m [1m [0m[1m   Fuel[0m[1m [0m [1m [0m[1mCargo[0m[1m [0m [1m [0m[1mETA      [0m[1m [0m 
 ━━━━━━━━━━━━━━━━━━━━━━━━━━━━━━━━━━━━━━━━━━━━━━━━━━━━━━━━━━━━━━━━━━━━━━━━━━━━━━ 
 [1m [0m[1;36mTYLERMAS…[0m[1m [0m  miner       [36m↑ orbit[0m     X1-KU6-B47   385/400   32/40              
 [1m [0m[1;32mTYLERMAS…[0m[1m [0m  fleet-mgr   [33m✈ transit[0m   X1-KU6-J68         —     0/0   29m19s     
 [1m [0m[1;35mTYLERMAS…[0m[1m [0m  miner       [33m✈ transit[0m   X1-KU6-B7      79/80    0/15   [2m18m29s [0m    
 [1m           [0m                                                         [2mdrift[0m      
 [1m [0m[1;33mTYLERMAS…[0m[1m [0m  surveyor    [36m↑ orbit[0m     X1-KU6-B46     21/80     0/0              
 [1m [0m[1;34mTYLERMAS…[0m[1m [0m  hauler      [33m✈ transit[0m   X1-KU6-F57   125/600    8/80   12s        
 [1m [0m[1;96mTYLERMAS…[0m[1m [0m  siphoner    [33m✈ transit[0m   X1-KU6-C50     79/80   15/15   [2m1h10m [0m     
 [1m           [0m                                                         [2mdrift[0m      
 [1m [0m[1;92mTYLERMAS…[0m[1m [0m  siphoner    [33m✈ transit[0m   X1-KU6-C50     79/80   15/15   [2m1h11m [0m     
 [1m           [0m                                                         [2mdrift[0m      
 [1m [0m[1;95mTYLERMAS…[0m[1m [0m  siphoner    [33m✈ transit[0m   X1-KU6-B7      38/80   15/15   [2m1h15m [0m     
 [1m           [0m                                                         [2mdrift[0m      
 [1m [0m[1;93mTYLERMAS…[0m[1m [0m  siphoner    [33m✈ transit[0m   X1-KU6-C50     79/80   15/15   [2m1h9m [0m      
 [1m           [0m                                                         [2mdrift[0m      
 [1m [0m[1;37mTYLERMAS…[0m[1m [0m  trader      [33m✈ transit[0m   X1-KU6-D53   505/600    0/80   2m45s      
 [1m [0m[1;37mTYLERMAS…[0m[1m [0m  trader      [33m✈ transit[0m   X1-KU6-D53   505/600    0/80   2m44s      
 [1m [0m[1;37mTYLERMAS…[0m[1m [0m  miner       [33m✈ transit[0m   X1-KU6-B47     79/80    0/15   [2m1h32m [0m     
 [1m           [0m                                                         [2mdrift[0m      
 [1m [0m[1;37mTYLERMAS…[0m[1m [0m  surveyor    [33m✈ transit[0m   X1-KU6-B46     79/80     0/0   [2m1h49m [0m     
 [1m           [0m                                                         [2mdrift[0m      
                                                                                
  Contract: [36m░░░░░░░░░░░░░░░░░░░░░░░░░░░░░░[0m [1;36m0[0m[1m/[0m[1;36m8[0m SHIP_PARTS → X1-KU6-A2 [1m([0m[1;32m0[0m[32m%[0m[1m)[0m
[1;2;92m22:27:34[0m [36mTYLERMASTERY2-[0m[1;36m1[0m [33m🌡 cooldown 43s[0m
[1;2;92m22:27:35[0m [96mTYLERMASTERY2-[0m[1;96m6[0m [33m⏳ in transit [0m[1;33m([0m[33m~1h 10m[0m[1;33m)[0m[33m...[0m
[1;2;92m22:27:36[0m [35mTYLERMASTERY2-[0m[1;35m3[0m [33m⏳ in transit [0m[1;33m([0m[33m~18m 24s[0m[1;33m)[0m[33m...[0m
[1;2;92m22:27:37[0m [34mTYLERMASTERY2-[0m[1;34m5[0m [33m⏳ in transit [0m[1;33m([0m[33m~7s[0m[1;33m)[0m[33m...[0m
[1;2;92m22:27:38[0m [93mTYLERMASTERY2-[0m[1;93m9[0m [33m⏳ in transit [0m[1;33m([0m[33m~1h 9m[0m[1;33m)[0m[33m...[0m
[1;2;92m22:27:40[0m [33mTYLERMASTERY2-[0m[1;33m4[0m [33m🌡 cooldown 2s[0m
[1;2;92m22:27:40[0m [92mTYLERMASTERY2-[0m[1;92m7[0m [33m⏳ in transit [0m[1;33m([0m[33m~1h 11m[0m[1;33m)[0m[33m...[0m
[1;2;92m22:27:42[0m [34mTYLERMASTERY2-[0m[1;34m5[0m [32m✓[0m arrived at [1mX1-KU6-F57[0m
[1;2;92m22:27:44[0m [37mTYLERMASTERY2-C[0m [33m⏳ in transit [0m[1;33m([0m[33m~1h 32m[0m[1;33m)[0m[33m...[0m
[1;2;92m22:27:52[0m [32mTYLERMASTERY2-[0m[1;32m2[0m [33m⏳ in transit [0m[1;33m([0m[33m~28m 58s[0m[1;33m)[0m[33m...[0m
[1;2;92m22:27:58[0m [34mTYLERMASTERY2-[0m[1;34m5[0m [36m⚓ docked[0m
[1;2;92m22:27:58[0m [35m🔭 TYLERMASTERY2-[0m[1;35m4[0m[35m: [0m[1;35m1[0m[35m [0m[1;35msurvey[0m[1;35m([0m[35ms[0m[1;35m)[0m[35m added [0m[1;35m([0m[1;35m0x[0m[35m SHIP_PARTS hits[0m[1;35m)[0m[35m | pool: [0m[1;35m25[0m
[1;2;92m22:27:59[0m [36mTYLERMASTERY2-[0m[1;36m1[0m [33m🌡 cooldown 18s[0m
[1;2;92m22:28:03[0m [37mTYLERMASTERY2-D[0m [33m⏳ in transit [0m[1;33m([0m[33m~1h 48m[0m[1;33m)[0m[33m...[0m
[1;2;92m22:28:08[0m [32m⛽ Refueled to [0m[1;32m600[0m[32m/[0m[1;32m600[0m
[1;2;92m22:28:13[0m [33mTYLERMASTERY2-[0m[1;33m4[0m [33m🌡 cooldown 54s[0m
[1;2;92m22:28:20[0m [34mTYLERMASTERY2-[0m[1;34m5[0m [36m↑ orbiting[0m
[1;2;92m22:28:20[0m [34mTYLERMASTERY2-[0m[1;34m5[0m [34m🚀 Navigating → X1-KU6-B7[0m
[1;2;92m22:28:20[0m   [36mTYLERMASTERY2-[0m[1;36m1[0m: 5x PRECIOUS_STONES | __SELL_ONLY__: [1;36m0[0m | Cargo: [1;36m37[0m/[1;36m40[0m
| CD: 80s
[1;2;92m22:28:20[0m [36mTYLERMASTERY2-[0m[1;36m1[0m   [33m⚠ Structural Stress Fractures: Intense gravitational [0m
[33mforces exerted by the extracted minerals resulted in stress fractures along the [0m
[33mship's frame. Continuous monitoring and reinforcement of the frame's structure [0m
[33mwas necessary to prevent catastrophic failure.[0m
[1;2;92m22:28:20[0m [95mTYLERMASTERY2-[0m[1;95m8[0m [33m⏳ in transit [0m[1;33m([0m[33m~1h 14m[0m[1;33m)[0m[33m...[0m
[1;2;92m22:28:21[0m [34mTYLERMASTERY2-[0m[1;34m5[0m [33m⏳ in transit [0m[1;33m([0m[33m~8m 15s[0m[1;33m)[0m[33m...[0m
[1;2;92m22:28:22[0m [36mTYLERMASTERY2-[0m[1;36m1[0m [34m🚀 Navigating → X1-KU6-B7[0m
[1;2;92m22:28:23[0m [36mTYLERMASTERY2-[0m[1;36m1[0m [33m⏳ in transit [0m[1;33m([0m[33m~25s[0m[1;33m)[0m[33m...[0m
[1;2;92m22:28:23[0m [33mTYLERMASTERY2-[0m[1;33m4[0m [33m🌡 cooldown 44s[0m
[1;2;92m22:28:27[0m [37mTYLERMASTERY2-B[0m [33m⏳ in transit [0m[1;33m([0m[33m~1m 48s[0m[1;33m)[0m[33m...[0m
[1;2;92m22:28:28[0m [36mTYLERMASTERY2-[0m[1;36m1[0m [33m⏳ in transit [0m[1;33m([0m[33m~20s[0m[1;33m)[0m[33m...[0m
[1;2;92m22:28:32[0m [37mTYLERMASTERY2-B[0m [33m⏳ in transit [0m[1;33m([0m[33m~1m 43s[0m[1;33m)[0m[33m...[0m
[1;2;92m22:28:34[0m [37mTYLERMASTERY2-A[0m [33m⏳ in transit [0m[1;33m([0m[33m~1m 42s[0m[1;33m)[0m[33m...[0m
[1;2;92m22:28:35[0m [33mTYLERMASTERY2-[0m[1;33m4[0m [33m🌡 cooldown 32s[0m
[1;2;92m22:28:38[0m [96mTYLERMASTERY2-[0m[1;96m6[0m [33m⏳ in transit [0m[1;33m([0m[33m~1h 9m[0m[1;33m)[0m[33m...[0m
[1;2;92m22:28:40[0m [37mTYLERMASTERY2-A[0m [33m⏳ in transit [0m[1;33m([0m[33m~1m 37s[0m[1;33m)[0m[33m...[0m
[1;2;92m22:28:41[0m [37mTYLERMASTERY2-B[0m [33m⏳ in transit [0m[1;33m([0m[33m~1m 34s[0m[1;33m)[0m[33m...[0m
[1;2;92m22:28:44[0m [36mTYLERMASTERY2-[0m[1;36m1[0m [33m⏳ in transit [0m[1;33m([0m[33m~4s[0m[1;33m)[0m[33m...[0m
[1;2;92m22:28:45[0m [37mTYLERMASTERY2-A[0m [33m⏳ in transit [0m[1;33m([0m[33m~1m 31s[0m[1;33m)[0m[33m...[0m
[1;2;92m22:28:46[0m [37mTYLERMASTERY2-B[0m [33m⏳ in transit [0m[1;33m([0m[33m~1m 29s[0m[1;33m)[0m[33m...[0m
[3m                      [0m[1;3mFleet Status[0m[3m  [0m[3;32m1,565,750 cr[0m[3m  [0m[2;3m22:28:47[0m[3m                      [0m
                                                                                
 [1m [0m[1mShip     [0m[1m [0m [1m [0m[1mRole     [0m[1m [0m [1m [0m[1mStatus   [0m[1m [0m [1m [0m[1mLocation  [0m[1m [0m [1m [0m[1m   Fuel[0m[1m [0m [1m [0m[1mCargo[0m[1m [0m [1m [0m[1mETA      [0m[1m [0m 
 ━━━━━━━━━━━━━━━━━━━━━━━━━━━━━━━━━━━━━━━━━━━━━━━━━━━━━━━━━━━━━━━━━━━━━━━━━━━━━━ 
 [1m [0m[1;36mTYLERMAS…[0m[1m [0m  miner       [33m✈ transit[0m   X1-KU6-B7    370/400   37/40   1s         
 [1m [0m[1;32mTYLERMAS…[0m[1m [0m  fleet-mgr   [33m✈ transit[0m   X1-KU6-J68         —     0/0   28m3s      
 [1m [0m[1;35mTYLERMAS…[0m[1m [0m  miner       [33m✈ transit[0m   X1-KU6-B7      79/80    0/15   [2m17m13s [0m    
 [1m           [0m                                                         [2mdrift[0m      
 [1m [0m[1;33mTYLERMAS…[0m[1m [0m  surveyor    [36m↑ orbit[0m     X1-KU6-B46     21/80     0/0              
 [1m [0m[1;34mTYLERMAS…[0m[1m [0m  hauler      [33m✈ transit[0m   X1-KU6-B7    312/600    8/80   7m49s      
 [1m [0m[1;96mTYLERMAS…[0m[1m [0m  siphoner    [33m✈ transit[0m   X1-KU6-C50     79/80   15/15   [2m1h9m [0m      
 [1m           [0m                                                         [2mdrift[0m      
 [1m [0m[1;92mTYLERMAS…[0m[1m [0m  siphoner    [33m✈ transit[0m   X1-KU6-C50     79/80   15/15   [2m1h10m [0m     
 [1m           [0m                                                         [2mdrift[0m      
 [1m [0m[1;95mTYLERMAS…[0m[1m [0m  siphoner    [33m✈ transit[0m   X1-KU6-B7      38/80   15/15   [2m1h14m [0m     
 [1m           [0m                                                         [2mdrift[0m      
 [1m [0m[1;93mTYLERMAS…[0m[1m [0m  siphoner    [33m✈ transit[0m   X1-KU6-C50     79/80   15/15   [2m1h8m [0m      
 [1m           [0m                                                         [2mdrift[0m      
 [1m [0m[1;37mTYLERMAS…[0m[1m [0m  trader      [33m✈ transit[0m   X1-KU6-D53   505/600    0/80   1m29s      
 [1m [0m[1;37mTYLERMAS…[0m[1m [0m  trader      [33m✈ transit[0m   X1-KU6-D53   505/600    0/80   1m28s      
 [1m [0m[1;37mTYLERMAS…[0m[1m [0m  miner       [33m✈ transit[0m   X1-KU6-B47     79/80    0/15   [2m1h31m [0m     
 [1m           [0m                                                         [2mdrift[0m      
 [1m [0m[1;37mTYLERMAS…[0m[1m [0m  surveyor    [33m✈ transit[0m   X1-KU6-B46     79/80     0/0   [2m1h47m [0m     
 [1m           [0m                                                         [2mdrift[0m      
                                                                                
  Contract: [36m░░░░░░░░░░░░░░░░░░░░░░░░░░░░░░[0m [1;36m0[0m[1m/[0m[1;36m8[0m SHIP_PARTS → X1-KU6-A2 [1m([0m[1;32m0[0m[32m%[0m[1m)[0m
[1;2;92m22:28:49[0m [36mTYLERMASTERY2-[0m[1;36m1[0m [32m✓[0m arrived at [1mX1-KU6-B7[0m
[1;2;92m22:28:50[0m [93mTYLERMASTERY2-[0m[1;93m9[0m [33m⏳ in transit [0m[1;33m([0m[33m~1h 8m[0m[1;33m)[0m[33m...[0m
[1;2;92m22:28:53[0m [37mTYLERMASTERY2-C[0m [33m⏳ in transit [0m[1;33m([0m[33m~1h 31m[0m[1;33m)[0m[33m...[0m
[1;2;92m22:28:54[0m [37mTYLERMASTERY2-A[0m [33m⏳ in transit [0m[1;33m([0m[33m~1m 23s[0m[1;33m)[0m[33m...[0m
[1;2;92m22:28:55[0m [37mTYLERMASTERY2-B[0m [33m⏳ in transit [0m[1;33m([0m[33m~1m 21s[0m[1;33m)[0m[33m...[0m
[1;2;92m22:28:55[0m [36mTYLERMASTERY2-[0m[1;36m1[0m [36m⚓ docked[0m
[1;2;92m22:28:56[0m [35mTYLERMASTERY2-[0m[1;35m3[0m [33m⏳ in transit [0m[1;33m([0m[33m~17m 4s[0m[1;33m)[0m[33m...[0m
[1;2;92m22:28:56[0m [92mTYLERMASTERY2-[0m[1;92m7[0m [33m⏳ in transit [0m[1;33m([0m[33m~1h 10m[0m[1;33m)[0m[33m...[0m
[1;2;92m22:28:58[0m [32m⛽ Refueled to [0m[1;32m400[0m[32m/[0m[1;32m400[0m
[1;2;92m22:28:59[0m [37mTYLERMASTERY2-A[0m [33m⏳ in transit [0m[1;33m([0m[33m~1m 17s[0m[1;33m)[0m[33m...[0m
[1;2;92m22:29:00[0m [37mTYLERMASTERY2-B[0m [33m⏳ in transit [0m[1;33m([0m[33m~1m 15s[0m[1;33m)[0m[33m...[0m
[1;2;92m22:29:03[0m [33mTYLERMASTERY2-[0m[1;33m4[0m [33m🌡 cooldown 4s[0m
[1;2;92m22:29:03[0m [32mTYLERMASTERY2-[0m[1;32m2[0m [33m⏳ in transit [0m[1;33m([0m[33m~27m 47s[0m[1;33m)[0m[33m...[0m
[1;2;92m22:29:04[0m [37mTYLERMASTERY2-A[0m [33m⏳ in transit [0m[1;33m([0m[33m~1m 12s[0m[1;33m)[0m[33m...[0m
[1;2;92m22:29:05[0m [37mTYLERMASTERY2-B[0m [33m⏳ in transit [0m[1;33m([0m[33m~1m 10s[0m[1;33m)[0m[33m...[0m
[1;2;92m22:29:07[0m [37mTYLERMASTERY2-D[0m [33m⏳ in transit [0m[1;33m([0m[33m~1h 47m[0m[1;33m)[0m[33m...[0m
[1;2;92m22:29:10[0m [37mTYLERMASTERY2-A[0m [33m⏳ in transit [0m[1;33m([0m[33m~1m 6s[0m[1;33m)[0m[33m...[0m
[1;2;92m22:29:20[0m [37mTYLERMASTERY2-A[0m [33m⏳ in transit [0m[1;33m([0m[33m~57s[0m[1;33m)[0m[33m...[0m
[1;2;92m22:29:21[0m [35m🔭 TYLERMASTERY2-[0m[1;35m4[0m[35m: [0m[1;35m1[0m[35m [0m[1;35msurvey[0m[1;35m([0m[35ms[0m[1;35m)[0m[35m added [0m[1;35m([0m[1;35m0x[0m[35m SHIP_PARTS hits[0m[1;35m)[0m[35m | pool: [0m[1;35m24[0m
[1;2;92m22:29:21[0m [37mTYLERMASTERY2-B[0m [33m⏳ in transit [0m[1;33m([0m[33m~54s[0m[1;33m)[0m[33m...[0m
[1;2;92m22:29:22[0m [33mTYLERMASTERY2-[0m[1;33m4[0m [33m🌡 cooldown 69s[0m
[1;2;92m22:29:23[0m [95mTYLERMASTERY2-[0m[1;95m8[0m [33m⏳ in transit [0m[1;33m([0m[33m~1h 13m[0m[1;33m)[0m[33m...[0m
[1;2;92m22:29:25[0m [37mTYLERMASTERY2-A[0m [33m⏳ in transit [0m[1;33m([0m[33m~51s[0m[1;33m)[0m[33m...[0m
[1;2;92m22:29:28[0m [37mTYLERMASTERY2-B[0m [33m⏳ in transit [0m[1;33m([0m[33m~47s[0m[1;33m)[0m[33m...[0m
[1;2;92m22:29:32[0m [37mTYLERMASTERY2-A[0m [33m⏳ in transit [0m[1;33m([0m[33m~44s[0m[1;33m)[0m[33m...[0m
[1;2;92m22:29:33[0m [37mTYLERMASTERY2-B[0m [33m⏳ in transit [0m[1;33m([0m[33m~42s[0m[1;33m)[0m[33m...[0m
[1;2;92m22:29:36[0m [33mTYLERMASTERY2-[0m[1;33m4[0m [33m🌡 cooldown 54s[0m
[1;2;92m22:29:40[0m [37mTYLERMASTERY2-B[0m [33m⏳ in transit [0m[1;33m([0m[33m~35s[0m[1;33m)[0m[33m...[0m
[1;2;92m22:29:45[0m [37mTYLERMASTERY2-A[0m [33m⏳ in transit [0m[1;33m([0m[33m~31s[0m[1;33m)[0m[33m...[0m
[1;2;92m22:29:50[0m [37mTYLERMASTERY2-A[0m [33m⏳ in transit [0m[1;33m([0m[33m~26s[0m[1;33m)[0m[33m...[0m
[1;2;92m22:29:52[0m [96mTYLERMASTERY2-[0m[1;96m6[0m [33m⏳ in transit [0m[1;33m([0m[33m~1h 8m[0m[1;33m)[0m[33m...[0m
[3m                      [0m[1;3mFleet Status[0m[3m  [0m[3;32m1,565,676 cr[0m[3m  [0m[2;3m22:29:52[0m[3m                      [0m
                                                                                
 [1m [0m[1mShip     [0m[1m [0m [1m [0m[1mRole     [0m[1m [0m [1m [0m[1mStatus   [0m[1m [0m [1m [0m[1mLocation  [0m[1m [0m [1m [0m[1m   Fuel[0m[1m [0m [1m [0m[1mCargo[0m[1m [0m [1m [0m[1mETA      [0m[1m [0m 
 ━━━━━━━━━━━━━━━━━━━━━━━━━━━━━━━━━━━━━━━━━━━━━━━━━━━━━━━━━━━━━━━━━━━━━━━━━━━━━━ 
 [1m [0m[1;36mTYLERMAS…[0m[1m [0m  miner       [32m⚓ docked[0m   X1-KU6-B7    400/400   37/40              
 [1m [0m[1;32mTYLERMAS…[0m[1m [0m  fleet-mgr   [33m✈ transit[0m   X1-KU6-J68         —     0/0   26m58s     
 [1m [0m[1;35mTYLERMAS…[0m[1m [0m  miner       [33m✈ transit[0m   X1-KU6-B7      79/80    0/15   [2m16m7s [0m     
 [1m           [0m                                                         [2mdrift[0m      
 [1m [0m[1;33mTYLERMAS…[0m[1m [0m  surveyor    [36m↑ orbit[0m     X1-KU6-B46     21/80     0/0              
 [1m [0m[1;34mTYLERMAS…[0m[1m [0m  hauler      [33m✈ transit[0m   X1-KU6-B7    312/600    8/80   6m44s      
 [1m [0m[1;96mTYLERMAS…[0m[1m [0m  siphoner    [33m✈ transit[0m   X1-KU6-C50     79/80   15/15   [2m1h8m [0m      
 [1m           [0m                                                         [2mdrift[0m      
 [1m [0m[1;92mTYLERMAS…[0m[1m [0m  siphoner    [33m✈ transit[0m   X1-KU6-C50     79/80   15/15   [2m1h9m [0m      
 [1m           [0m                                                         [2mdrift[0m      
 [1m [0m[1;95mTYLERMAS…[0m[1m [0m  siphoner    [33m✈ transit[0m   X1-KU6-B7      38/80   15/15   [2m1h13m [0m     
 [1m           [0m                                                         [2mdrift[0m      
 [1m [0m[1;93mTYLERMAS…[0m[1m [0m  siphoner    [33m✈ transit[0m   X1-KU6-C50     79/80   15/15   [2m1h7m [0m      
 [1m           [0m                                                         [2mdrift[0m      
 [1m [0m[1;37mTYLERMAS…[0m[1m [0m  trader      [33m✈ transit[0m   X1-KU6-D53   505/600    0/80   24s        
 [1m [0m[1;37mTYLERMAS…[0m[1m [0m  trader      [33m✈ transit[0m   X1-KU6-D53   505/600    0/80   23s        
 [1m [0m[1;37mTYLERMAS…[0m[1m [0m  miner       [33m✈ transit[0m   X1-KU6-B47     79/80    0/15   [2m1h30m [0m     
 [1m           [0m                                                         [2mdrift[0m      
 [1m [0m[1;37mTYLERMAS…[0m[1m [0m  surveyor    [33m✈ transit[0m   X1-KU6-B46     79/80     0/0   [2m1h46m [0m     
 [1m           [0m                                                         [2mdrift[0m      
                                                                                
  Contract: [36m░░░░░░░░░░░░░░░░░░░░░░░░░░░░░░[0m [1;36m0[0m[1m/[0m[1;36m8[0m SHIP_PARTS → X1-KU6-A2 [1m([0m[1;32m0[0m[32m%[0m[1m)[0m
[1;2;92m22:29:54[0m [34mTYLERMASTERY2-[0m[1;34m5[0m [33m⏳ in transit [0m[1;33m([0m[33m~6m 43s[0m[1;33m)[0m[33m...[0m
[1;2;92m22:29:59[0m [37mTYLERMASTERY2-C[0m [33m⏳ in transit [0m[1;33m([0m[33m~1h 30m[0m[1;33m)[0m[33m...[0m
[1;2;92m22:30:00[0m [33mTYLERMASTERY2-[0m[1;33m4[0m [33m🌡 cooldown 31s[0m
[1;2;92m22:30:00[0m [93mTYLERMASTERY2-[0m[1;93m9[0m [33m⏳ in transit [0m[1;33m([0m[33m~1h 7m[0m[1;33m)[0m[33m...[0m
[1;2;92m22:30:01[0m [92mTYLERMASTERY2-[0m[1;92m7[0m [33m⏳ in transit [0m[1;33m([0m[33m~1h 9m[0m[1;33m)[0m[33m...[0m
[1;2;92m22:30:05[0m [35mTYLERMASTERY2-[0m[1;35m3[0m [33m⏳ in transit [0m[1;33m([0m[33m~15m 55s[0m[1;33m)[0m[33m...[0m
[1;2;92m22:30:09[0m [37mTYLERMASTERY2-A[0m [33m⏳ in transit [0m[1;33m([0m[33m~8s[0m[1;33m)[0m[33m...[0m
[1;2;92m22:30:10[0m [32mTYLERMASTERY2-[0m[1;32m2[0m [33m⏳ in transit [0m[1;33m([0m[33m~26m 40s[0m[1;33m)[0m[33m...[0m
[1;2;92m22:30:12[0m [37mTYLERMASTERY2-D[0m [33m⏳ in transit [0m[1;33m([0m[33m~1h 46m[0m[1;33m)[0m[33m...[0m
[1;2;92m22:30:13[0m [33mTYLERMASTERY2-[0m[1;33m4[0m [33m🌡 cooldown 17s[0m
[1;2;92m22:30:14[0m [37mTYLERMASTERY2-A[0m [33m⏳ in transit [0m[1;33m([0m[33m~2s[0m[1;33m)[0m[33m...[0m
[1;2;92m22:30:19[0m [37mTYLERMASTERY2-B[0m [32m✓[0m arrived at [1mX1-KU6-D53[0m
[1;2;92m22:30:19[0m [37mTYLERMASTERY2-A[0m [32m✓[0m arrived at [1mX1-KU6-D53[0m
[1;2;92m22:30:20[0m [37mTYLERMASTERY2-A[0m [36m⚓ docked[0m
[1;2;92m22:30:21[0m [37mTYLERMASTERY2-B[0m [36m⚓ docked[0m
[1;2;92m22:30:21[0m [32m⛽ Refueled to [0m[1;32m600[0m[32m/[0m[1;32m600[0m
[1;2;92m22:30:22[0m [32m⛽ Refueled to [0m[1;32m600[0m[32m/[0m[1;32m600[0m
[1;2;92m22:30:26[0m [33mTYLERMASTERY2-[0m[1;33m4[0m [33m🌡 cooldown 4s[0m
[1;2;92m22:30:37[0m [95mTYLERMASTERY2-[0m[1;95m8[0m [33m⏳ in transit [0m[1;33m([0m[33m~1h 12m[0m[1;33m)[0m[33m...[0m
[1;2;92m22:30:39[0m [35m🔭 TYLERMASTERY2-[0m[1;35m4[0m[35m: [0m[1;35m1[0m[35m [0m[1;35msurvey[0m[1;35m([0m[35ms[0m[1;35m)[0m[35m added [0m[1;35m([0m[1;35m0x[0m[35m SHIP_PARTS hits[0m[1;35m)[0m[35m | pool: [0m[1;35m23[0m
[1;2;92m22:30:42[0m [32m💰 Sold 16x QUARTZ_SAND @ [0m[1;32m18[0m[32m/u = [0m[1;32m288[0m[32m cr[0m
[1;2;92m22:30:43[0m [32m💰 Sold 5x PRECIOUS_STONES @ [0m[1;32m71[0m[32m/u = [0m[1;32m355[0m[32m cr[0m
[1;2;92m22:30:47[0m [33mTYLERMASTERY2-[0m[1;33m4[0m [33m🌡 cooldown 61s[0m
[1;2;92m22:30:47[0m [32m💰 Sold 12x AMMONIA_ICE @ [0m[1;32m38[0m[32m/u = [0m[1;32m456[0m[32m cr[0m
[1;2;92m22:30:50[0m [32m💰 Sold 4x SILICON_CRYSTALS @ [0m[1;32m33[0m[32m/u = [0m[1;32m132[0m[32m cr[0m
[1;2;92m22:30:53[0m [96mTYLERMASTERY2-[0m[1;96m6[0m [33m⏳ in transit [0m[1;33m([0m[33m~1h 7m[0m[1;33m)[0m[33m...[0m
[3m                      [0m[1;3mFleet Status[0m[3m  [0m[3;32m1,566,763 cr[0m[3m  [0m[2;3m22:30:56[0m[3m                      [0m
                                                                                
 [1m [0m[1mShip     [0m[1m [0m [1m [0m[1mRole     [0m[1m [0m [1m [0m[1mStatus   [0m[1m [0m [1m [0m[1mLocation  [0m[1m [0m [1m [0m[1m   Fuel[0m[1m [0m [1m [0m[1mCargo[0m[1m [0m [1m [0m[1mETA      [0m[1m [0m 
 ━━━━━━━━━━━━━━━━━━━━━━━━━━━━━━━━━━━━━━━━━━━━━━━━━━━━━━━━━━━━━━━━━━━━━━━━━━━━━━ 
 [1m [0m[1;36mTYLERMAS…[0m[1m [0m  miner       [32m⚓ docked[0m   X1-KU6-B7    400/400    0/40              
 [1m [0m[1;32mTYLERMAS…[0m[1m [0m  fleet-mgr   [33m✈ transit[0m   X1-KU6-J68         —     0/0   25m54s     
 [1m [0m[1;35mTYLERMAS…[0m[1m [0m  miner       [33m✈ transit[0m   X1-KU6-B7      79/80    0/15   [2m15m4s [0m     
 [1m           [0m                                                         [2mdrift[0m      
 [1m [0m[1;33mTYLERMAS…[0m[1m [0m  surveyor    [36m↑ orbit[0m     X1-KU6-B46     21/80     0/0              
 [1m [0m[1;34mTYLERMAS…[0m[1m [0m  hauler      [33m✈ transit[0m   X1-KU6-B7    312/600    8/80   5m40s      
 [1m [0m[1;96mTYLERMAS…[0m[1m [0m  siphoner    [33m✈ transit[0m   X1-KU6-C50     79/80   15/15   [2m1h7m [0m      
 [1m           [0m                                                         [2mdrift[0m      
 [1m [0m[1;92mTYLERMAS…[0m[1m [0m  siphoner    [33m✈ transit[0m   X1-KU6-C50     79/80   15/15   [2m1h8m [0m      
 [1m           [0m                                                         [2mdrift[0m      
 [1m [0m[1;95mTYLERMAS…[0m[1m [0m  siphoner    [33m✈ transit[0m   X1-KU6-B7      38/80   15/15   [2m1h12m [0m     
 [1m           [0m                                                         [2mdrift[0m      
 [1m [0m[1;93mTYLERMAS…[0m[1m [0m  siphoner    [33m✈ transit[0m   X1-KU6-C50     79/80   15/15   [2m1h6m [0m      
 [1m           [0m                                                         [2mdrift[0m      
 [1m [0m[1;37mTYLERMAS…[0m[1m [0m  trader      [32m⚓ docked[0m   X1-KU6-D53   600/600    0/80              
 [1m [0m[1;37mTYLERMAS…[0m[1m [0m  trader      [32m⚓ docked[0m   X1-KU6-D53   600/600    0/80              
 [1m [0m[1;37mTYLERMAS…[0m[1m [0m  miner       [33m✈ transit[0m   X1-KU6-B47     79/80    0/15   [2m1h29m [0m     
 [1m           [0m                                                         [2mdrift[0m      
 [1m [0m[1;37mTYLERMAS…[0m[1m [0m  surveyor    [33m✈ transit[0m   X1-KU6-B46     79/80     0/0   [2m1h45m [0m     
 [1m           [0m                                                         [2mdrift[0m      
                                                                                
  Contract: [36m░░░░░░░░░░░░░░░░░░░░░░░░░░░░░░[0m [1;36m0[0m[1m/[0m[1;36m8[0m SHIP_PARTS → X1-KU6-A2 [1m([0m[1;32m0[0m[32m%[0m[1m)[0m
[1;2;92m22:30:58[0m [33mTYLERMASTERY2-[0m[1;33m4[0m [33m🌡 cooldown 51s[0m
[1;2;92m22:30:58[0m [34mTYLERMASTERY2-[0m[1;34m5[0m [33m⏳ in transit [0m[1;33m([0m[33m~5m 39s[0m[1;33m)[0m[33m...[0m
[1;2;92m22:31:02[0m [93mTYLERMASTERY2-[0m[1;93m9[0m [33m⏳ in transit [0m[1;33m([0m[33m~1h 6m[0m[1;33m)[0m[33m...[0m
[1;2;92m22:31:05[0m [92mTYLERMASTERY2-[0m[1;92m7[0m [33m⏳ in transit [0m[1;33m([0m[33m~1h 8m[0m[1;33m)[0m[33m...[0m
[1;2;92m22:31:11[0m [33mTYLERMASTERY2-[0m[1;33m4[0m [33m🌡 cooldown 37s[0m
[1;2;92m22:31:13[0m [37mTYLERMASTERY2-C[0m [33m⏳ in transit [0m[1;33m([0m[33m~1h 28m[0m[1;33m)[0m[33m...[0m
[1;2;92m22:31:16[0m [32mTYLERMASTERY2-[0m[1;32m2[0m [33m⏳ in transit [0m[1;33m([0m[33m~25m 34s[0m[1;33m)[0m[33m...[0m
[1;2;92m22:31:17[0m [37mTYLERMASTERY2-D[0m [33m⏳ in transit [0m[1;33m([0m[33m~1h 45m[0m[1;33m)[0m[33m...[0m
[1;2;92m22:31:21[0m [33mTYLERMASTERY2-[0m[1;33m4[0m [33m🌡 cooldown 27s[0m
[1;2;92m22:31:21[0m [36mTYLERMASTERY2-[0m[1;36m1[0m [36m↑ orbiting[0m
[1;2;92m22:31:21[0m [36mTYLERMASTERY2-[0m[1;36m1[0m [34m🚀 Navigating → X1-KU6-B47[0m
[1;2;92m22:31:22[0m [35mTYLERMASTERY2-[0m[1;35m3[0m [33m⏳ in transit [0m[1;33m([0m[33m~14m 38s[0m[1;33m)[0m[33m...[0m
[1;2;92m22:31:22[0m [36mTYLERMASTERY2-[0m[1;36m1[0m [33m⏳ in transit [0m[1;33m([0m[33m~25s[0m[1;33m)[0m[33m...[0m
[1;2;92m22:31:28[0m [36mTYLERMASTERY2-[0m[1;36m1[0m [33m⏳ in transit [0m[1;33m([0m[33m~20s[0m[1;33m)[0m[33m...[0m
[1;2;92m22:31:32[0m [33mTYLERMASTERY2-[0m[1;33m4[0m [33m🌡 cooldown 16s[0m
[1;2;92m22:31:42[0m [95mTYLERMASTERY2-[0m[1;95m8[0m [33m⏳ in transit [0m[1;33m([0m[33m~1h 11m[0m[1;33m)[0m[33m...[0m
[1;2;92m22:31:42[0m [36mTYLERMASTERY2-[0m[1;36m1[0m [33m⏳ in transit [0m[1;33m([0m[33m~5s[0m[1;33m)[0m[33m...[0m
[1;2;92m22:31:47[0m [33mTYLERMASTERY2-[0m[1;33m4[0m [33m🌡 cooldown 1s[0m
[1;2;92m22:31:49[0m [36mTYLERMASTERY2-[0m[1;36m1[0m [32m✓[0m arrived at [1mX1-KU6-B47[0m
[1;2;92m22:31:59[0m [34mTYLERMASTERY2-[0m[1;34m5[0m [33m⏳ in transit [0m[1;33m([0m[33m~4m 37s[0m[1;33m)[0m[33m...[0m
[1;2;92m22:32:01[0m [37mTYLERMASTERY2-B[0m [2madjusting batch size to [0m[1;2;36m20[0m[2m/tx for MEDICINE[0m
[1;2;92m22:32:03[0m [35m🔭 TYLERMASTERY2-[0m[1;35m4[0m[35m: [0m[1;35m1[0m[35m [0m[1;35msurvey[0m[1;35m([0m[35ms[0m[1;35m)[0m[35m added [0m[1;35m([0m[1;35m0x[0m[35m SHIP_PARTS hits[0m[1;35m)[0m[35m | pool: [0m[1;35m23[0m
[1;2;92m22:32:04[0m [35m🛒 TYLERMASTERY2-B: bought 2[0m[1;35m0x[0m[35m MEDICINE @ [0m[1;35m4[0m[35m,[0m[1;35m221[0m[35m/u | Credits: [0m[1;35m1[0m[35m,[0m[1;35m482[0m[35m,[0m[1;35m343[0m
[1;2;92m22:32:04[0m [93mTYLERMASTERY2-[0m[1;93m9[0m [33m⏳ in transit [0m[1;33m([0m[33m~1h 5m[0m[1;33m)[0m[33m...[0m
[1;2;92m22:32:07[0m   [36mTYLERMASTERY2-[0m[1;36m1[0m: 6x PRECIOUS_STONES | __SELL_ONLY__: [1;36m0[0m | Cargo: [1;36m6[0m/[1;36m40[0m 
| CD: 80s
[1;2;92m22:32:09[0m [92mTYLERMASTERY2-[0m[1;92m7[0m [33m⏳ in transit [0m[1;33m([0m[33m~1h 7m[0m[1;33m)[0m[33m...[0m
[1;2;92m22:32:12[0m [35m🛒 TYLERMASTERY2-B: bought 2[0m[1;35m0x[0m[35m MEDICINE @ [0m[1;35m4[0m[35m,[0m[1;35m221[0m[35m/u | Credits: [0m[1;35m1[0m[35m,[0m[1;35m388[0m[35m,[0m[1;35m943[0m
[1;2;92m22:32:13[0m [96mTYLERMASTERY2-[0m[1;96m6[0m [33m⏳ in transit [0m[1;33m([0m[33m~1h 6m[0m[1;33m)[0m[33m...[0m
[1;2;92m22:32:14[0m [33mTYLERMASTERY2-[0m[1;33m4[0m [33m🌡 cooldown 59s[0m
[1;2;92m22:32:16[0m [37mTYLERMASTERY2-A[0m [2madjusting batch size to [0m[1;2;36m20[0m[2m/tx for MEDICINE[0m
[1;2;92m22:32:18[0m [36mTYLERMASTERY2-[0m[1;36m1[0m [33m🌡 cooldown 67s[0m
[1;2;92m22:32:21[0m [35m🛒 TYLERMASTERY2-B: bought 2[0m[1;35m0x[0m[35m MEDICINE @ [0m[1;35m4[0m[35m,[0m[1;35m221[0m[35m/u | Credits: [0m[1;35m1[0m[35m,[0m[1;35m284[0m[35m,[0m[1;35m483[0m
[1;2;92m22:32:21[0m [35m🛒 TYLERMASTERY2-A: bought 2[0m[1;35m0x[0m[35m MEDICINE @ [0m[1;35m4[0m[35m,[0m[1;35m221[0m[35m/u | Credits: [0m[1;35m1[0m[35m,[0m[1;35m166[0m[35m,[0m[1;35m423[0m
[1;2;92m22:32:21[0m [37mTYLERMASTERY2-D[0m [33m⏳ in transit [0m[1;33m([0m[33m~1h 44m[0m[1;33m)[0m[33m...[0m
[1;2;92m22:32:22[0m [35m🛒 TYLERMASTERY2-B: bought 2[0m[1;35m0x[0m[35m MEDICINE @ [0m[1;35m4[0m[35m,[0m[1;35m221[0m[35m/u | Credits: [0m[1;35m1[0m[35m,[0m[1;35m031[0m[35m,[0m[1;35m623[0m
[1;2;92m22:32:22[0m [35m🛒 TYLERMASTERY2-A: bought 2[0m[1;35m0x[0m[35m MEDICINE @ [0m[1;35m4[0m[35m,[0m[1;35m221[0m[35m/u | Credits: [0m[1;35m876[0m[35m,[0m[1;35m203[0m
[1;2;92m22:32:22[0m [32mTYLERMASTERY2-[0m[1;32m2[0m [33m⏳ in transit [0m[1;33m([0m[33m~24m 28s[0m[1;33m)[0m[33m...[0m
[1;2;92m22:32:22[0m [35m🛒 TYLERMASTERY2-A: bought 2[0m[1;35m0x[0m[35m MEDICINE @ [0m[1;35m4[0m[35m,[0m[1;35m221[0m[35m/u | Credits: [0m[1;35m695[0m[35m,[0m[1;35m383[0m
[1;2;92m22:32:23[0m [35m🛒 TYLERMASTERY2-A: bought 2[0m[1;35m0x[0m[35m MEDICINE @ [0m[1;35m4[0m[35m,[0m[1;35m221[0m[35m/u | Credits: [0m[1;35m483[0m[35m,[0m[1;35m323[0m
[1;2;92m22:32:23[0m [37mTYLERMASTERY2-B[0m [36m↑ orbiting[0m
[1;2;92m22:32:23[0m [37mTYLERMASTERY2-B[0m [34m🚀 Navigating → X1-KU6-A1[0m
[1;2;92m22:32:24[0m [37mTYLERMASTERY2-B[0m [33m⏳ in transit [0m[1;33m([0m[33m~3m 2s[0m[1;33m)[0m[33m...[0m
[1;2;92m22:32:24[0m [37mTYLERMASTERY2-A[0m [36m↑ orbiting[0m
[1;2;92m22:32:24[0m [37mTYLERMASTERY2-A[0m [34m🚀 Navigating → X1-KU6-A1[0m
[1;2;92m22:32:25[0m [33mTYLERMASTERY2-[0m[1;33m4[0m [33m🌡 cooldown 48s[0m
[1;2;92m22:32:27[0m [37mTYLERMASTERY2-A[0m [33m⏳ in transit [0m[1;33m([0m[33m~3m 2s[0m[1;33m)[0m[33m...[0m
[1;2;92m22:32:30[0m [36mTYLERMASTERY2-[0m[1;36m1[0m [33m🌡 cooldown 56s[0m
[1;2;92m22:32:38[0m [33mTYLERMASTERY2-[0m[1;33m4[0m [33m🌡 cooldown 35s[0m
[1;2;92m22:32:39[0m [37mTYLERMASTERY2-C[0m [33m⏳ in transit [0m[1;33m([0m[33m~1h 27m[0m[1;33m)[0m[33m...[0m
[3m                       [0m[1;3mFleet Status[0m[3m  [0m[3;32m483,323 cr[0m[3m  [0m[2;3m22:32:40[0m[3m                       [0m
                                                                                
 [1m [0m[1mShip     [0m[1m [0m [1m [0m[1mRole     [0m[1m [0m [1m [0m[1mStatus   [0m[1m [0m [1m [0m[1mLocation  [0m[1m [0m [1m [0m[1m   Fuel[0m[1m [0m [1m [0m[1mCargo[0m[1m [0m [1m [0m[1mETA      [0m[1m [0m 
 ━━━━━━━━━━━━━━━━━━━━━━━━━━━━━━━━━━━━━━━━━━━━━━━━━━━━━━━━━━━━━━━━━━━━━━━━━━━━━━ 
 [1m [0m[1;36mTYLERMAS…[0m[1m [0m  miner       [36m↑ orbit[0m     X1-KU6-B47   385/400    6/40              
 [1m [0m[1;32mTYLERMAS…[0m[1m [0m  fleet-mgr   [33m✈ transit[0m   X1-KU6-J68         —     0/0   24m10s     
 [1m [0m[1;35mTYLERMAS…[0m[1m [0m  miner       [33m✈ transit[0m   X1-KU6-B7      79/80    0/15   [2m13m20s [0m    
 [1m           [0m                                                         [2mdrift[0m      
 [1m [0m[1;33mTYLERMAS…[0m[1m [0m  surveyor    [36m↑ orbit[0m     X1-KU6-B46     21/80     0/0              
 [1m [0m[1;34mTYLERMAS…[0m[1m [0m  hauler      [33m✈ transit[0m   X1-KU6-B7    312/600    8/80   3m56s      
 [1m [0m[1;96mTYLERMAS…[0m[1m [0m  siphoner    [33m✈ transit[0m   X1-KU6-C50     79/80   15/15   [2m1h5m [0m      
 [1m           [0m                                                         [2mdrift[0m      
 [1m [0m[1;92mTYLERMAS…[0m[1m [0m  siphoner    [33m✈ transit[0m   X1-KU6-C50     79/80   15/15   [2m1h6m [0m      
 [1m           [0m                                                         [2mdrift[0m      
 [1m [0m[1;95mTYLERMAS…[0m[1m [0m  siphoner    [33m✈ transit[0m   X1-KU6-B7      38/80   15/15   [2m1h10m [0m     
 [1m           [0m                                                         [2mdrift[0m      
 [1m [0m[1;93mTYLERMAS…[0m[1m [0m  siphoner    [33m✈ transit[0m   X1-KU6-C50     79/80   15/15   [2m1h4m [0m      
 [1m           [0m                                                         [2mdrift[0m      
 [1m [0m[1;37mTYLERMAS…[0m[1m [0m  trader      [33m✈ transit[0m   X1-KU6-A1    499/600   80/80   2m48s      
 [1m [0m[1;37mTYLERMAS…[0m[1m [0m  trader      [33m✈ transit[0m   X1-KU6-A1    499/600   80/80   2m46s      
 [1m [0m[1;37mTYLERMAS…[0m[1m [0m  miner       [33m✈ transit[0m   X1-KU6-B47     79/80    0/15   [2m1h27m [0m     
 [1m           [0m                                                         [2mdrift[0m      
 [1m [0m[1;37mTYLERMAS…[0m[1m [0m  surveyor    [33m✈ transit[0m   X1-KU6-B46     79/80     0/0   [2m1h44m [0m     
 [1m           [0m                                                         [2mdrift[0m      
                                                                                
  Contract: [36m░░░░░░░░░░░░░░░░░░░░░░░░░░░░░░[0m [1;36m0[0m[1m/[0m[1;36m8[0m SHIP_PARTS → X1-KU6-A2 [1m([0m[1;32m0[0m[32m%[0m[1m)[0m
[1;2;92m22:32:42[0m [35mTYLERMASTERY2-[0m[1;35m3[0m [33m⏳ in transit [0m[1;33m([0m[33m~13m 18s[0m[1;33m)[0m[33m...[0m
[1;2;92m22:32:44[0m [36mTYLERMASTERY2-[0m[1;36m1[0m [33m🌡 cooldown 42s[0m
[1;2;92m22:32:44[0m [95mTYLERMASTERY2-[0m[1;95m8[0m [33m⏳ in transit [0m[1;33m([0m[33m~1h 10m[0m[1;33m)[0m[33m...[0m
[1;2;92m22:32:51[0m [33mTYLERMASTERY2-[0m[1;33m4[0m [33m🌡 cooldown 21s[0m
[1;2;92m22:32:57[0m [36mTYLERMASTERY2-[0m[1;36m1[0m [33m🌡 cooldown 29s[0m
[1;2;92m22:33:01[0m [34mTYLERMASTERY2-[0m[1;34m5[0m [33m⏳ in transit [0m[1;33m([0m[33m~3m 35s[0m[1;33m)[0m[33m...[0m
[1;2;92m22:33:06[0m [33mTYLERMASTERY2-[0m[1;33m4[0m [33m🌡 cooldown 7s[0m
[1;2;92m22:33:10[0m [36mTYLERMASTERY2-[0m[1;36m1[0m [33m🌡 cooldown 16s[0m
[1;2;92m22:33:21[0m [36mTYLERMASTERY2-[0m[1;36m1[0m [33m🌡 cooldown 5s[0m
[1;2;92m22:33:21[0m [35m🔭 TYLERMASTERY2-[0m[1;35m4[0m[35m: [0m[1;35m1[0m[35m [0m[1;35msurvey[0m[1;35m([0m[35ms[0m[1;35m)[0m[35m added [0m[1;35m([0m[1;35m0x[0m[35m SHIP_PARTS hits[0m[1;35m)[0m[35m | pool: [0m[1;35m24[0m
[1;2;92m22:33:21[0m [93mTYLERMASTERY2-[0m[1;93m9[0m [33m⏳ in transit [0m[1;33m([0m[33m~1h 4m[0m[1;33m)[0m[33m...[0m
[1;2;92m22:33:22[0m [92mTYLERMASTERY2-[0m[1;92m7[0m [33m⏳ in transit [0m[1;33m([0m[33m~1h 5m[0m[1;33m)[0m[33m...[0m
[1;2;92m22:33:22[0m [33mTYLERMASTERY2-[0m[1;33m4[0m [33m🌡 cooldown 69s[0m
[1;2;92m22:33:23[0m [96mTYLERMASTERY2-[0m[1;96m6[0m [33m⏳ in transit [0m[1;33m([0m[33m~1h 4m[0m[1;33m)[0m[33m...[0m
[1;2;92m22:33:24[0m [32mTYLERMASTERY2-[0m[1;32m2[0m [33m⏳ in transit [0m[1;33m([0m[33m~23m 26s[0m[1;33m)[0m[33m...[0m
[1;2;92m22:33:25[0m [37mTYLERMASTERY2-D[0m [33m⏳ in transit [0m[1;33m([0m[33m~1h 43m[0m[1;33m)[0m[33m...[0m
[1;2;92m22:33:25[0m [37mTYLERMASTERY2-B[0m [33m⏳ in transit [0m[1;33m([0m[33m~2m 1s[0m[1;33m)[0m[33m...[0m
[1;2;92m22:33:27[0m   [36mTYLERMASTERY2-[0m[1;36m1[0m: 5x PRECIOUS_STONES | __SELL_ONLY__: [1;36m0[0m | Cargo: [1;36m11[0m/[1;36m40[0m
| CD: 80s
[1;2;92m22:33:28[0m [37mTYLERMASTERY2-A[0m [33m⏳ in transit [0m[1;33m([0m[33m~2m 1s[0m[1;33m)[0m[33m...[0m
[1;2;92m22:33:28[0m [36mTYLERMASTERY2-[0m[1;36m1[0m [33m🌡 cooldown 79s[0m
[1;2;92m22:33:33[0m [33mTYLERMASTERY2-[0m[1;33m4[0m [33m🌡 cooldown 58s[0m
[1;2;92m22:33:39[0m [36mTYLERMASTERY2-[0m[1;36m1[0m [33m🌡 cooldown 69s[0m
[1;2;92m22:33:43[0m [33mTYLERMASTERY2-[0m[1;33m4[0m [33m🌡 cooldown 48s[0m
[1;2;92m22:33:47[0m [37mTYLERMASTERY2-C[0m [33m⏳ in transit [0m[1;33m([0m[33m~1h 26m[0m[1;33m)[0m[33m...[0m
[1;2;92m22:33:48[0m [95mTYLERMASTERY2-[0m[1;95m8[0m [33m⏳ in transit [0m[1;33m([0m[33m~1h 9m[0m[1;33m)[0m[33m...[0m
[3m                       [0m[1;3mFleet Status[0m[3m  [0m[3;32m483,323 cr[0m[3m  [0m[2;3m22:33:48[0m[3m                       [0m
                                                                                
 [1m [0m[1mShip     [0m[1m [0m [1m [0m[1mRole     [0m[1m [0m [1m [0m[1mStatus   [0m[1m [0m [1m [0m[1mLocation  [0m[1m [0m [1m [0m[1m   Fuel[0m[1m [0m [1m [0m[1mCargo[0m[1m [0m [1m [0m[1mETA      [0m[1m [0m 
 ━━━━━━━━━━━━━━━━━━━━━━━━━━━━━━━━━━━━━━━━━━━━━━━━━━━━━━━━━━━━━━━━━━━━━━━━━━━━━━ 
 [1m [0m[1;36mTYLERMAS…[0m[1m [0m  miner       [36m↑ orbit[0m     X1-KU6-B47   385/400   11/40              
 [1m [0m[1;32mTYLERMAS…[0m[1m [0m  fleet-mgr   [33m✈ transit[0m   X1-KU6-J68         —     0/0   23m2s      
 [1m [0m[1;35mTYLERMAS…[0m[1m [0m  miner       [33m✈ transit[0m   X1-KU6-B7      79/80    0/15   [2m12m12s [0m    
 [1m           [0m                                                         [2mdrift[0m      
 [1m [0m[1;33mTYLERMAS…[0m[1m [0m  surveyor    [36m↑ orbit[0m     X1-KU6-B46     21/80     0/0              
 [1m [0m[1;34mTYLERMAS…[0m[1m [0m  hauler      [33m✈ transit[0m   X1-KU6-B7    312/600    8/80   2m48s      
 [1m [0m[1;96mTYLERMAS…[0m[1m [0m  siphoner    [33m✈ transit[0m   X1-KU6-C50     79/80   15/15   [2m1h4m [0m      
 [1m           [0m                                                         [2mdrift[0m      
 [1m [0m[1;92mTYLERMAS…[0m[1m [0m  siphoner    [33m✈ transit[0m   X1-KU6-C50     79/80   15/15   [2m1h5m [0m      
 [1m           [0m                                                         [2mdrift[0m      
 [1m [0m[1;95mTYLERMAS…[0m[1m [0m  siphoner    [33m✈ transit[0m   X1-KU6-B7      38/80   15/15   [2m1h9m [0m      
 [1m           [0m                                                         [2mdrift[0m      
 [1m [0m[1;93mTYLERMAS…[0m[1m [0m  siphoner    [33m✈ transit[0m   X1-KU6-C50     79/80   15/15   [2m1h3m [0m      
 [1m           [0m                                                         [2mdrift[0m      
 [1m [0m[1;37mTYLERMAS…[0m[1m [0m  trader      [33m✈ transit[0m   X1-KU6-A1    499/600   80/80   1m40s      
 [1m [0m[1;37mTYLERMAS…[0m[1m [0m  trader      [33m✈ transit[0m   X1-KU6-A1    499/600   80/80   1m38s      
 [1m [0m[1;37mTYLERMAS…[0m[1m [0m  miner       [33m✈ transit[0m   X1-KU6-B47     79/80    0/15   [2m1h26m [0m     
 [1m           [0m                                                         [2mdrift[0m      
 [1m [0m[1;37mTYLERMAS…[0m[1m [0m  surveyor    [33m✈ transit[0m   X1-KU6-B46     79/80     0/0   [2m1h42m [0m     
 [1m           [0m                                                         [2mdrift[0m      
                                                                                
  Contract: [36m░░░░░░░░░░░░░░░░░░░░░░░░░░░░░░[0m [1;36m0[0m[1m/[0m[1;36m8[0m SHIP_PARTS → X1-KU6-A2 [1m([0m[1;32m0[0m[32m%[0m[1m)[0m
[1;2;92m22:33:56[0m [37mTYLERMASTERY2-B[0m [33m⏳ in transit [0m[1;33m([0m[33m~1m 31s[0m[1;33m)[0m[33m...[0m
[1;2;92m22:33:58[0m [35mTYLERMASTERY2-[0m[1;35m3[0m [33m⏳ in transit [0m[1;33m([0m[33m~12m 2s[0m[1;33m)[0m[33m...[0m
[1;2;92m22:34:01[0m [37mTYLERMASTERY2-B[0m [33m⏳ in transit [0m[1;33m([0m[33m~1m 25s[0m[1;33m)[0m[33m...[0m
[1;2;92m22:34:02[0m [36mTYLERMASTERY2-[0m[1;36m1[0m [33m🌡 cooldown 45s[0m
[1;2;92m22:34:06[0m [33mTYLERMASTERY2-[0m[1;33m4[0m [33m🌡 cooldown 24s[0m
[1;2;92m22:34:12[0m [37mTYLERMASTERY2-A[0m [33m⏳ in transit [0m[1;33m([0m[33m~1m 16s[0m[1;33m)[0m[33m...[0m
[1;2;92m22:34:17[0m [34mTYLERMASTERY2-[0m[1;34m5[0m [33m⏳ in transit [0m[1;33m([0m[33m~2m 20s[0m[1;33m)[0m[33m...[0m
[1;2;92m22:34:20[0m [33mTYLERMASTERY2-[0m[1;33m4[0m [33m🌡 cooldown 11s[0m
[1;2;92m22:34:20[0m [36mTYLERMASTERY2-[0m[1;36m1[0m [33m🌡 cooldown 27s[0m
[1;2;92m22:34:21[0m [37mTYLERMASTERY2-B[0m [33m⏳ in transit [0m[1;33m([0m[33m~1m 5s[0m[1;33m)[0m[33m...[0m
[1;2;92m22:34:22[0m [37mTYLERMASTERY2-A[0m [33m⏳ in transit [0m[1;33m([0m[33m~1m 6s[0m[1;33m)[0m[33m...[0m
[1;2;92m22:34:22[0m [93mTYLERMASTERY2-[0m[1;93m9[0m [33m⏳ in transit [0m[1;33m([0m[33m~1h 3m[0m[1;33m)[0m[33m...[0m
[1;2;92m22:34:22[0m [92mTYLERMASTERY2-[0m[1;92m7[0m [33m⏳ in transit [0m[1;33m([0m[33m~1h 4m[0m[1;33m)[0m[33m...[0m
[1;2;92m22:34:26[0m [37mTYLERMASTERY2-D[0m [33m⏳ in transit [0m[1;33m([0m[33m~1h 42m[0m[1;33m)[0m[33m...[0m
[1;2;92m22:34:27[0m [37mTYLERMASTERY2-B[0m [33m⏳ in transit [0m[1;33m([0m[33m~1m 0s[0m[1;33m)[0m[33m...[0m
[1;2;92m22:34:28[0m [37mTYLERMASTERY2-A[0m [33m⏳ in transit [0m[1;33m([0m[33m~1m 1s[0m[1;33m)[0m[33m...[0m
[1;2;92m22:34:28[0m [96mTYLERMASTERY2-[0m[1;96m6[0m [33m⏳ in transit [0m[1;33m([0m[33m~1h 3m[0m[1;33m)[0m[33m...[0m
[1;2;92m22:34:29[0m [32mTYLERMASTERY2-[0m[1;32m2[0m [33m⏳ in transit [0m[1;33m([0m[33m~22m 21s[0m[1;33m)[0m[33m...[0m
[1;2;92m22:34:31[0m [35m🔭 TYLERMASTERY2-[0m[1;35m4[0m[35m: [0m[1;35m1[0m[35m [0m[1;35msurvey[0m[1;35m([0m[35ms[0m[1;35m)[0m[35m added [0m[1;35m([0m[1;35m0x[0m[35m SHIP_PARTS hits[0m[1;35m)[0m[35m | pool: [0m[1;35m24[0m
[1;2;92m22:34:32[0m [36mTYLERMASTERY2-[0m[1;36m1[0m [33m🌡 cooldown 16s[0m
[1;2;92m22:34:36[0m [37mTYLERMASTERY2-B[0m [33m⏳ in transit [0m[1;33m([0m[33m~50s[0m[1;33m)[0m[33m...[0m
[1;2;92m22:34:37[0m [33mTYLERMASTERY2-[0m[1;33m4[0m [33m🌡 cooldown 63s[0m
[1;2;92m22:34:37[0m [37mTYLERMASTERY2-A[0m [33m⏳ in transit [0m[1;33m([0m[33m~51s[0m[1;33m)[0m[33m...[0m
[1;2;92m22:34:42[0m [36mTYLERMASTERY2-[0m[1;36m1[0m [33m🌡 cooldown 5s[0m
[1;2;92m22:34:44[0m [37mTYLERMASTERY2-A[0m [33m⏳ in transit [0m[1;33m([0m[33m~44s[0m[1;33m)[0m[33m...[0m
[1;2;92m22:34:47[0m [34mTYLERMASTERY2-[0m[1;34m5[0m [33m⏳ in transit [0m[1;33m([0m[33m~1m 49s[0m[1;33m)[0m[33m...[0m
[1;2;92m22:34:50[0m [37mTYLERMASTERY2-A[0m [33m⏳ in transit [0m[1;33m([0m[33m~39s[0m[1;33m)[0m[33m...[0m
[1;2;92m22:34:52[0m [37mTYLERMASTERY2-B[0m [33m⏳ in transit [0m[1;33m([0m[33m~34s[0m[1;33m)[0m[33m...[0m
[1;2;92m22:34:54[0m [37mTYLERMASTERY2-C[0m [33m⏳ in transit [0m[1;33m([0m[33m~1h 25m[0m[1;33m)[0m[33m...[0m
[1;2;92m22:34:55[0m [33mTYLERMASTERY2-[0m[1;33m4[0m [33m🌡 cooldown 45s[0m
[1;2;92m22:34:57[0m [37mTYLERMASTERY2-B[0m [33m⏳ in transit [0m[1;33m([0m[33m~29s[0m[1;33m)[0m[33m...[0m
[1;2;92m22:35:00[0m [95mTYLERMASTERY2-[0m[1;95m8[0m [33m⏳ in transit [0m[1;33m([0m[33m~1h 8m[0m[1;33m)[0m[33m...[0m
[1;2;92m22:35:01[0m [37mTYLERMASTERY2-A[0m [33m⏳ in transit [0m[1;33m([0m[33m~27s[0m[1;33m)[0m[33m...[0m
[1;2;92m22:35:03[0m [35mTYLERMASTERY2-[0m[1;35m3[0m [33m⏳ in transit [0m[1;33m([0m[33m~10m 57s[0m[1;33m)[0m[33m...[0m
[1;2;92m22:35:03[0m [37mTYLERMASTERY2-B[0m [33m⏳ in transit [0m[1;33m([0m[33m~23s[0m[1;33m)[0m[33m...[0m
[1;2;92m22:35:07[0m [37mTYLERMASTERY2-A[0m [33m⏳ in transit [0m[1;33m([0m[33m~22s[0m[1;33m)[0m[33m...[0m
[1;2;92m22:35:11[0m   [36mTYLERMASTERY2-[0m[1;36m1[0m: 4x SILICON_CRYSTALS | __SELL_ONLY__: [1;36m0[0m | Cargo: 
[1;36m15[0m/[1;36m40[0m | CD: 80s
[1;2;92m22:35:12[0m [37mTYLERMASTERY2-A[0m [33m⏳ in transit [0m[1;33m([0m[33m~16s[0m[1;33m)[0m[33m...[0m
[1;2;92m22:35:13[0m [33mTYLERMASTERY2-[0m[1;33m4[0m [33m🌡 cooldown 27s[0m
[1;2;92m22:35:14[0m [34mTYLERMASTERY2-[0m[1;34m5[0m [33m⏳ in transit [0m[1;33m([0m[33m~1m 22s[0m[1;33m)[0m[33m...[0m
[1;2;92m22:35:20[0m [37mTYLERMASTERY2-B[0m [33m⏳ in transit [0m[1;33m([0m[33m~6s[0m[1;33m)[0m[33m...[0m
[1;2;92m22:35:21[0m [34mTYLERMASTERY2-[0m[1;34m5[0m [33m⏳ in transit [0m[1;33m([0m[33m~1m 15s[0m[1;33m)[0m[33m...[0m
[1;2;92m22:35:22[0m [36mTYLERMASTERY2-[0m[1;36m1[0m [33m🌡 cooldown 63s[0m
[1;2;92m22:35:22[0m [37mTYLERMASTERY2-A[0m [33m⏳ in transit [0m[1;33m([0m[33m~6s[0m[1;33m)[0m[33m...[0m
[3m                       [0m[1;3mFleet Status[0m[3m  [0m[3;32m483,323 cr[0m[3m  [0m[2;3m22:35:23[0m[3m                       [0m
                                                                                
 [1m [0m[1mShip     [0m[1m [0m [1m [0m[1mRole     [0m[1m [0m [1m [0m[1mStatus   [0m[1m [0m [1m [0m[1mLocation  [0m[1m [0m [1m [0m[1m   Fuel[0m[1m [0m [1m [0m[1mCargo[0m[1m [0m [1m [0m[1mETA      [0m[1m [0m 
 ━━━━━━━━━━━━━━━━━━━━━━━━━━━━━━━━━━━━━━━━━━━━━━━━━━━━━━━━━━━━━━━━━━━━━━━━━━━━━━ 
 [1m [0m[1;36mTYLERMAS…[0m[1m [0m  miner       [36m↑ orbit[0m     X1-KU6-B47   385/400   15/40              
 [1m [0m[1;32mTYLERMAS…[0m[1m [0m  fleet-mgr   [33m✈ transit[0m   X1-KU6-J68         —     0/0   21m27s     
 [1m [0m[1;35mTYLERMAS…[0m[1m [0m  miner       [33m✈ transit[0m   X1-KU6-B7      79/80    0/15   [2m10m37s [0m    
 [1m           [0m                                                         [2mdrift[0m      
 [1m [0m[1;33mTYLERMAS…[0m[1m [0m  surveyor    [36m↑ orbit[0m     X1-KU6-B46     21/80     0/0              
 [1m [0m[1;34mTYLERMAS…[0m[1m [0m  hauler      [33m✈ transit[0m   X1-KU6-B7    312/600    8/80   1m13s      
 [1m [0m[1;96mTYLERMAS…[0m[1m [0m  siphoner    [33m✈ transit[0m   X1-KU6-C50     79/80   15/15   [2m1h2m [0m      
 [1m           [0m                                                         [2mdrift[0m      
 [1m [0m[1;92mTYLERMAS…[0m[1m [0m  siphoner    [33m✈ transit[0m   X1-KU6-C50     79/80   15/15   [2m1h3m [0m      
 [1m           [0m                                                         [2mdrift[0m      
 [1m [0m[1;95mTYLERMAS…[0m[1m [0m  siphoner    [33m✈ transit[0m   X1-KU6-B7      38/80   15/15   [2m1h7m [0m      
 [1m           [0m                                                         [2mdrift[0m      
 [1m [0m[1;93mTYLERMAS…[0m[1m [0m  siphoner    [33m✈ transit[0m   X1-KU6-C50     79/80   15/15   [2m1h2m [0m      
 [1m           [0m                                                         [2mdrift[0m      
 [1m [0m[1;37mTYLERMAS…[0m[1m [0m  trader      [33m✈ transit[0m   X1-KU6-A1    499/600   80/80   6s         
 [1m [0m[1;37mTYLERMAS…[0m[1m [0m  trader      [33m✈ transit[0m   X1-KU6-A1    499/600   80/80   4s         
 [1m [0m[1;37mTYLERMAS…[0m[1m [0m  miner       [33m✈ transit[0m   X1-KU6-B47     79/80    0/15   [2m1h24m [0m     
 [1m           [0m                                                         [2mdrift[0m      
 [1m [0m[1;37mTYLERMAS…[0m[1m [0m  surveyor    [33m✈ transit[0m   X1-KU6-B46     79/80     0/0   [2m1h41m [0m     
 [1m           [0m                                                         [2mdrift[0m      
                                                                                
  Contract: [36m░░░░░░░░░░░░░░░░░░░░░░░░░░░░░░[0m [1;36m0[0m[1m/[0m[1;36m8[0m SHIP_PARTS → X1-KU6-A2 [1m([0m[1;32m0[0m[32m%[0m[1m)[0m
[1;2;92m22:35:23[0m [33mTYLERMASTERY2-[0m[1;33m4[0m [33m🌡 cooldown 17s[0m
[1;2;92m22:35:25[0m [93mTYLERMASTERY2-[0m[1;93m9[0m [33m⏳ in transit [0m[1;33m([0m[33m~1h 1m[0m[1;33m)[0m[33m...[0m
[1;2;92m22:35:25[0m [37mTYLERMASTERY2-B[0m [32m✓[0m arrived at [1mX1-KU6-A1[0m
[1;2;92m22:35:26[0m [37mTYLERMASTERY2-B[0m [36m⚓ docked[0m
[1;2;92m22:35:27[0m [34mTYLERMASTERY2-[0m[1;34m5[0m [33m⏳ in transit [0m[1;33m([0m[33m~1m 9s[0m[1;33m)[0m[33m...[0m
[1;2;92m22:35:27[0m [37mTYLERMASTERY2-D[0m [33m⏳ in transit [0m[1;33m([0m[33m~1h 41m[0m[1;33m)[0m[33m...[0m
[1;2;92m22:35:27[0m [37mTYLERMASTERY2-A[0m [32m✓[0m arrived at [1mX1-KU6-A1[0m
[1;2;92m22:35:27[0m [32m⛽ Refueled to [0m[1;32m600[0m[32m/[0m[1;32m600[0m
[1;2;92m22:35:28[0m [37mTYLERMASTERY2-A[0m [36m⚓ docked[0m
[1;2;92m22:35:29[0m [96mTYLERMASTERY2-[0m[1;96m6[0m [33m⏳ in transit [0m[1;33m([0m[33m~1h 2m[0m[1;33m)[0m[33m...[0m
[1;2;92m22:35:32[0m [36mTYLERMASTERY2-[0m[1;36m1[0m [33m🌡 cooldown 53s[0m
[1;2;92m22:35:34[0m [33mTYLERMASTERY2-[0m[1;33m4[0m [33m🌡 cooldown 6s[0m
[1;2;92m22:35:35[0m [34mTYLERMASTERY2-[0m[1;34m5[0m [33m⏳ in transit [0m[1;33m([0m[33m~1m 1s[0m[1;33m)[0m[33m...[0m
[1;2;92m22:35:36[0m [32mTYLERMASTERY2-[0m[1;32m2[0m [33m⏳ in transit [0m[1;33m([0m[33m~21m 14s[0m[1;33m)[0m[33m...[0m
[1;2;92m22:35:44[0m [32m⛽ Refueled to [0m[1;32m600[0m[32m/[0m[1;32m600[0m
[1;2;92m22:35:51[0m [35m🔭 TYLERMASTERY2-[0m[1;35m4[0m[35m: [0m[1;35m1[0m[35m [0m[1;35msurvey[0m[1;35m([0m[35ms[0m[1;35m)[0m[35m added [0m[1;35m([0m[1;35m0x[0m[35m SHIP_PARTS hits[0m[1;35m)[0m[35m | pool: [0m[1;35m24[0m
[1;2;92m22:35:51[0m [92mTYLERMASTERY2-[0m[1;92m7[0m [33m⏳ in transit [0m[1;33m([0m[33m~1h 3m[0m[1;33m)[0m[33m...[0m
[1;2;92m22:35:56[0m [37mTYLERMASTERY2-C[0m [33m⏳ in transit [0m[1;33m([0m[33m~1h 24m[0m[1;33m)[0m[33m...[0m
[1;2;92m22:35:59[0m [36mTYLERMASTERY2-[0m[1;36m1[0m [33m🌡 cooldown 26s[0m
[1;2;92m22:36:01[0m [95mTYLERMASTERY2-[0m[1;95m8[0m [33m⏳ in transit [0m[1;33m([0m[33m~1h 7m[0m[1;33m)[0m[33m...[0m
[1;2;92m22:36:05[0m [33mTYLERMASTERY2-[0m[1;33m4[0m [33m🌡 cooldown 56s[0m
[1;2;92m22:36:05[0m [34mTYLERMASTERY2-[0m[1;34m5[0m [33m⏳ in transit [0m[1;33m([0m[33m~31s[0m[1;33m)[0m[33m...[0m
[1;2;92m22:36:10[0m [34mTYLERMASTERY2-[0m[1;34m5[0m [33m⏳ in transit [0m[1;33m([0m[33m~26s[0m[1;33m)[0m[33m...[0m
[1;2;92m22:36:11[0m [36mTYLERMASTERY2-[0m[1;36m1[0m [33m🌡 cooldown 14s[0m
[1;2;92m22:36:12[0m [35mTYLERMASTERY2-[0m[1;35m3[0m [33m⏳ in transit [0m[1;33m([0m[33m~9m 47s[0m[1;33m)[0m[33m...[0m
[1;2;92m22:36:17[0m [34mTYLERMASTERY2-[0m[1;34m5[0m [33m⏳ in transit [0m[1;33m([0m[33m~19s[0m[1;33m)[0m[33m...[0m
[1;2;92m22:36:18[0m [33mTYLERMASTERY2-[0m[1;33m4[0m [33m🌡 cooldown 42s[0m
[1;2;92m22:36:22[0m [36mTYLERMASTERY2-[0m[1;36m1[0m [33m🌡 cooldown 2s[0m
[1;2;92m22:36:23[0m [34mTYLERMASTERY2-[0m[1;34m5[0m [33m⏳ in transit [0m[1;33m([0m[33m~13s[0m[1;33m)[0m[33m...[0m
[3m                       [0m[1;3mFleet Status[0m[3m  [0m[3;32m483,035 cr[0m[3m  [0m[2;3m22:36:24[0m[3m                       [0m
                                                                                
 [1m [0m[1mShip     [0m[1m [0m [1m [0m[1mRole     [0m[1m [0m [1m [0m[1mStatus   [0m[1m [0m [1m [0m[1mLocation  [0m[1m [0m [1m [0m[1m   Fuel[0m[1m [0m [1m [0m[1mCargo[0m[1m [0m [1m [0m[1mETA      [0m[1m [0m 
 ━━━━━━━━━━━━━━━━━━━━━━━━━━━━━━━━━━━━━━━━━━━━━━━━━━━━━━━━━━━━━━━━━━━━━━━━━━━━━━ 
 [1m [0m[1;36mTYLERMAS…[0m[1m [0m  miner       [36m↑ orbit[0m     X1-KU6-B47   385/400   15/40              
 [1m [0m[1;32mTYLERMAS…[0m[1m [0m  fleet-mgr   [33m✈ transit[0m   X1-KU6-J68         —     0/0   20m27s     
 [1m [0m[1;35mTYLERMAS…[0m[1m [0m  miner       [33m✈ transit[0m   X1-KU6-B7      79/80    0/15   [2m9m36s [0m     
 [1m           [0m                                                         [2mdrift[0m      
 [1m [0m[1;33mTYLERMAS…[0m[1m [0m  surveyor    [36m↑ orbit[0m     X1-KU6-B46     21/80     0/0              
 [1m [0m[1;34mTYLERMAS…[0m[1m [0m  hauler      [33m✈ transit[0m   X1-KU6-B7    312/600    8/80   12s        
 [1m [0m[1;96mTYLERMAS…[0m[1m [0m  siphoner    [33m✈ transit[0m   X1-KU6-C50     79/80   15/15   [2m1h1m [0m      
 [1m           [0m                                                         [2mdrift[0m      
 [1m [0m[1;92mTYLERMAS…[0m[1m [0m  siphoner    [33m✈ transit[0m   X1-KU6-C50     79/80   15/15   [2m1h2m [0m      
 [1m           [0m                                                         [2mdrift[0m      
 [1m [0m[1;95mTYLERMAS…[0m[1m [0m  siphoner    [33m✈ transit[0m   X1-KU6-B7      38/80   15/15   [2m1h6m [0m      
 [1m           [0m                                                         [2mdrift[0m      
 [1m [0m[1;93mTYLERMAS…[0m[1m [0m  siphoner    [33m✈ transit[0m   X1-KU6-C50     79/80   15/15   [2m1h1m [0m      
 [1m           [0m                                                         [2mdrift[0m      
 [1m [0m[1;37mTYLERMAS…[0m[1m [0m  trader      [32m⚓ docked[0m   X1-KU6-A1    600/600   80/80              
 [1m [0m[1;37mTYLERMAS…[0m[1m [0m  trader      [32m⚓ docked[0m   X1-KU6-A1    600/600   80/80              
 [1m [0m[1;37mTYLERMAS…[0m[1m [0m  miner       [33m✈ transit[0m   X1-KU6-B47     79/80    0/15   [2m1h23m [0m     
 [1m           [0m                                                         [2mdrift[0m      
 [1m [0m[1;37mTYLERMAS…[0m[1m [0m  surveyor    [33m✈ transit[0m   X1-KU6-B46     79/80     0/0   [2m1h40m [0m     
 [1m           [0m                                                         [2mdrift[0m      
                                                                                
  Contract: [36m░░░░░░░░░░░░░░░░░░░░░░░░░░░░░░[0m [1;36m0[0m[1m/[0m[1;36m8[0m SHIP_PARTS → X1-KU6-A2 [1m([0m[1;32m0[0m[32m%[0m[1m)[0m
[1;2;92m22:36:26[0m   [36mTYLERMASTERY2-[0m[1;36m1[0m: 5x QUARTZ_SAND | __SELL_ONLY__: [1;36m0[0m | Cargo: [1;36m20[0m/[1;36m40[0m | 
CD: 80s
[1;2;92m22:36:26[0m [36mTYLERMASTERY2-[0m[1;36m1[0m   [33m⚠ Micrometeorite Strikes on Hull: A swarm of [0m
[33mmicrometeorites bombarded the ship's hull, causing minor punctures and [0m
[33mabrasions. These impacts stress the hull's integrity, requiring patching of the [0m
[33mcompromised sections to prevent decompression.[0m
[1;2;92m22:36:26[0m [36mTYLERMASTERY2-[0m[1;36m1[0m [33m🌡 cooldown 79s[0m
[1;2;92m22:36:27[0m [93mTYLERMASTERY2-[0m[1;93m9[0m [33m⏳ in transit [0m[1;33m([0m[33m~1h 0m[0m[1;33m)[0m[33m...[0m
[1;2;92m22:36:28[0m [34mTYLERMASTERY2-[0m[1;34m5[0m [33m⏳ in transit [0m[1;33m([0m[33m~8s[0m[1;33m)[0m[33m...[0m
[1;2;92m22:36:29[0m [33mTYLERMASTERY2-[0m[1;33m4[0m [33m🌡 cooldown 32s[0m
[1;2;92m22:36:32[0m [37mTYLERMASTERY2-D[0m [33m⏳ in transit [0m[1;33m([0m[33m~1h 40m[0m[1;33m)[0m[33m...[0m
[1;2;92m22:36:34[0m [34mTYLERMASTERY2-[0m[1;34m5[0m [33m⏳ in transit [0m[1;33m([0m[33m~3s[0m[1;33m)[0m[33m...[0m
[1;2;92m22:36:36[0m [96mTYLERMASTERY2-[0m[1;96m6[0m [33m⏳ in transit [0m[1;33m([0m[33m~1h 1m[0m[1;33m)[0m[33m...[0m
[1;2;92m22:36:38[0m [36mTYLERMASTERY2-[0m[1;36m1[0m [33m🌡 cooldown 67s[0m
[1;2;92m22:36:40[0m [32mTYLERMASTERY2-[0m[1;32m2[0m [33m⏳ in transit [0m[1;33m([0m[33m~20m 10s[0m[1;33m)[0m[33m...[0m
[1;2;92m22:36:49[0m [34mTYLERMASTERY2-[0m[1;34m5[0m [32m✓[0m arrived at [1mX1-KU6-B7[0m
[1;2;92m22:36:49[0m [33mTYLERMASTERY2-[0m[1;33m4[0m [33m🌡 cooldown 11s[0m
[1;2;92m22:36:50[0m [36mTYLERMASTERY2-[0m[1;36m1[0m [33m🌡 cooldown 55s[0m
[1;2;92m22:36:53[0m [92mTYLERMASTERY2-[0m[1;92m7[0m [33m⏳ in transit [0m[1;33m([0m[33m~1h 2m[0m[1;33m)[0m[33m...[0m
[1;2;92m22:36:57[0m [37mTYLERMASTERY2-C[0m [33m⏳ in transit [0m[1;33m([0m[33m~1h 23m[0m[1;33m)[0m[33m...[0m
[1;2;92m22:36:57[0m [34mTYLERMASTERY2-[0m[1;34m5[0m [36m⚓ docked[0m
[1;2;92m22:37:01[0m [36mTYLERMASTERY2-[0m[1;36m1[0m [33m🌡 cooldown 45s[0m
[1;2;92m22:37:04[0m [95mTYLERMASTERY2-[0m[1;95m8[0m [33m⏳ in transit [0m[1;33m([0m[33m~1h 6m[0m[1;33m)[0m[33m...[0m
[1;2;92m22:37:08[0m [35m🔭 TYLERMASTERY2-[0m[1;35m4[0m[35m: [0m[1;35m1[0m[35m [0m[1;35msurvey[0m[1;35m([0m[35ms[0m[1;35m)[0m[35m added [0m[1;35m([0m[1;35m0x[0m[35m SHIP_PARTS hits[0m[1;35m)[0m[35m | pool: [0m[1;35m25[0m
[1;2;92m22:37:10[0m [32m⛽ Refueled to [0m[1;32m600[0m[32m/[0m[1;32m600[0m
[1;2;92m22:37:12[0m [37mTYLERMASTERY2-B[0m [2madjusting sell batch size to [0m[1;2;36m20[0m[2m/tx for MEDICINE[0m
[1;2;92m22:37:14[0m [33mTYLERMASTERY2-[0m[1;33m4[0m [33m🌡 cooldown 63s[0m
[1;2;92m22:37:15[0m [35m💰 TYLERMASTERY2-B: sold 2[0m[1;35m0x[0m[35m MEDICINE @ [0m[1;35m4[0m[35m,[0m[1;35m928[0m[35m/u | Credits: [0m[1;35m581[0m[35m,[0m[1;35m373[0m
[1;2;92m22:37:17[0m [36mTYLERMASTERY2-[0m[1;36m1[0m [33m🌡 cooldown 29s[0m
[1;2;92m22:37:19[0m [35m💰 TYLERMASTERY2-B: sold 2[0m[1;35m0x[0m[35m MEDICINE @ [0m[1;35m4[0m[35m,[0m[1;35m882[0m[35m/u | Credits: [0m[1;35m679[0m[35m,[0m[1;35m013[0m
[1;2;92m22:37:20[0m [37mTYLERMASTERY2-A[0m [2madjusting sell batch size to [0m[1;2;36m20[0m[2m/tx for MEDICINE[0m
[1;2;92m22:37:22[0m [35m💰 TYLERMASTERY2-B: sold 2[0m[1;35m0x[0m[35m MEDICINE @ [0m[1;35m4[0m[35m,[0m[1;35m824[0m[35m/u | Credits: [0m[1;35m775[0m[35m,[0m[1;35m493[0m
[1;2;92m22:37:22[0m [35m💰 TYLERMASTERY2-A: sold 2[0m[1;35m0x[0m[35m MEDICINE @ [0m[1;35m4[0m[35m,[0m[1;35m754[0m[35m/u | Credits: [0m[1;35m870[0m[35m,[0m[1;35m573[0m
[1;2;92m22:37:22[0m [35mTYLERMASTERY2-[0m[1;35m3[0m [33m⏳ in transit [0m[1;33m([0m[33m~8m 38s[0m[1;33m)[0m[33m...[0m
[1;2;92m22:37:23[0m [35m💰 TYLERMASTERY2-A: sold 2[0m[1;35m0x[0m[35m MEDICINE @ [0m[1;35m4[0m[35m,[0m[1;35m667[0m[35m/u | Credits: [0m[1;35m963[0m[35m,[0m[1;35m913[0m
[1;2;92m22:37:23[0m [35m💰 TYLERMASTERY2-B: sold 8[0m[1;35m0x[0m[35m MEDICINE @ [0m[1;35m4[0m[35m,[0m[1;35m560[0m[35m/u = [0m[1;35m383[0m[35m,[0m[1;35m880[0m[35m cr [0m[1;35m([0m[35mprofit: [0m
[35m+[0m[1;35m46[0m[35m,[0m[1;35m200[0m[35m cr[0m[1;35m)[0m
[1;2;92m22:37:23[0m [35m💰 TYLERMASTERY2-A: sold 2[0m[1;35m0x[0m[35m MEDICINE @ [0m[1;35m4[0m[35m,[0m[1;35m428[0m[35m/u | Credits: [0m[1;35m1[0m[35m,[0m[1;35m143[0m[35m,[0m[1;35m673[0m
[1;2;92m22:37:24[0m [34mTYLERMASTERY2-[0m[1;34m5[0m [36m↑ orbiting[0m
[1;2;92m22:37:24[0m [34mTYLERMASTERY2-[0m[1;34m5[0m [34m🚀 Navigating → X1-KU6-A2[0m
[1;2;92m22:37:24[0m [35m💰 TYLERMASTERY2-A: sold 8[0m[1;35m0x[0m[35m MEDICINE @ [0m[1;35m4[0m[35m,[0m[1;35m266[0m[35m/u = [0m[1;35m362[0m[35m,[0m[1;35m300[0m[35m cr [0m[1;35m([0m[35mprofit: [0m
[35m+[0m[1;35m24[0m[35m,[0m[1;35m620[0m[35m cr[0m[1;35m)[0m
[3m                      [0m[1;3mFleet Status[0m[3m  [0m[3;32m1,228,993 cr[0m[3m  [0m[2;3m22:37:25[0m[3m                      [0m
                                                                                
 [1m [0m[1mShip     [0m[1m [0m [1m [0m[1mRole     [0m[1m [0m [1m [0m[1mStatus   [0m[1m [0m [1m [0m[1mLocation  [0m[1m [0m [1m [0m[1m   Fuel[0m[1m [0m [1m [0m[1mCargo[0m[1m [0m [1m [0m[1mETA      [0m[1m [0m 
 ━━━━━━━━━━━━━━━━━━━━━━━━━━━━━━━━━━━━━━━━━━━━━━━━━━━━━━━━━━━━━━━━━━━━━━━━━━━━━━ 
 [1m [0m[1;36mTYLERMAS…[0m[1m [0m  miner       [36m↑ orbit[0m     X1-KU6-B47   385/400   20/40              
 [1m [0m[1;32mTYLERMAS…[0m[1m [0m  fleet-mgr   [33m✈ transit[0m   X1-KU6-J68         —     0/0   19m25s     
 [1m [0m[1;35mTYLERMAS…[0m[1m [0m  miner       [33m✈ transit[0m   X1-KU6-B7      79/80    0/15   [2m8m35s [0m     
 [1m           [0m                                                         [2mdrift[0m      
 [1m [0m[1;33mTYLERMAS…[0m[1m [0m  surveyor    [36m↑ orbit[0m     X1-KU6-B46     21/80     0/0              
 [1m [0m[1;34mTYLERMAS…[0m[1m [0m  hauler      [36m↑ orbit[0m     X1-KU6-B7    600/600    8/80              
 [1m [0m[1;96mTYLERMAS…[0m[1m [0m  siphoner    [33m✈ transit[0m   X1-KU6-C50     79/80   15/15   [2m1h0m [0m      
 [1m           [0m                                                         [2mdrift[0m      
 [1m [0m[1;92mTYLERMAS…[0m[1m [0m  siphoner    [33m✈ transit[0m   X1-KU6-C50     79/80   15/15   [2m1h1m [0m      
 [1m           [0m                                                         [2mdrift[0m      
 [1m [0m[1;95mTYLERMAS…[0m[1m [0m  siphoner    [33m✈ transit[0m   X1-KU6-B7      38/80   15/15   [2m1h5m [0m      
 [1m           [0m                                                         [2mdrift[0m      
 [1m [0m[1;93mTYLERMAS…[0m[1m [0m  siphoner    [33m✈ transit[0m   X1-KU6-C50     79/80   15/15   [2m59m59s [0m    
 [1m           [0m                                                         [2mdrift[0m      
 [1m [0m[1;37mTYLERMAS…[0m[1m [0m  trader      [32m⚓ docked[0m   X1-KU6-A1    600/600    0/80              
 [1m [0m[1;37mTYLERMAS…[0m[1m [0m  trader      [32m⚓ docked[0m   X1-KU6-A1    600/600    0/80              
 [1m [0m[1;37mTYLERMAS…[0m[1m [0m  miner       [33m✈ transit[0m   X1-KU6-B47     79/80    0/15   [2m1h22m [0m     
 [1m           [0m                                                         [2mdrift[0m      
 [1m [0m[1;37mTYLERMAS…[0m[1m [0m  surveyor    [33m✈ transit[0m   X1-KU6-B46     79/80     0/0   [2m1h39m [0m     
 [1m           [0m                                                         [2mdrift[0m      
                                                                                
[1;2;92m22:37:25[0m [34mTYLERMASTERY2-[0m[1;34m5[0m [33m⏳ in transit [0m[1;33m([0m[33m~9m 14s[0m[1;33m)[0m[33m...[0m
  Contract: [36m░░░░░░░░░░░░░░░░░░░░░░░░░░░░░░[0m [1;36m0[0m[1m/[0m[1;36m8[0m SHIP_PARTS → X1-KU6-A2 [1m([0m[1;32m0[0m[32m%[0m[1m)[0m
[1;2;92m22:37:25[0m [35m💹 TYLERMASTERY2-B: EQUIPMENT X1-KU6-K90→X1-KU6-A1 buy [0m[1;35m3[0m[35m,[0m[1;35m321[0m[35m/u sell [0m
[1;35m3[0m[35m,[0m[1;35m481[0m[35m/u [0m[1;35m([0m[35m+[0m[1;35m160[0m[35m/u[0m[1;35m)[0m[35m × 80u = est +[0m[1;35m12[0m[35m,[0m[1;35m800[0m[35m cr[0m
[1;2;92m22:37:27[0m [36mTYLERMASTERY2-[0m[1;36m1[0m [33m🌡 cooldown 18s[0m
[1;2;92m22:37:32[0m [33mTYLERMASTERY2-[0m[1;33m4[0m [33m🌡 cooldown 45s[0m
[1;2;92m22:37:35[0m [93mTYLERMASTERY2-[0m[1;93m9[0m [33m⏳ in transit [0m[1;33m([0m[33m~59m 48s[0m[1;33m)[0m[33m...[0m
[1;2;92m22:37:38[0m [36mTYLERMASTERY2-[0m[1;36m1[0m [33m🌡 cooldown 8s[0m
[1;2;92m22:37:44[0m [32mTYLERMASTERY2-[0m[1;32m2[0m [33m⏳ in transit [0m[1;33m([0m[33m~19m 7s[0m[1;33m)[0m[33m...[0m
[1;2;92m22:37:44[0m [33mTYLERMASTERY2-[0m[1;33m4[0m [33m🌡 cooldown 33s[0m
[1;2;92m22:37:48[0m [96mTYLERMASTERY2-[0m[1;96m6[0m [33m⏳ in transit [0m[1;33m([0m[33m~1h 0m[0m[1;33m)[0m[33m...[0m
[1;2;92m22:37:53[0m [37mTYLERMASTERY2-B[0m [36m↑ orbiting[0m
[1;2;92m22:37:53[0m [37mTYLERMASTERY2-B[0m [34m🚀 Navigating → X1-KU6-K90[0m
[1;2;92m22:37:53[0m   [36mTYLERMASTERY2-[0m[1;36m1[0m: 6x QUARTZ_SAND | __SELL_ONLY__: [1;36m0[0m | Cargo: [1;36m26[0m/[1;36m40[0m | 
CD: 80s
[1;2;92m22:37:56[0m [92mTYLERMASTERY2-[0m[1;92m7[0m [33m⏳ in transit [0m[1;33m([0m[33m~1h 1m[0m[1;33m)[0m[33m...[0m
[1;2;92m22:37:57[0m [35m💹 TYLERMASTERY2-A: EQUIPMENT X1-KU6-K90→X1-KU6-A1 buy [0m[1;35m3[0m[35m,[0m[1;35m321[0m[35m/u sell [0m
[1;35m3[0m[35m,[0m[1;35m481[0m[35m/u [0m[1;35m([0m[35m+[0m[1;35m160[0m[35m/u[0m[1;35m)[0m[35m × 80u = est +[0m[1;35m12[0m[35m,[0m[1;35m800[0m[35m cr[0m
[1;2;92m22:37:57[0m [37mTYLERMASTERY2-D[0m [33m⏳ in transit [0m[1;33m([0m[33m~1h 38m[0m[1;33m)[0m[33m...[0m
[1;2;92m22:37:59[0m [33mTYLERMASTERY2-[0m[1;33m4[0m [33m🌡 cooldown 18s[0m
[1;2;92m22:38:10[0m [37mTYLERMASTERY2-C[0m [33m⏳ in transit [0m[1;33m([0m[33m~1h 21m[0m[1;33m)[0m[33m...[0m
[1;2;92m22:38:11[0m [95mTYLERMASTERY2-[0m[1;95m8[0m [33m⏳ in transit [0m[1;33m([0m[33m~1h 5m[0m[1;33m)[0m[33m...[0m
[1;2;92m22:38:11[0m [37mTYLERMASTERY2-B[0m [33m⏳ in transit [0m[1;33m([0m[33m~2m 44s[0m[1;33m)[0m[33m...[0m
[1;2;92m22:38:12[0m [33mTYLERMASTERY2-[0m[1;33m4[0m [33m🌡 cooldown 5s[0m
[1;2;92m22:38:17[0m [37mTYLERMASTERY2-A[0m [36m↑ orbiting[0m
[1;2;92m22:38:17[0m [37mTYLERMASTERY2-A[0m [34m🚀 Navigating → X1-KU6-K90[0m
[1;2;92m22:38:20[0m [36mTYLERMASTERY2-[0m[1;36m1[0m [33m🌡 cooldown 50s[0m
[1;2;92m22:38:23[0m [37mTYLERMASTERY2-A[0m [33m⏳ in transit [0m[1;33m([0m[33m~2m 54s[0m[1;33m)[0m[33m...[0m
[1;2;92m22:38:24[0m [35m🔭 TYLERMASTERY2-[0m[1;35m4[0m[35m: [0m[1;35m1[0m[35m [0m[1;35msurvey[0m[1;35m([0m[35ms[0m[1;35m)[0m[35m added [0m[1;35m([0m[1;35m0x[0m[35m SHIP_PARTS hits[0m[1;35m)[0m[35m | pool: [0m[1;35m25[0m
[1;2;92m22:38:25[0m [35mTYLERMASTERY2-[0m[1;35m3[0m [33m⏳ in transit [0m[1;33m([0m[33m~7m 35s[0m[1;33m)[0m[33m...[0m
[1;2;92m22:38:25[0m [33mTYLERMASTERY2-[0m[1;33m4[0m [33m🌡 cooldown 69s[0m
[1;2;92m22:38:26[0m [34mTYLERMASTERY2-[0m[1;34m5[0m [33m⏳ in transit [0m[1;33m([0m[33m~8m 13s[0m[1;33m)[0m[33m...[0m
[3m                      [0m[1;3mFleet Status[0m[3m  [0m[3;32m1,228,993 cr[0m[3m  [0m[2;3m22:38:26[0m[3m                      [0m
                                                                                
 [1m [0m[1mShip     [0m[1m [0m [1m [0m[1mRole     [0m[1m [0m [1m [0m[1mStatus   [0m[1m [0m [1m [0m[1mLocation  [0m[1m [0m [1m [0m[1m   Fuel[0m[1m [0m [1m [0m[1mCargo[0m[1m [0m [1m [0m[1mETA      [0m[1m [0m 
 ━━━━━━━━━━━━━━━━━━━━━━━━━━━━━━━━━━━━━━━━━━━━━━━━━━━━━━━━━━━━━━━━━━━━━━━━━━━━━━ 
 [1m [0m[1;36mTYLERMAS…[0m[1m [0m  miner       [36m↑ orbit[0m     X1-KU6-B47   385/400   26/40              
 [1m [0m[1;32mTYLERMAS…[0m[1m [0m  fleet-mgr   [33m✈ transit[0m   X1-KU6-J68         —     0/0   18m24s     
 [1m [0m[1;35mTYLERMAS…[0m[1m [0m  miner       [33m✈ transit[0m   X1-KU6-B7      79/80    0/15   [2m7m34s [0m     
 [1m           [0m                                                         [2mdrift[0m      
 [1m [0m[1;33mTYLERMAS…[0m[1m [0m  surveyor    [36m↑ orbit[0m     X1-KU6-B46     21/80     0/0              
 [1m [0m[1;34mTYLERMAS…[0m[1m [0m  hauler      [33m✈ transit[0m   X1-KU6-A2    277/600    8/80   8m13s      
 [1m [0m[1;96mTYLERMAS…[0m[1m [0m  siphoner    [33m✈ transit[0m   X1-KU6-C50     79/80   15/15   [2m59m54s [0m    
 [1m           [0m                                                         [2mdrift[0m      
 [1m [0m[1;92mTYLERMAS…[0m[1m [0m  siphoner    [33m✈ transit[0m   X1-KU6-C50     79/80   15/15   [2m1h0m [0m      
 [1m           [0m                                                         [2mdrift[0m      
 [1m [0m[1;95mTYLERMAS…[0m[1m [0m  siphoner    [33m✈ transit[0m   X1-KU6-B7      38/80   15/15   [2m1h4m [0m      
 [1m           [0m                                                         [2mdrift[0m      
 [1m [0m[1;93mTYLERMAS…[0m[1m [0m  siphoner    [33m✈ transit[0m   X1-KU6-C50     79/80   15/15   [2m58m58s [0m    
 [1m           [0m                                                         [2mdrift[0m      
 [1m [0m[1;37mTYLERMAS…[0m[1m [0m  trader      [33m✈ transit[0m   X1-KU6-K90   504/600    0/80   2m52s      
 [1m [0m[1;37mTYLERMAS…[0m[1m [0m  trader      [33m✈ transit[0m   X1-KU6-K90   504/600    0/80   2m29s      
 [1m [0m[1;37mTYLERMAS…[0m[1m [0m  miner       [33m✈ transit[0m   X1-KU6-B47     79/80    0/15   [2m1h21m [0m     
 [1m           [0m                                                         [2mdrift[0m      
 [1m [0m[1;37mTYLERMAS…[0m[1m [0m  surveyor    [33m✈ transit[0m   X1-KU6-B46     79/80     0/0   [2m1h38m [0m     
 [1m           [0m                                                         [2mdrift[0m      
                                                                                
  Contract: [36m░░░░░░░░░░░░░░░░░░░░░░░░░░░░░░[0m [1;36m0[0m[1m/[0m[1;36m8[0m SHIP_PARTS → X1-KU6-A2 [1m([0m[1;32m0[0m[32m%[0m[1m)[0m
[1;2;92m22:38:30[0m [36mTYLERMASTERY2-[0m[1;36m1[0m [33m🌡 cooldown 40s[0m
[1;2;92m22:38:35[0m [33mTYLERMASTERY2-[0m[1;33m4[0m [33m🌡 cooldown 58s[0m
[1;2;92m22:38:42[0m [93mTYLERMASTERY2-[0m[1;93m9[0m [33m⏳ in transit [0m[1;33m([0m[33m~58m 41s[0m[1;33m)[0m[33m...[0m
[1;2;92m22:38:44[0m [36mTYLERMASTERY2-[0m[1;36m1[0m [33m🌡 cooldown 27s[0m
[1;2;92m22:38:49[0m [33mTYLERMASTERY2-[0m[1;33m4[0m [33m🌡 cooldown 45s[0m
[1;2;92m22:38:51[0m [96mTYLERMASTERY2-[0m[1;96m6[0m [33m⏳ in transit [0m[1;33m([0m[33m~59m 28s[0m[1;33m)[0m[33m...[0m
[1;2;92m22:38:55[0m [36mTYLERMASTERY2-[0m[1;36m1[0m [33m🌡 cooldown 15s[0m
[1;2;92m22:38:59[0m [32mTYLERMASTERY2-[0m[1;32m2[0m [33m⏳ in transit [0m[1;33m([0m[33m~17m 51s[0m[1;33m)[0m[33m...[0m
[1;2;92m22:38:59[0m [33mTYLERMASTERY2-[0m[1;33m4[0m [33m🌡 cooldown 34s[0m
[1;2;92m22:39:00[0m [37mTYLERMASTERY2-D[0m [33m⏳ in transit [0m[1;33m([0m[33m~1h 37m[0m[1;33m)[0m[33m...[0m
[1;2;92m22:39:04[0m [92mTYLERMASTERY2-[0m[1;92m7[0m [33m⏳ in transit [0m[1;33m([0m[33m~1h 0m[0m[1;33m)[0m[33m...[0m
[1;2;92m22:39:09[0m [33mTYLERMASTERY2-[0m[1;33m4[0m [33m🌡 cooldown 24s[0m
[1;2;92m22:39:12[0m [95mTYLERMASTERY2-[0m[1;95m8[0m [33m⏳ in transit [0m[1;33m([0m[33m~1h 4m[0m[1;33m)[0m[33m...[0m
[1;2;92m22:39:19[0m [37mTYLERMASTERY2-B[0m [33m⏳ in transit [0m[1;33m([0m[33m~1m 36s[0m[1;33m)[0m[33m...[0m
[1;2;92m22:39:22[0m [37mTYLERMASTERY2-C[0m [33m⏳ in transit [0m[1;33m([0m[33m~1h 20m[0m[1;33m)[0m[33m...[0m
[1;2;92m22:39:23[0m   [36mTYLERMASTERY2-[0m[1;36m1[0m: 5x AMMONIA_ICE | __SELL_ONLY__: [1;36m0[0m | Cargo: [1;36m31[0m/[1;36m40[0m | 
CD: 80s
[1;2;92m22:39:23[0m [33mTYLERMASTERY2-[0m[1;33m4[0m [33m🌡 cooldown 11s[0m
[1;2;92m22:39:24[0m [36mTYLERMASTERY2-[0m[1;36m1[0m [33m🌡 cooldown 73s[0m
[1;2;92m22:39:25[0m [37mTYLERMASTERY2-B[0m [33m⏳ in transit [0m[1;33m([0m[33m~1m 30s[0m[1;33m)[0m[33m...[0m
[1;2;92m22:39:26[0m [37mTYLERMASTERY2-A[0m [33m⏳ in transit [0m[1;33m([0m[33m~1m 52s[0m[1;33m)[0m[33m...[0m
[3m                      [0m[1;3mFleet Status[0m[3m  [0m[3;32m1,228,993 cr[0m[3m  [0m[2;3m22:39:27[0m[3m                      [0m
                                                                                
 [1m [0m[1mShip     [0m[1m [0m [1m [0m[1mRole     [0m[1m [0m [1m [0m[1mStatus   [0m[1m [0m [1m [0m[1mLocation  [0m[1m [0m [1m [0m[1m   Fuel[0m[1m [0m [1m [0m[1mCargo[0m[1m [0m [1m [0m[1mETA      [0m[1m [0m 
 ━━━━━━━━━━━━━━━━━━━━━━━━━━━━━━━━━━━━━━━━━━━━━━━━━━━━━━━━━━━━━━━━━━━━━━━━━━━━━━ 
 [1m [0m[1;36mTYLERMAS…[0m[1m [0m  miner       [36m↑ orbit[0m     X1-KU6-B47   385/400   31/40              
 [1m [0m[1;32mTYLERMAS…[0m[1m [0m  fleet-mgr   [33m✈ transit[0m   X1-KU6-J68         —     0/0   17m23s     
 [1m [0m[1;35mTYLERMAS…[0m[1m [0m  miner       [33m✈ transit[0m   X1-KU6-B7      79/80    0/15   [2m6m33s [0m     
 [1m           [0m                                                         [2mdrift[0m      
 [1m [0m[1;33mTYLERMAS…[0m[1m [0m  surveyor    [36m↑ orbit[0m     X1-KU6-B46     21/80     0/0              
 [1m [0m[1;34mTYLERMAS…[0m[1m [0m  hauler      [33m✈ transit[0m   X1-KU6-A2    277/600    8/80   7m12s      
 [1m [0m[1;96mTYLERMAS…[0m[1m [0m  siphoner    [33m✈ transit[0m   X1-KU6-C50     79/80   15/15   [2m58m52s [0m    
 [1m           [0m                                                         [2mdrift[0m      
 [1m [0m[1;92mTYLERMAS…[0m[1m [0m  siphoner    [33m✈ transit[0m   X1-KU6-C50     79/80   15/15   [2m59m41s [0m    
 [1m           [0m                                                         [2mdrift[0m      
 [1m [0m[1;95mTYLERMAS…[0m[1m [0m  siphoner    [33m✈ transit[0m   X1-KU6-B7      38/80   15/15   [2m1h3m [0m      
 [1m           [0m                                                         [2mdrift[0m      
 [1m [0m[1;93mTYLERMAS…[0m[1m [0m  siphoner    [33m✈ transit[0m   X1-KU6-C50     79/80   15/15   [2m57m56s [0m    
 [1m           [0m                                                         [2mdrift[0m      
 [1m [0m[1;37mTYLERMAS…[0m[1m [0m  trader      [33m✈ transit[0m   X1-KU6-K90   504/600    0/80   1m50s      
 [1m [0m[1;37mTYLERMAS…[0m[1m [0m  trader      [33m✈ transit[0m   X1-KU6-K90   504/600    0/80   1m28s      
 [1m [0m[1;37mTYLERMAS…[0m[1m [0m  miner       [33m✈ transit[0m   X1-KU6-B47     79/80    0/15   [2m1h20m [0m     
 [1m           [0m                                                         [2mdrift[0m      
 [1m [0m[1;37mTYLERMAS…[0m[1m [0m  surveyor    [33m✈ transit[0m   X1-KU6-B46     79/80     0/0   [2m1h37m [0m     
 [1m           [0m                                                         [2mdrift[0m      
                                                                                
  Contract: [36m░░░░░░░░░░░░░░░░░░░░░░░░░░░░░░[0m [1;36m0[0m[1m/[0m[1;36m8[0m SHIP_PARTS → X1-KU6-A2 [1m([0m[1;32m0[0m[32m%[0m[1m)[0m
[1;2;92m22:39:30[0m [37mTYLERMASTERY2-B[0m [33m⏳ in transit [0m[1;33m([0m[33m~1m 25s[0m[1;33m)[0m[33m...[0m
[1;2;92m22:39:31[0m [37mTYLERMASTERY2-A[0m [33m⏳ in transit [0m[1;33m([0m[33m~1m 46s[0m[1;33m)[0m[33m...[0m
[1;2;92m22:39:32[0m [34mTYLERMASTERY2-[0m[1;34m5[0m [33m⏳ in transit [0m[1;33m([0m[33m~7m 6s[0m[1;33m)[0m[33m...[0m
[1;2;92m22:39:35[0m [36mTYLERMASTERY2-[0m[1;36m1[0m [33m🌡 cooldown 61s[0m
[1;2;92m22:39:35[0m [37mTYLERMASTERY2-B[0m [33m⏳ in transit [0m[1;33m([0m[33m~1m 19s[0m[1;33m)[0m[33m...[0m
[1;2;92m22:39:37[0m [35m🔭 TYLERMASTERY2-[0m[1;35m4[0m[35m: [0m[1;35m1[0m[35m [0m[1;35msurvey[0m[1;35m([0m[35ms[0m[1;35m)[0m[35m added [0m[1;35m([0m[1;35m0x[0m[35m SHIP_PARTS hits[0m[1;35m)[0m[35m | pool: [0m[1;35m23[0m
[1;2;92m22:39:37[0m [37mTYLERMASTERY2-A[0m [33m⏳ in transit [0m[1;33m([0m[33m~1m 41s[0m[1;33m)[0m[33m...[0m
[1;2;92m22:39:38[0m [35mTYLERMASTERY2-[0m[1;35m3[0m [33m⏳ in transit [0m[1;33m([0m[33m~6m 22s[0m[1;33m)[0m[33m...[0m
[1;2;92m22:39:41[0m [37mTYLERMASTERY2-B[0m [33m⏳ in transit [0m[1;33m([0m[33m~1m 14s[0m[1;33m)[0m[33m...[0m
[1;2;92m22:39:42[0m [33mTYLERMASTERY2-[0m[1;33m4[0m [33m🌡 cooldown 64s[0m
[1;2;92m22:39:42[0m [37mTYLERMASTERY2-A[0m [33m⏳ in transit [0m[1;33m([0m[33m~1m 35s[0m[1;33m)[0m[33m...[0m
[1;2;92m22:39:46[0m [37mTYLERMASTERY2-B[0m [33m⏳ in transit [0m[1;33m([0m[33m~1m 9s[0m[1;33m)[0m[33m...[0m
[1;2;92m22:39:47[0m [36mTYLERMASTERY2-[0m[1;36m1[0m [33m🌡 cooldown 50s[0m
[1;2;92m22:39:50[0m [37mTYLERMASTERY2-A[0m [33m⏳ in transit [0m[1;33m([0m[33m~1m 27s[0m[1;33m)[0m[33m...[0m
[1;2;92m22:39:52[0m [93mTYLERMASTERY2-[0m[1;93m9[0m [33m⏳ in transit [0m[1;33m([0m[33m~57m 31s[0m[1;33m)[0m[33m...[0m
[1;2;92m22:39:56[0m [37mTYLERMASTERY2-B[0m [33m⏳ in transit [0m[1;33m([0m[33m~59s[0m[1;33m)[0m[33m...[0m
[1;2;92m22:39:57[0m [37mTYLERMASTERY2-A[0m [33m⏳ in transit [0m[1;33m([0m[33m~1m 20s[0m[1;33m)[0m[33m...[0m
[1;2;92m22:40:02[0m [96mTYLERMASTERY2-[0m[1;96m6[0m [33m⏳ in transit [0m[1;33m([0m[33m~58m 17s[0m[1;33m)[0m[33m...[0m
[1;2;92m22:40:03[0m [32mTYLERMASTERY2-[0m[1;32m2[0m [33m⏳ in transit [0m[1;33m([0m[33m~16m 47s[0m[1;33m)[0m[33m...[0m
[1;2;92m22:40:03[0m [37mTYLERMASTERY2-A[0m [33m⏳ in transit [0m[1;33m([0m[33m~1m 14s[0m[1;33m)[0m[33m...[0m
[1;2;92m22:40:05[0m [92mTYLERMASTERY2-[0m[1;92m7[0m [33m⏳ in transit [0m[1;33m([0m[33m~59m 3s[0m[1;33m)[0m[33m...[0m
[1;2;92m22:40:06[0m [37mTYLERMASTERY2-B[0m [33m⏳ in transit [0m[1;33m([0m[33m~49s[0m[1;33m)[0m[33m...[0m
[1;2;92m22:40:08[0m [37mTYLERMASTERY2-D[0m [33m⏳ in transit [0m[1;33m([0m[33m~1h 36m[0m[1;33m)[0m[33m...[0m
[1;2;92m22:40:11[0m [36mTYLERMASTERY2-[0m[1;36m1[0m [33m🌡 cooldown 26s[0m
[1;2;92m22:40:16[0m [37mTYLERMASTERY2-B[0m [33m⏳ in transit [0m[1;33m([0m[33m~39s[0m[1;33m)[0m[33m...[0m
[1;2;92m22:40:18[0m [37mTYLERMASTERY2-A[0m [33m⏳ in transit [0m[1;33m([0m[33m~59s[0m[1;33m)[0m[33m...[0m
[1;2;92m22:40:20[0m [33mTYLERMASTERY2-[0m[1;33m4[0m [33m🌡 cooldown 26s[0m
[1;2;92m22:40:23[0m [36mTYLERMASTERY2-[0m[1;36m1[0m [33m🌡 cooldown 14s[0m
[1;2;92m22:40:23[0m [37mTYLERMASTERY2-B[0m [33m⏳ in transit [0m[1;33m([0m[33m~32s[0m[1;33m)[0m[33m...[0m
[1;2;92m22:40:23[0m [37mTYLERMASTERY2-C[0m [33m⏳ in transit [0m[1;33m([0m[33m~1h 19m[0m[1;33m)[0m[33m...[0m
[1;2;92m22:40:24[0m [37mTYLERMASTERY2-A[0m [33m⏳ in transit [0m[1;33m([0m[33m~54s[0m[1;33m)[0m[33m...[0m
[1;2;92m22:40:26[0m [95mTYLERMASTERY2-[0m[1;95m8[0m [33m⏳ in transit [0m[1;33m([0m[33m~1h 2m[0m[1;33m)[0m[33m...[0m
[3m                      [0m[1;3mFleet Status[0m[3m  [0m[3;32m1,228,993 cr[0m[3m  [0m[2;3m22:40:28[0m[3m                      [0m
                                                                                
 [1m [0m[1mShip     [0m[1m [0m [1m [0m[1mRole     [0m[1m [0m [1m [0m[1mStatus   [0m[1m [0m [1m [0m[1mLocation  [0m[1m [0m [1m [0m[1m   Fuel[0m[1m [0m [1m [0m[1mCargo[0m[1m [0m [1m [0m[1mETA      [0m[1m [0m 
 ━━━━━━━━━━━━━━━━━━━━━━━━━━━━━━━━━━━━━━━━━━━━━━━━━━━━━━━━━━━━━━━━━━━━━━━━━━━━━━ 
 [1m [0m[1;36mTYLERMAS…[0m[1m [0m  miner       [36m↑ orbit[0m     X1-KU6-B47   385/400   31/40              
 [1m [0m[1;32mTYLERMAS…[0m[1m [0m  fleet-mgr   [33m✈ transit[0m   X1-KU6-J68         —     0/0   16m22s     
 [1m [0m[1;35mTYLERMAS…[0m[1m [0m  miner       [33m✈ transit[0m   X1-KU6-B7      79/80    0/15   [2m5m32s [0m     
 [1m           [0m                                                         [2mdrift[0m      
 [1m [0m[1;33mTYLERMAS…[0m[1m [0m  surveyor    [36m↑ orbit[0m     X1-KU6-B46     21/80     0/0              
 [1m [0m[1;34mTYLERMAS…[0m[1m [0m  hauler      [33m✈ transit[0m   X1-KU6-A2    277/600    8/80   6m11s      
 [1m [0m[1;96mTYLERMAS…[0m[1m [0m  siphoner    [33m✈ transit[0m   X1-KU6-C50     79/80   15/15   [2m57m51s [0m    
 [1m           [0m                                                         [2mdrift[0m      
 [1m [0m[1;92mTYLERMAS…[0m[1m [0m  siphoner    [33m✈ transit[0m   X1-KU6-C50     79/80   15/15   [2m58m40s [0m    
 [1m           [0m                                                         [2mdrift[0m      
 [1m [0m[1;95mTYLERMAS…[0m[1m [0m  siphoner    [33m✈ transit[0m   X1-KU6-B7      38/80   15/15   [2m1h2m [0m      
 [1m           [0m                                                         [2mdrift[0m      
 [1m [0m[1;93mTYLERMAS…[0m[1m [0m  siphoner    [33m✈ transit[0m   X1-KU6-C50     79/80   15/15   [2m56m55s [0m    
 [1m           [0m                                                         [2mdrift[0m      
 [1m [0m[1;37mTYLERMAS…[0m[1m [0m  trader      [33m✈ transit[0m   X1-KU6-K90   504/600    0/80   49s        
 [1m [0m[1;37mTYLERMAS…[0m[1m [0m  trader      [33m✈ transit[0m   X1-KU6-K90   504/600    0/80   27s        
 [1m [0m[1;37mTYLERMAS…[0m[1m [0m  miner       [33m✈ transit[0m   X1-KU6-B47     79/80    0/15   [2m1h19m [0m     
 [1m           [0m                                                         [2mdrift[0m      
 [1m [0m[1;37mTYLERMAS…[0m[1m [0m  surveyor    [33m✈ transit[0m   X1-KU6-B46     79/80     0/0   [2m1h36m [0m     
 [1m           [0m                                                         [2mdrift[0m      
                                                                                
  Contract: [36m░░░░░░░░░░░░░░░░░░░░░░░░░░░░░░[0m [1;36m0[0m[1m/[0m[1;36m8[0m SHIP_PARTS → X1-KU6-A2 [1m([0m[1;32m0[0m[32m%[0m[1m)[0m
[1;2;92m22:40:29[0m [37mTYLERMASTERY2-B[0m [33m⏳ in transit [0m[1;33m([0m[33m~26s[0m[1;33m)[0m[33m...[0m
[1;2;92m22:40:29[0m [37mTYLERMASTERY2-A[0m [33m⏳ in transit [0m[1;33m([0m[33m~48s[0m[1;33m)[0m[33m...[0m
[1;2;92m22:40:30[0m [33mTYLERMASTERY2-[0m[1;33m4[0m [33m🌡 cooldown 16s[0m
[1;2;92m22:40:34[0m [37mTYLERMASTERY2-B[0m [33m⏳ in transit [0m[1;33m([0m[33m~21s[0m[1;33m)[0m[33m...[0m
[1;2;92m22:40:36[0m [37mTYLERMASTERY2-A[0m [33m⏳ in transit [0m[1;33m([0m[33m~41s[0m[1;33m)[0m[33m...[0m
[1;2;92m22:40:41[0m [34mTYLERMASTERY2-[0m[1;34m5[0m [33m⏳ in transit [0m[1;33m([0m[33m~5m 58s[0m[1;33m)[0m[33m...[0m
[1;2;92m22:40:41[0m [37mTYLERMASTERY2-A[0m [33m⏳ in transit [0m[1;33m([0m[33m~36s[0m[1;33m)[0m[33m...[0m
[1;2;92m22:40:43[0m   [36mTYLERMASTERY2-[0m[1;36m1[0m: 6x AMMONIA_ICE | __SELL_ONLY__: [1;36m0[0m | Cargo: [1;36m37[0m/[1;36m40[0m | 
CD: 80s
[1;2;92m22:40:47[0m [37mTYLERMASTERY2-B[0m [33m⏳ in transit [0m[1;33m([0m[33m~8s[0m[1;33m)[0m[33m...[0m
[1;2;92m22:40:50[0m [37mTYLERMASTERY2-A[0m [33m⏳ in transit [0m[1;33m([0m[33m~28s[0m[1;33m)[0m[33m...[0m
[1;2;92m22:40:52[0m [37mTYLERMASTERY2-B[0m [33m⏳ in transit [0m[1;33m([0m[33m~3s[0m[1;33m)[0m[33m...[0m
[1;2;92m22:40:57[0m [37mTYLERMASTERY2-A[0m [33m⏳ in transit [0m[1;33m([0m[33m~21s[0m[1;33m)[0m[33m...[0m
[1;2;92m22:40:58[0m [37mTYLERMASTERY2-B[0m [32m✓[0m arrived at [1mX1-KU6-K90[0m
[1;2;92m22:40:59[0m [35mTYLERMASTERY2-[0m[1;35m3[0m [33m⏳ in transit [0m[1;33m([0m[33m~5m 1s[0m[1;33m)[0m[33m...[0m
[1;2;92m22:41:02[0m [37mTYLERMASTERY2-A[0m [33m⏳ in transit [0m[1;33m([0m[33m~15s[0m[1;33m)[0m[33m...[0m
[1;2;92m22:41:03[0m [36mTYLERMASTERY2-[0m[1;36m1[0m [34m🚀 Navigating → X1-KU6-B7[0m
[1;2;92m22:41:04[0m [35m🔭 TYLERMASTERY2-[0m[1;35m4[0m[35m: [0m[1;35m1[0m[35m [0m[1;35msurvey[0m[1;35m([0m[35ms[0m[1;35m)[0m[35m added [0m[1;35m([0m[1;35m0x[0m[35m SHIP_PARTS hits[0m[1;35m)[0m[35m | pool: [0m[1;35m23[0m
[1;2;92m22:41:08[0m [36mTYLERMASTERY2-[0m[1;36m1[0m [33m⏳ in transit [0m[1;33m([0m[33m~24s[0m[1;33m)[0m[33m...[0m
[1;2;92m22:41:12[0m [93mTYLERMASTERY2-[0m[1;93m9[0m [33m⏳ in transit [0m[1;33m([0m[33m~56m 12s[0m[1;33m)[0m[33m...[0m
[1;2;92m22:41:12[0m [92mTYLERMASTERY2-[0m[1;92m7[0m [33m⏳ in transit [0m[1;33m([0m[33m~57m 57s[0m[1;33m)[0m[33m...[0m
[1;2;92m22:41:14[0m [32mTYLERMASTERY2-[0m[1;32m2[0m [33m⏳ in transit [0m[1;33m([0m[33m~15m 37s[0m[1;33m)[0m[33m...[0m
[1;2;92m22:41:14[0m [33mTYLERMASTERY2-[0m[1;33m4[0m [33m🌡 cooldown 60s[0m
[1;2;92m22:41:16[0m [96mTYLERMASTERY2-[0m[1;96m6[0m [33m⏳ in transit [0m[1;33m([0m[33m~57m 4s[0m[1;33m)[0m[33m...[0m
[1;2;92m22:41:16[0m [37mTYLERMASTERY2-B[0m [36m⚓ docked[0m
[1;2;92m22:41:18[0m [36mTYLERMASTERY2-[0m[1;36m1[0m [33m⏳ in transit [0m[1;33m([0m[33m~14s[0m[1;33m)[0m[33m...[0m
[1;2;92m22:41:19[0m [37mTYLERMASTERY2-D[0m [33m⏳ in transit [0m[1;33m([0m[33m~1h 35m[0m[1;33m)[0m[33m...[0m
[1;2;92m22:41:21[0m [37mTYLERMASTERY2-A[0m [32m✓[0m arrived at [1mX1-KU6-K90[0m
[1;2;92m22:41:23[0m [32m⛽ Refueled to [0m[1;32m600[0m[32m/[0m[1;32m600[0m
[1;2;92m22:41:23[0m [37mTYLERMASTERY2-A[0m [36m⚓ docked[0m
[1;2;92m22:41:23[0m [2mTYLERMASTERY2-B: EQUIPMENT live buy [0m[1;2;36m2[0m[2m,[0m[1;2;36m803[0m[2m/u [0m[1;2m([0m[2mwas [0m[1;2;36m3[0m[2m,[0m[1;2;36m321[0m[2m cached[0m[1;2m)[0m[2m, margin [0m
[1;2;36m678[0m[2m/u[0m
[1;2;92m22:41:24[0m [36mTYLERMASTERY2-[0m[1;36m1[0m [33m⏳ in transit [0m[1;33m([0m[33m~8s[0m[1;33m)[0m[33m...[0m
[1;2;92m22:41:24[0m [32m⛽ Refueled to [0m[1;32m600[0m[32m/[0m[1;32m600[0m
[1;2;92m22:41:24[0m [33mTYLERMASTERY2-[0m[1;33m4[0m [33m🌡 cooldown 50s[0m
[1;2;92m22:41:24[0m [2mTYLERMASTERY2-A: EQUIPMENT live buy [0m[1;2;36m2[0m[2m,[0m[1;2;36m803[0m[2m/u [0m[1;2m([0m[2mwas [0m[1;2;36m3[0m[2m,[0m[1;2;36m321[0m[2m cached[0m[1;2m)[0m[2m, margin [0m
[1;2;36m678[0m[2m/u[0m
[3m                      [0m[1;3mFleet Status[0m[3m  [0m[3;32m1,228,849 cr[0m[3m  [0m[2;3m22:41:29[0m[3m                      [0m
                                                                                
 [1m [0m[1mShip     [0m[1m [0m [1m [0m[1mRole     [0m[1m [0m [1m [0m[1mStatus   [0m[1m [0m [1m [0m[1mLocation  [0m[1m [0m [1m [0m[1m   Fuel[0m[1m [0m [1m [0m[1mCargo[0m[1m [0m [1m [0m[1mETA      [0m[1m [0m 
 ━━━━━━━━━━━━━━━━━━━━━━━━━━━━━━━━━━━━━━━━━━━━━━━━━━━━━━━━━━━━━━━━━━━━━━━━━━━━━━ 
 [1m [0m[1;36mTYLERMAS…[0m[1m [0m  miner       [33m✈ transit[0m   X1-KU6-B7    370/400   37/40   3s         
 [1m [0m[1;32mTYLERMAS…[0m[1m [0m  fleet-mgr   [33m✈ transit[0m   X1-KU6-J68         —     0/0   15m21s     
 [1m [0m[1;35mTYLERMAS…[0m[1m [0m  miner       [33m✈ transit[0m   X1-KU6-B7      79/80    0/15   [2m4m31s [0m     
 [1m           [0m                                                         [2mdrift[0m      
 [1m [0m[1;33mTYLERMAS…[0m[1m [0m  surveyor    [36m↑ orbit[0m     X1-KU6-B46     21/80     0/0              
 [1m [0m[1;34mTYLERMAS…[0m[1m [0m  hauler      [33m✈ transit[0m   X1-KU6-A2    277/600    8/80   5m10s      
 [1m [0m[1;96mTYLERMAS…[0m[1m [0m  siphoner    [33m✈ transit[0m   X1-KU6-C50     79/80   15/15   [2m56m50s [0m    
 [1m           [0m                                                         [2mdrift[0m      
 [1m [0m[1;92mTYLERMAS…[0m[1m [0m  siphoner    [33m✈ transit[0m   X1-KU6-C50     79/80   15/15   [2m57m39s [0m    
 [1m           [0m                                                         [2mdrift[0m      
 [1m [0m[1;95mTYLERMAS…[0m[1m [0m  siphoner    [33m✈ transit[0m   X1-KU6-B7      38/80   15/15   [2m1h1m [0m      
 [1m           [0m                                                         [2mdrift[0m      
 [1m [0m[1;93mTYLERMAS…[0m[1m [0m  siphoner    [33m✈ transit[0m   X1-KU6-C50     79/80   15/15   [2m55m54s [0m    
 [1m           [0m                                                         [2mdrift[0m      
 [1m [0m[1;37mTYLERMAS…[0m[1m [0m  trader      [32m⚓ docked[0m   X1-KU6-K90   600/600    0/80              
 [1m [0m[1;37mTYLERMAS…[0m[1m [0m  trader      [32m⚓ docked[0m   X1-KU6-K90   600/600    0/80              
 [1m [0m[1;37mTYLERMAS…[0m[1m [0m  miner       [33m✈ transit[0m   X1-KU6-B47     79/80    0/15   [2m1h18m [0m     
 [1m           [0m                                                         [2mdrift[0m      
 [1m [0m[1;37mTYLERMAS…[0m[1m [0m  surveyor    [33m✈ transit[0m   X1-KU6-B46     79/80     0/0   [2m1h35m [0m     
 [1m           [0m                                                         [2mdrift[0m      
                                                                                
  Contract: [36m░░░░░░░░░░░░░░░░░░░░░░░░░░░░░░[0m [1;36m0[0m[1m/[0m[1;36m8[0m SHIP_PARTS → X1-KU6-A2 [1m([0m[1;32m0[0m[32m%[0m[1m)[0m
[1;2;92m22:41:29[0m [36mTYLERMASTERY2-[0m[1;36m1[0m [33m⏳ in transit [0m[1;33m([0m[33m~3s[0m[1;33m)[0m[33m...[0m
[1;2;92m22:41:35[0m [36mTYLERMASTERY2-[0m[1;36m1[0m [32m✓[0m arrived at [1mX1-KU6-B7[0m
[1;2;92m22:41:36[0m [37mTYLERMASTERY2-C[0m [33m⏳ in transit [0m[1;33m([0m[33m~1h 18m[0m[1;33m)[0m[33m...[0m
[1;2;92m22:41:38[0m [95mTYLERMASTERY2-[0m[1;95m8[0m [33m⏳ in transit [0m[1;33m([0m[33m~1h 1m[0m[1;33m)[0m[33m...[0m
[1;2;92m22:41:39[0m [33mTYLERMASTERY2-[0m[1;33m4[0m [33m🌡 cooldown 35s[0m
[1;2;92m22:41:41[0m [36mTYLERMASTERY2-[0m[1;36m1[0m [36m⚓ docked[0m
[1;2;92m22:41:47[0m [34mTYLERMASTERY2-[0m[1;34m5[0m [33m⏳ in transit [0m[1;33m([0m[33m~4m 52s[0m[1;33m)[0m[33m...[0m
[1;2;92m22:41:52[0m [33mTYLERMASTERY2-[0m[1;33m4[0m [33m🌡 cooldown 21s[0m
[1;2;92m22:42:01[0m [35mTYLERMASTERY2-[0m[1;35m3[0m [33m⏳ in transit [0m[1;33m([0m[33m~3m 59s[0m[1;33m)[0m[33m...[0m
[1;2;92m22:42:06[0m [33mTYLERMASTERY2-[0m[1;33m4[0m [33m🌡 cooldown 8s[0m
[1;2;92m22:42:10[0m [32m⛽ Refueled to [0m[1;32m400[0m[32m/[0m[1;32m400[0m
[1;2;92m22:42:15[0m [92mTYLERMASTERY2-[0m[1;92m7[0m [33m⏳ in transit [0m[1;33m([0m[33m~56m 53s[0m[1;33m)[0m[33m...[0m
[1;2;92m22:42:17[0m [32mTYLERMASTERY2-[0m[1;32m2[0m [33m⏳ in transit [0m[1;33m([0m[33m~14m 33s[0m[1;33m)[0m[33m...[0m
[1;2;92m22:42:20[0m [93mTYLERMASTERY2-[0m[1;93m9[0m [33m⏳ in transit [0m[1;33m([0m[33m~55m 4s[0m[1;33m)[0m[33m...[0m
[1;2;92m22:42:24[0m [35m🔭 TYLERMASTERY2-[0m[1;35m4[0m[35m: [0m[1;35m1[0m[35m [0m[1;35msurvey[0m[1;35m([0m[35ms[0m[1;35m)[0m[35m added [0m[1;35m([0m[1;35m0x[0m[35m SHIP_PARTS hits[0m[1;35m)[0m[35m | pool: [0m[1;35m23[0m
[1;2;92m22:42:25[0m [33mTYLERMASTERY2-[0m[1;33m4[0m [33m🌡 cooldown 69s[0m
[3m                      [0m[1;3mFleet Status[0m[3m  [0m[3;32m1,228,775 cr[0m[3m  [0m[2;3m22:42:30[0m[3m                      [0m
                                                                                
 [1m [0m[1mShip     [0m[1m [0m [1m [0m[1mRole     [0m[1m [0m [1m [0m[1mStatus   [0m[1m [0m [1m [0m[1mLocation  [0m[1m [0m [1m [0m[1m   Fuel[0m[1m [0m [1m [0m[1mCargo[0m[1m [0m [1m [0m[1mETA      [0m[1m [0m 
 ━━━━━━━━━━━━━━━━━━━━━━━━━━━━━━━━━━━━━━━━━━━━━━━━━━━━━━━━━━━━━━━━━━━━━━━━━━━━━━ 
 [1m [0m[1;36mTYLERMAS…[0m[1m [0m  miner       [32m⚓ docked[0m   X1-KU6-B7    400/400   37/40              
 [1m [0m[1;32mTYLERMAS…[0m[1m [0m  fleet-mgr   [33m✈ transit[0m   X1-KU6-J68         —     0/0   14m20s     
 [1m [0m[1;35mTYLERMAS…[0m[1m [0m  miner       [33m✈ transit[0m   X1-KU6-B7      79/80    0/15   [2m3m30s [0m     
 [1m           [0m                                                         [2mdrift[0m      
 [1m [0m[1;33mTYLERMAS…[0m[1m [0m  surveyor    [36m↑ orbit[0m     X1-KU6-B46     21/80     0/0              
 [1m [0m[1;34mTYLERMAS…[0m[1m [0m  hauler      [33m✈ transit[0m   X1-KU6-A2    277/600    8/80   4m9s       
 [1m [0m[1;96mTYLERMAS…[0m[1m [0m  siphoner    [33m✈ transit[0m   X1-KU6-C50     79/80   15/15   [2m55m49s [0m    
 [1m           [0m                                                         [2mdrift[0m      
 [1m [0m[1;92mTYLERMAS…[0m[1m [0m  siphoner    [33m✈ transit[0m   X1-KU6-C50     79/80   15/15   [2m56m38s [0m    
 [1m           [0m                                                         [2mdrift[0m      
 [1m [0m[1;95mTYLERMAS…[0m[1m [0m  siphoner    [33m✈ transit[0m   X1-KU6-B7      38/80   15/15   [2m1h0m [0m      
 [1m           [0m                                                         [2mdrift[0m      
 [1m [0m[1;93mTYLERMAS…[0m[1m [0m  siphoner    [33m✈ transit[0m   X1-KU6-C50     79/80   15/15   [2m54m53s [0m    
 [1m           [0m                                                         [2mdrift[0m      
 [1m [0m[1;37mTYLERMAS…[0m[1m [0m  trader      [32m⚓ docked[0m   X1-KU6-K90   600/600    0/80              
 [1m [0m[1;37mTYLERMAS…[0m[1m [0m  trader      [32m⚓ docked[0m   X1-KU6-K90   600/600    0/80              
 [1m [0m[1;37mTYLERMAS…[0m[1m [0m  miner       [33m✈ transit[0m   X1-KU6-B47     79/80    0/15   [2m1h17m [0m     
 [1m           [0m                                                         [2mdrift[0m      
 [1m [0m[1;37mTYLERMAS…[0m[1m [0m  surveyor    [33m✈ transit[0m   X1-KU6-B46     79/80     0/0   [2m1h34m [0m     
 [1m           [0m                                                         [2mdrift[0m      
                                                                                
  Contract: [36m░░░░░░░░░░░░░░░░░░░░░░░░░░░░░░[0m [1;36m0[0m[1m/[0m[1;36m8[0m SHIP_PARTS → X1-KU6-A2 [1m([0m[1;32m0[0m[32m%[0m[1m)[0m
[1;2;92m22:42:33[0m [37mTYLERMASTERY2-D[0m [33m⏳ in transit [0m[1;33m([0m[33m~1h 34m[0m[1;33m)[0m[33m...[0m
[1;2;92m22:42:43[0m [37mTYLERMASTERY2-B[0m [2madjusting batch size to [0m[1;2;36m43[0m[2m/tx for EQUIPMENT[0m
[1;2;92m22:42:49[0m [96mTYLERMASTERY2-[0m[1;96m6[0m [33m⏳ in transit [0m[1;33m([0m[33m~55m 30s[0m[1;33m)[0m[33m...[0m
[1;2;92m22:42:51[0m [37mTYLERMASTERY2-C[0m [33m⏳ in transit [0m[1;33m([0m[33m~1h 17m[0m[1;33m)[0m[33m...[0m
[1;2;92m22:42:53[0m [37mTYLERMASTERY2-A[0m [2madjusting batch size to [0m[1;2;36m43[0m[2m/tx for EQUIPMENT[0m
[1;2;92m22:42:55[0m [35m🛒 TYLERMASTERY2-B: bought 43x EQUIPMENT @ [0m[1;35m2[0m[35m,[0m[1;35m803[0m[35m/u | Credits: [0m[1;35m1[0m[35m,[0m[1;35m108[0m[35m,[0m[1;35m246[0m
[1;2;92m22:42:55[0m [95mTYLERMASTERY2-[0m[1;95m8[0m [33m⏳ in transit [0m[1;33m([0m[33m~1h 0m[0m[1;33m)[0m[33m...[0m
[1;2;92m22:42:58[0m [33mTYLERMASTERY2-[0m[1;33m4[0m [33m🌡 cooldown 36s[0m
[1;2;92m22:43:04[0m [34mTYLERMASTERY2-[0m[1;34m5[0m [33m⏳ in transit [0m[1;33m([0m[33m~3m 35s[0m[1;33m)[0m[33m...[0m
[1;2;92m22:43:05[0m [35mTYLERMASTERY2-[0m[1;35m3[0m [33m⏳ in transit [0m[1;33m([0m[33m~2m 55s[0m[1;33m)[0m[33m...[0m
[1;2;92m22:43:07[0m [35m🛒 TYLERMASTERY2-B: bought 37x EQUIPMENT @ [0m[1;35m2[0m[35m,[0m[1;35m803[0m[35m/u | Credits: [0m[1;35m993[0m[35m,[0m[1;35m916[0m
[1;2;92m22:43:08[0m [33mTYLERMASTERY2-[0m[1;33m4[0m [33m🌡 cooldown 26s[0m
[1;2;92m22:43:13[0m [35m🛒 TYLERMASTERY2-A: bought 43x EQUIPMENT @ [0m[1;35m2[0m[35m,[0m[1;35m803[0m[35m/u | Credits: [0m[1;35m848[0m[35m,[0m[1;35m146[0m
[1;2;92m22:43:22[0m [33mTYLERMASTERY2-[0m[1;33m4[0m [33m🌡 cooldown 12s[0m
[1;2;92m22:43:23[0m [93mTYLERMASTERY2-[0m[1;93m9[0m [33m⏳ in transit [0m[1;33m([0m[33m~54m 0s[0m[1;33m)[0m[33m...[0m
[1;2;92m22:43:24[0m [92mTYLERMASTERY2-[0m[1;92m7[0m [33m⏳ in transit [0m[1;33m([0m[33m~55m 45s[0m[1;33m)[0m[33m...[0m
[1;2;92m22:43:24[0m [35m🛒 TYLERMASTERY2-A: bought 37x EQUIPMENT @ [0m[1;35m2[0m[35m,[0m[1;35m803[0m[35m/u | Credits: [0m[1;35m707[0m[35m,[0m[1;35m065[0m
[1;2;92m22:43:25[0m [37mTYLERMASTERY2-B[0m [36m↑ orbiting[0m
[1;2;92m22:43:25[0m [37mTYLERMASTERY2-B[0m [34m🚀 Navigating → X1-KU6-A1[0m
[1;2;92m22:43:27[0m [37mTYLERMASTERY2-A[0m [36m↑ orbiting[0m
[1;2;92m22:43:27[0m [37mTYLERMASTERY2-A[0m [34m🚀 Navigating → X1-KU6-A1[0m
[1;2;92m22:43:27[0m [37mTYLERMASTERY2-B[0m [33m⏳ in transit [0m[1;33m([0m[33m~2m 53s[0m[1;33m)[0m[33m...[0m
[1;2;92m22:43:31[0m [32mTYLERMASTERY2-[0m[1;32m2[0m [33m⏳ in transit [0m[1;33m([0m[33m~13m 19s[0m[1;33m)[0m[33m...[0m
[1;2;92m22:43:32[0m [37mTYLERMASTERY2-A[0m [33m⏳ in transit [0m[1;33m([0m[33m~2m 53s[0m[1;33m)[0m[33m...[0m
[1;2;92m22:43:41[0m [35m🔭 TYLERMASTERY2-[0m[1;35m4[0m[35m: [0m[1;35m1[0m[35m [0m[1;35msurvey[0m[1;35m([0m[35ms[0m[1;35m)[0m[35m added [0m[1;35m([0m[1;35m0x[0m[35m SHIP_PARTS hits[0m[1;35m)[0m[35m | pool: [0m[1;35m23[0m
[3m                       [0m[1;3mFleet Status[0m[3m  [0m[3;32m707,065 cr[0m[3m  [0m[2;3m22:43:43[0m[3m                       [0m
                                                                                
 [1m [0m[1mShip     [0m[1m [0m [1m [0m[1mRole     [0m[1m [0m [1m [0m[1mStatus   [0m[1m [0m [1m [0m[1mLocation  [0m[1m [0m [1m [0m[1m   Fuel[0m[1m [0m [1m [0m[1mCargo[0m[1m [0m [1m [0m[1mETA      [0m[1m [0m 
 ━━━━━━━━━━━━━━━━━━━━━━━━━━━━━━━━━━━━━━━━━━━━━━━━━━━━━━━━━━━━━━━━━━━━━━━━━━━━━━ 
 [1m [0m[1;36mTYLERMAS…[0m[1m [0m  miner       [32m⚓ docked[0m   X1-KU6-B7    400/400   37/40              
 [1m [0m[1;32mTYLERMAS…[0m[1m [0m  fleet-mgr   [33m✈ transit[0m   X1-KU6-J68         —     0/0   13m8s      
 [1m [0m[1;35mTYLERMAS…[0m[1m [0m  miner       [33m✈ transit[0m   X1-KU6-B7      79/80    0/15   [2m2m17s [0m     
 [1m           [0m                                                         [2mdrift[0m      
 [1m [0m[1;33mTYLERMAS…[0m[1m [0m  surveyor    [36m↑ orbit[0m     X1-KU6-B46     21/80     0/0              
 [1m [0m[1;34mTYLERMAS…[0m[1m [0m  hauler      [33m✈ transit[0m   X1-KU6-A2    277/600    8/80   2m56s      
 [1m [0m[1;96mTYLERMAS…[0m[1m [0m  siphoner    [33m✈ transit[0m   X1-KU6-C50     79/80   15/15   [2m54m37s [0m    
 [1m           [0m                                                         [2mdrift[0m      
 [1m [0m[1;92mTYLERMAS…[0m[1m [0m  siphoner    [33m✈ transit[0m   X1-KU6-C50     79/80   15/15   [2m55m26s [0m    
 [1m           [0m                                                         [2mdrift[0m      
 [1m [0m[1;95mTYLERMAS…[0m[1m [0m  siphoner    [33m✈ transit[0m   X1-KU6-B7      38/80   15/15   [2m59m33s [0m    
 [1m           [0m                                                         [2mdrift[0m      
 [1m [0m[1;93mTYLERMAS…[0m[1m [0m  siphoner    [33m✈ transit[0m   X1-KU6-C50     79/80   15/15   [2m53m41s [0m    
 [1m           [0m                                                         [2mdrift[0m      
 [1m [0m[1;37mTYLERMAS…[0m[1m [0m  trader      [33m✈ transit[0m   X1-KU6-A1    504/600   80/80   2m42s      
 [1m [0m[1;37mTYLERMAS…[0m[1m [0m  trader      [33m✈ transit[0m   X1-KU6-A1    504/600   80/80   2m37s      
 [1m [0m[1;37mTYLERMAS…[0m[1m [0m  miner       [33m✈ transit[0m   X1-KU6-B47     79/80    0/15   [2m1h16m [0m     
 [1m           [0m                                                         [2mdrift[0m      
 [1m [0m[1;37mTYLERMAS…[0m[1m [0m  surveyor    [33m✈ transit[0m   X1-KU6-B46     79/80     0/0   [2m1h33m [0m     
 [1m           [0m                                                         [2mdrift[0m      
                                                                                
  Contract: [36m░░░░░░░░░░░░░░░░░░░░░░░░░░░░░░[0m [1;36m0[0m[1m/[0m[1;36m8[0m SHIP_PARTS → X1-KU6-A2 [1m([0m[1;32m0[0m[32m%[0m[1m)[0m
[1;2;92m22:43:44[0m [32m💰 Sold 11x QUARTZ_SAND @ [0m[1;32m18[0m[32m/u = [0m[1;32m198[0m[32m cr[0m
[1;2;92m22:43:51[0m [32m💰 Sold 11x PRECIOUS_STONES @ [0m[1;32m71[0m[32m/u = [0m[1;32m781[0m[32m cr[0m
[1;2;92m22:43:53[0m [96mTYLERMASTERY2-[0m[1;96m6[0m [33m⏳ in transit [0m[1;33m([0m[33m~54m 26s[0m[1;33m)[0m[33m...[0m
[1;2;92m22:43:54[0m [33mTYLERMASTERY2-[0m[1;33m4[0m [33m🌡 cooldown 57s[0m
[1;2;92m22:43:54[0m [32m💰 Sold 11x AMMONIA_ICE @ [0m[1;32m38[0m[32m/u = [0m[1;32m418[0m[32m cr[0m
[1;2;92m22:43:55[0m [37mTYLERMASTERY2-C[0m [33m⏳ in transit [0m[1;33m([0m[33m~1h 16m[0m[1;33m)[0m[33m...[0m
[1;2;92m22:43:58[0m [37mTYLERMASTERY2-D[0m [33m⏳ in transit [0m[1;33m([0m[33m~1h 32m[0m[1;33m)[0m[33m...[0m
[1;2;92m22:44:04[0m [33mTYLERMASTERY2-[0m[1;33m4[0m [33m🌡 cooldown 47s[0m
[1;2;92m22:44:05[0m [32m💰 Sold 4x SILICON_CRYSTALS @ [0m[1;32m33[0m[32m/u = [0m[1;32m132[0m[32m cr[0m
[1;2;92m22:44:06[0m [34mTYLERMASTERY2-[0m[1;34m5[0m [33m⏳ in transit [0m[1;33m([0m[33m~2m 32s[0m[1;33m)[0m[33m...[0m
[1;2;92m22:44:09[0m [35mTYLERMASTERY2-[0m[1;35m3[0m [33m⏳ in transit [0m[1;33m([0m[33m~1m 51s[0m[1;33m)[0m[33m...[0m
[1;2;92m22:44:13[0m [95mTYLERMASTERY2-[0m[1;95m8[0m [33m⏳ in transit [0m[1;33m([0m[33m~59m 2s[0m[1;33m)[0m[33m...[0m
[1;2;92m22:44:15[0m [33mTYLERMASTERY2-[0m[1;33m4[0m [33m🌡 cooldown 36s[0m
[1;2;92m22:44:16[0m [35mTYLERMASTERY2-[0m[1;35m3[0m [33m⏳ in transit [0m[1;33m([0m[33m~1m 44s[0m[1;33m)[0m[33m...[0m
[1;2;92m22:44:21[0m [35mTYLERMASTERY2-[0m[1;35m3[0m [33m⏳ in transit [0m[1;33m([0m[33m~1m 39s[0m[1;33m)[0m[33m...[0m
[1;2;92m22:44:23[0m [36mTYLERMASTERY2-[0m[1;36m1[0m [36m↑ orbiting[0m
[1;2;92m22:44:23[0m [36mTYLERMASTERY2-[0m[1;36m1[0m [34m🚀 Navigating → X1-KU6-B47[0m
[1;2;92m22:44:24[0m [36mTYLERMASTERY2-[0m[1;36m1[0m [33m⏳ in transit [0m[1;33m([0m[33m~25s[0m[1;33m)[0m[33m...[0m
[1;2;92m22:44:25[0m [33mTYLERMASTERY2-[0m[1;33m4[0m [33m🌡 cooldown 26s[0m
[1;2;92m22:44:27[0m [35mTYLERMASTERY2-[0m[1;35m3[0m [33m⏳ in transit [0m[1;33m([0m[33m~1m 33s[0m[1;33m)[0m[33m...[0m
[1;2;92m22:44:29[0m [93mTYLERMASTERY2-[0m[1;93m9[0m [33m⏳ in transit [0m[1;33m([0m[33m~52m 54s[0m[1;33m)[0m[33m...[0m
[1;2;92m22:44:29[0m [92mTYLERMASTERY2-[0m[1;92m7[0m [33m⏳ in transit [0m[1;33m([0m[33m~54m 39s[0m[1;33m)[0m[33m...[0m
[1;2;92m22:44:29[0m [36mTYLERMASTERY2-[0m[1;36m1[0m [33m⏳ in transit [0m[1;33m([0m[33m~20s[0m[1;33m)[0m[33m...[0m
[1;2;92m22:44:31[0m [37mTYLERMASTERY2-B[0m [33m⏳ in transit [0m[1;33m([0m[33m~1m 49s[0m[1;33m)[0m[33m...[0m
[1;2;92m22:44:32[0m [35mTYLERMASTERY2-[0m[1;35m3[0m [33m⏳ in transit [0m[1;33m([0m[33m~1m 28s[0m[1;33m)[0m[33m...[0m
[1;2;92m22:44:32[0m [32mTYLERMASTERY2-[0m[1;32m2[0m [33m⏳ in transit [0m[1;33m([0m[33m~12m 18s[0m[1;33m)[0m[33m...[0m
[1;2;92m22:44:33[0m [37mTYLERMASTERY2-A[0m [33m⏳ in transit [0m[1;33m([0m[33m~1m 52s[0m[1;33m)[0m[33m...[0m
[1;2;92m22:44:35[0m [36mTYLERMASTERY2-[0m[1;36m1[0m [33m⏳ in transit [0m[1;33m([0m[33m~14s[0m[1;33m)[0m[33m...[0m
[1;2;92m22:44:36[0m [33mTYLERMASTERY2-[0m[1;33m4[0m [33m🌡 cooldown 15s[0m
[1;2;92m22:44:36[0m [37mTYLERMASTERY2-B[0m [33m⏳ in transit [0m[1;33m([0m[33m~1m 43s[0m[1;33m)[0m[33m...[0m
[1;2;92m22:44:39[0m [37mTYLERMASTERY2-A[0m [33m⏳ in transit [0m[1;33m([0m[33m~1m 46s[0m[1;33m)[0m[33m...[0m
[1;2;92m22:44:40[0m [36mTYLERMASTERY2-[0m[1;36m1[0m [33m⏳ in transit [0m[1;33m([0m[33m~9s[0m[1;33m)[0m[33m...[0m
[1;2;92m22:44:42[0m [35mTYLERMASTERY2-[0m[1;35m3[0m [33m⏳ in transit [0m[1;33m([0m[33m~1m 18s[0m[1;33m)[0m[33m...[0m
[1;2;92m22:44:44[0m [37mTYLERMASTERY2-A[0m [33m⏳ in transit [0m[1;33m([0m[33m~1m 41s[0m[1;33m)[0m[33m...[0m
[1;2;92m22:44:45[0m [37mTYLERMASTERY2-B[0m [33m⏳ in transit [0m[1;33m([0m[33m~1m 35s[0m[1;33m)[0m[33m...[0m
[3m                       [0m[1;3mFleet Status[0m[3m  [0m[3;32m708,594 cr[0m[3m  [0m[2;3m22:44:45[0m[3m                       [0m
                                                                                
 [1m [0m[1mShip     [0m[1m [0m [1m [0m[1mRole     [0m[1m [0m [1m [0m[1mStatus   [0m[1m [0m [1m [0m[1mLocation  [0m[1m [0m [1m [0m[1m   Fuel[0m[1m [0m [1m [0m[1mCargo[0m[1m [0m [1m [0m[1mETA      [0m[1m [0m 
 ━━━━━━━━━━━━━━━━━━━━━━━━━━━━━━━━━━━━━━━━━━━━━━━━━━━━━━━━━━━━━━━━━━━━━━━━━━━━━━ 
 [1m [0m[1;36mTYLERMAS…[0m[1m [0m  miner       [33m✈ transit[0m   X1-KU6-B47   385/400    0/40   4s         
 [1m [0m[1;32mTYLERMAS…[0m[1m [0m  fleet-mgr   [33m✈ transit[0m   X1-KU6-J68         —     0/0   12m5s      
 [1m [0m[1;35mTYLERMAS…[0m[1m [0m  miner       [33m✈ transit[0m   X1-KU6-B7      79/80    0/15   [2m1m15s [0m     
 [1m           [0m                                                         [2mdrift[0m      
 [1m [0m[1;33mTYLERMAS…[0m[1m [0m  surveyor    [36m↑ orbit[0m     X1-KU6-B46     21/80     0/0              
 [1m [0m[1;34mTYLERMAS…[0m[1m [0m  hauler      [33m✈ transit[0m   X1-KU6-A2    277/600    8/80   1m54s      
 [1m [0m[1;96mTYLERMAS…[0m[1m [0m  siphoner    [33m✈ transit[0m   X1-KU6-C50     79/80   15/15   [2m53m34s [0m    
 [1m           [0m                                                         [2mdrift[0m      
 [1m [0m[1;92mTYLERMAS…[0m[1m [0m  siphoner    [33m✈ transit[0m   X1-KU6-C50     79/80   15/15   [2m54m23s [0m    
 [1m           [0m                                                         [2mdrift[0m      
 [1m [0m[1;95mTYLERMAS…[0m[1m [0m  siphoner    [33m✈ transit[0m   X1-KU6-B7      38/80   15/15   [2m58m31s [0m    
 [1m           [0m                                                         [2mdrift[0m      
 [1m [0m[1;93mTYLERMAS…[0m[1m [0m  siphoner    [33m✈ transit[0m   X1-KU6-C50     79/80   15/15   [2m52m38s [0m    
 [1m           [0m                                                         [2mdrift[0m      
 [1m [0m[1;37mTYLERMAS…[0m[1m [0m  trader      [33m✈ transit[0m   X1-KU6-A1    504/600   80/80   1m40s      
 [1m [0m[1;37mTYLERMAS…[0m[1m [0m  trader      [33m✈ transit[0m   X1-KU6-A1    504/600   80/80   1m35s      
 [1m [0m[1;37mTYLERMAS…[0m[1m [0m  miner       [33m✈ transit[0m   X1-KU6-B47     79/80    0/15   [2m1h15m [0m     
 [1m           [0m                                                         [2mdrift[0m      
 [1m [0m[1;37mTYLERMAS…[0m[1m [0m  surveyor    [33m✈ transit[0m   X1-KU6-B46     79/80     0/0   [2m1h31m [0m     
 [1m           [0m                                                         [2mdrift[0m      
                                                                                
  Contract: [36m░░░░░░░░░░░░░░░░░░░░░░░░░░░░░░[0m [1;36m0[0m[1m/[0m[1;36m8[0m SHIP_PARTS → X1-KU6-A2 [1m([0m[1;32m0[0m[32m%[0m[1m)[0m
[1;2;92m22:44:46[0m [33mTYLERMASTERY2-[0m[1;33m4[0m [33m🌡 cooldown 5s[0m
[1;2;92m22:44:49[0m [35mTYLERMASTERY2-[0m[1;35m3[0m [33m⏳ in transit [0m[1;33m([0m[33m~1m 11s[0m[1;33m)[0m[33m...[0m
[1;2;92m22:44:50[0m [37mTYLERMASTERY2-A[0m [33m⏳ in transit [0m[1;33m([0m[33m~1m 35s[0m[1;33m)[0m[33m...[0m
[1;2;92m22:44:51[0m [36mTYLERMASTERY2-[0m[1;36m1[0m [32m✓[0m arrived at [1mX1-KU6-B47[0m
[1;2;92m22:44:55[0m [37mTYLERMASTERY2-B[0m [33m⏳ in transit [0m[1;33m([0m[33m~1m 25s[0m[1;33m)[0m[33m...[0m
[1;2;92m22:44:57[0m [96mTYLERMASTERY2-[0m[1;96m6[0m [33m⏳ in transit [0m[1;33m([0m[33m~53m 22s[0m[1;33m)[0m[33m...[0m
[1;2;92m22:44:57[0m [35mTYLERMASTERY2-[0m[1;35m3[0m [33m⏳ in transit [0m[1;33m([0m[33m~1m 3s[0m[1;33m)[0m[33m...[0m
[1;2;92m22:44:58[0m [37mTYLERMASTERY2-A[0m [33m⏳ in transit [0m[1;33m([0m[33m~1m 27s[0m[1;33m)[0m[33m...[0m
[1;2;92m22:44:59[0m [35m🔭 TYLERMASTERY2-[0m[1;35m4[0m[35m: [0m[1;35m1[0m[35m [0m[1;35msurvey[0m[1;35m([0m[35ms[0m[1;35m)[0m[35m added [0m[1;35m([0m[1;35m0x[0m[35m SHIP_PARTS hits[0m[1;35m)[0m[35m | pool: [0m[1;35m24[0m
[1;2;92m22:44:59[0m [37mTYLERMASTERY2-C[0m [33m⏳ in transit [0m[1;33m([0m[33m~1h 15m[0m[1;33m)[0m[33m...[0m
[1;2;92m22:45:02[0m [37mTYLERMASTERY2-B[0m [33m⏳ in transit [0m[1;33m([0m[33m~1m 18s[0m[1;33m)[0m[33m...[0m
[1;2;92m22:45:04[0m [37mTYLERMASTERY2-A[0m [33m⏳ in transit [0m[1;33m([0m[33m~1m 21s[0m[1;33m)[0m[33m...[0m
[1;2;92m22:45:07[0m [37mTYLERMASTERY2-B[0m [33m⏳ in transit [0m[1;33m([0m[33m~1m 13s[0m[1;33m)[0m[33m...[0m
[1;2;92m22:45:08[0m [35mTYLERMASTERY2-[0m[1;35m3[0m [33m⏳ in transit [0m[1;33m([0m[33m~52s[0m[1;33m)[0m[33m...[0m
[1;2;92m22:45:09[0m [37mTYLERMASTERY2-A[0m [33m⏳ in transit [0m[1;33m([0m[33m~1m 16s[0m[1;33m)[0m[33m...[0m
[1;2;92m22:45:10[0m [34mTYLERMASTERY2-[0m[1;34m5[0m [33m⏳ in transit [0m[1;33m([0m[33m~1m 29s[0m[1;33m)[0m[33m...[0m
[1;2;92m22:45:13[0m [37mTYLERMASTERY2-B[0m [33m⏳ in transit [0m[1;33m([0m[33m~1m 7s[0m[1;33m)[0m[33m...[0m
[1;2;92m22:45:13[0m [35mTYLERMASTERY2-[0m[1;35m3[0m [33m⏳ in transit [0m[1;33m([0m[33m~46s[0m[1;33m)[0m[33m...[0m
[1;2;92m22:45:14[0m [37mTYLERMASTERY2-A[0m [33m⏳ in transit [0m[1;33m([0m[33m~1m 10s[0m[1;33m)[0m[33m...[0m
[1;2;92m22:45:16[0m [34mTYLERMASTERY2-[0m[1;34m5[0m [33m⏳ in transit [0m[1;33m([0m[33m~1m 23s[0m[1;33m)[0m[33m...[0m
[1;2;92m22:45:18[0m [37mTYLERMASTERY2-B[0m [33m⏳ in transit [0m[1;33m([0m[33m~1m 2s[0m[1;33m)[0m[33m...[0m
[1;2;92m22:45:20[0m [33mTYLERMASTERY2-[0m[1;33m4[0m [33m🌡 cooldown 48s[0m
[1;2;92m22:45:21[0m [34mTYLERMASTERY2-[0m[1;34m5[0m [33m⏳ in transit [0m[1;33m([0m[33m~1m 18s[0m[1;33m)[0m[33m...[0m
[1;2;92m22:45:23[0m [35mTYLERMASTERY2-[0m[1;35m3[0m [33m⏳ in transit [0m[1;33m([0m[33m~37s[0m[1;33m)[0m[33m...[0m
[1;2;92m22:45:24[0m [37mTYLERMASTERY2-B[0m [33m⏳ in transit [0m[1;33m([0m[33m~56s[0m[1;33m)[0m[33m...[0m
[1;2;92m22:45:24[0m   [36mTYLERMASTERY2-[0m[1;36m1[0m: 4x QUARTZ_SAND | __SELL_ONLY__: [1;36m0[0m | Cargo: [1;36m4[0m/[1;36m40[0m | 
CD: 80s
[1;2;92m22:45:24[0m [37mTYLERMASTERY2-A[0m [33m⏳ in transit [0m[1;33m([0m[33m~1m 1s[0m[1;33m)[0m[33m...[0m
[1;2;92m22:45:24[0m [95mTYLERMASTERY2-[0m[1;95m8[0m [33m⏳ in transit [0m[1;33m([0m[33m~57m 51s[0m[1;33m)[0m[33m...[0m
[1;2;92m22:45:24[0m [37mTYLERMASTERY2-D[0m [33m⏳ in transit [0m[1;33m([0m[33m~1h 31m[0m[1;33m)[0m[33m...[0m
[1;2;92m22:45:25[0m [36mTYLERMASTERY2-[0m[1;36m1[0m [33m🌡 cooldown 78s[0m
[1;2;92m22:45:27[0m [34mTYLERMASTERY2-[0m[1;34m5[0m [33m⏳ in transit [0m[1;33m([0m[33m~1m 12s[0m[1;33m)[0m[33m...[0m
[1;2;92m22:45:29[0m [35mTYLERMASTERY2-[0m[1;35m3[0m [33m⏳ in transit [0m[1;33m([0m[33m~31s[0m[1;33m)[0m[33m...[0m
[1;2;92m22:45:29[0m [37mTYLERMASTERY2-B[0m [33m⏳ in transit [0m[1;33m([0m[33m~51s[0m[1;33m)[0m[33m...[0m
[1;2;92m22:45:30[0m [37mTYLERMASTERY2-A[0m [33m⏳ in transit [0m[1;33m([0m[33m~55s[0m[1;33m)[0m[33m...[0m
[1;2;92m22:45:31[0m [33mTYLERMASTERY2-[0m[1;33m4[0m [33m🌡 cooldown 38s[0m
[1;2;92m22:45:32[0m [34mTYLERMASTERY2-[0m[1;34m5[0m [33m⏳ in transit [0m[1;33m([0m[33m~1m 7s[0m[1;33m)[0m[33m...[0m
[1;2;92m22:45:34[0m [35mTYLERMASTERY2-[0m[1;35m3[0m [33m⏳ in transit [0m[1;33m([0m[33m~26s[0m[1;33m)[0m[33m...[0m
[1;2;92m22:45:34[0m [37mTYLERMASTERY2-B[0m [33m⏳ in transit [0m[1;33m([0m[33m~45s[0m[1;33m)[0m[33m...[0m
[1;2;92m22:45:35[0m [37mTYLERMASTERY2-A[0m [33m⏳ in transit [0m[1;33m([0m[33m~50s[0m[1;33m)[0m[33m...[0m
[1;2;92m22:45:36[0m [36mTYLERMASTERY2-[0m[1;36m1[0m [33m🌡 cooldown 67s[0m
[1;2;92m22:45:38[0m [93mTYLERMASTERY2-[0m[1;93m9[0m [33m⏳ in transit [0m[1;33m([0m[33m~51m 45s[0m[1;33m)[0m[33m...[0m
[1;2;92m22:45:40[0m [35mTYLERMASTERY2-[0m[1;35m3[0m [33m⏳ in transit [0m[1;33m([0m[33m~20s[0m[1;33m)[0m[33m...[0m
[1;2;92m22:45:41[0m [37mTYLERMASTERY2-A[0m [33m⏳ in transit [0m[1;33m([0m[33m~44s[0m[1;33m)[0m[33m...[0m
[1;2;92m22:45:42[0m [32mTYLERMASTERY2-[0m[1;32m2[0m [33m⏳ in transit [0m[1;33m([0m[33m~11m 8s[0m[1;33m)[0m[33m...[0m
[1;2;92m22:45:43[0m [33mTYLERMASTERY2-[0m[1;33m4[0m [33m🌡 cooldown 26s[0m
[1;2;92m22:45:44[0m [37mTYLERMASTERY2-B[0m [33m⏳ in transit [0m[1;33m([0m[33m~35s[0m[1;33m)[0m[33m...[0m
[1;2;92m22:45:46[0m [36mTYLERMASTERY2-[0m[1;36m1[0m [33m🌡 cooldown 57s[0m
[1;2;92m22:45:46[0m [37mTYLERMASTERY2-A[0m [33m⏳ in transit [0m[1;33m([0m[33m~39s[0m[1;33m)[0m[33m...[0m
[1;2;92m22:45:49[0m [92mTYLERMASTERY2-[0m[1;92m7[0m [33m⏳ in transit [0m[1;33m([0m[33m~53m 20s[0m[1;33m)[0m[33m...[0m
[1;2;92m22:45:51[0m [37mTYLERMASTERY2-B[0m [33m⏳ in transit [0m[1;33m([0m[33m~29s[0m[1;33m)[0m[33m...[0m
[1;2;92m22:45:55[0m [33mTYLERMASTERY2-[0m[1;33m4[0m [33m🌡 cooldown 14s[0m
[3m                       [0m[1;3mFleet Status[0m[3m  [0m[3;32m708,594 cr[0m[3m  [0m[2;3m22:45:56[0m[3m                       [0m
                                                                                
 [1m [0m[1mShip     [0m[1m [0m [1m [0m[1mRole     [0m[1m [0m [1m [0m[1mStatus   [0m[1m [0m [1m [0m[1mLocation  [0m[1m [0m [1m [0m[1m   Fuel[0m[1m [0m [1m [0m[1mCargo[0m[1m [0m [1m [0m[1mETA      [0m[1m [0m 
 ━━━━━━━━━━━━━━━━━━━━━━━━━━━━━━━━━━━━━━━━━━━━━━━━━━━━━━━━━━━━━━━━━━━━━━━━━━━━━━ 
 [1m [0m[1;36mTYLERMAS…[0m[1m [0m  miner       [36m↑ orbit[0m     X1-KU6-B47   385/400    4/40              
 [1m [0m[1;32mTYLERMAS…[0m[1m [0m  fleet-mgr   [33m✈ transit[0m   X1-KU6-J68         —     0/0   10m54s     
 [1m [0m[1;35mTYLERMAS…[0m[1m [0m  miner       [33m✈ transit[0m   X1-KU6-B7      79/80    0/15   [2m4s drift[0m   
 [1m [0m[1;33mTYLERMAS…[0m[1m [0m  surveyor    [36m↑ orbit[0m     X1-KU6-B46     21/80     0/0              
 [1m [0m[1;34mTYLERMAS…[0m[1m [0m  hauler      [33m✈ transit[0m   X1-KU6-A2    277/600    8/80   43s        
 [1m [0m[1;96mTYLERMAS…[0m[1m [0m  siphoner    [33m✈ transit[0m   X1-KU6-C50     79/80   15/15   [2m52m24s [0m    
 [1m           [0m                                                         [2mdrift[0m      
 [1m [0m[1;92mTYLERMAS…[0m[1m [0m  siphoner    [33m✈ transit[0m   X1-KU6-C50     79/80   15/15   [2m53m13s [0m    
 [1m           [0m                                                         [2mdrift[0m      
 [1m [0m[1;95mTYLERMAS…[0m[1m [0m  siphoner    [33m✈ transit[0m   X1-KU6-B7      38/80   15/15   [2m57m20s [0m    
 [1m           [0m                                                         [2mdrift[0m      
 [1m [0m[1;93mTYLERMAS…[0m[1m [0m  siphoner    [33m✈ transit[0m   X1-KU6-C50     79/80   15/15   [2m51m28s [0m    
 [1m           [0m                                                         [2mdrift[0m      
 [1m [0m[1;37mTYLERMAS…[0m[1m [0m  trader      [33m✈ transit[0m   X1-KU6-A1    504/600   80/80   29s        
 [1m [0m[1;37mTYLERMAS…[0m[1m [0m  trader      [33m✈ transit[0m   X1-KU6-A1    504/600   80/80   24s        
 [1m [0m[1;37mTYLERMAS…[0m[1m [0m  miner       [33m✈ transit[0m   X1-KU6-B47     79/80    0/15   [2m1h14m [0m     
 [1m           [0m                                                         [2mdrift[0m      
 [1m [0m[1;37mTYLERMAS…[0m[1m [0m  surveyor    [33m✈ transit[0m   X1-KU6-B46     79/80     0/0   [2m1h30m [0m     
 [1m           [0m                                                         [2mdrift[0m      
                                                                                
  Contract: [36m░░░░░░░░░░░░░░░░░░░░░░░░░░░░░░[0m [1;36m0[0m[1m/[0m[1;36m8[0m SHIP_PARTS → X1-KU6-A2 [1m([0m[1;32m0[0m[32m%[0m[1m)[0m
[1;2;92m22:45:56[0m [37mTYLERMASTERY2-A[0m [33m⏳ in transit [0m[1;33m([0m[33m~29s[0m[1;33m)[0m[33m...[0m
[1;2;92m22:45:57[0m [35mTYLERMASTERY2-[0m[1;35m3[0m [33m⏳ in transit [0m[1;33m([0m[33m~3s[0m[1;33m)[0m[33m...[0m
[1;2;92m22:45:58[0m [96mTYLERMASTERY2-[0m[1;96m6[0m [33m⏳ in transit [0m[1;33m([0m[33m~52m 22s[0m[1;33m)[0m[33m...[0m
[1;2;92m22:46:01[0m [37mTYLERMASTERY2-B[0m [33m⏳ in transit [0m[1;33m([0m[33m~19s[0m[1;33m)[0m[33m...[0m
[1;2;92m22:46:03[0m [37mTYLERMASTERY2-C[0m [33m⏳ in transit [0m[1;33m([0m[33m~1h 14m[0m[1;33m)[0m[33m...[0m
[1;2;92m22:46:04[0m [35mTYLERMASTERY2-[0m[1;35m3[0m [32m✓[0m arrived at [1mX1-KU6-B7[0m
[1;2;92m22:46:04[0m [34mTYLERMASTERY2-[0m[1;34m5[0m [33m⏳ in transit [0m[1;33m([0m[33m~35s[0m[1;33m)[0m[33m...[0m
[1;2;92m22:46:04[0m [35mTYLERMASTERY2-[0m[1;35m3[0m [2mreset to CRUISE mode[0m
[1;2;92m22:46:04[0m [35mTYLERMASTERY2-[0m[1;35m3[0m [34m🚀 Navigating → X1-KU6-B47[0m
[1;2;92m22:46:05[0m [33mTYLERMASTERY2-[0m[1;33m4[0m [33m🌡 cooldown 4s[0m
[1;2;92m22:46:05[0m [36mTYLERMASTERY2-[0m[1;36m1[0m [33m🌡 cooldown 38s[0m
[1;2;92m22:46:06[0m [37mTYLERMASTERY2-B[0m [33m⏳ in transit [0m[1;33m([0m[33m~13s[0m[1;33m)[0m[33m...[0m
[1;2;92m22:46:08[0m [35mTYLERMASTERY2-[0m[1;35m3[0m [33m⏳ in transit [0m[1;33m([0m[33m~56s[0m[1;33m)[0m[33m...[0m
[1;2;92m22:46:10[0m [34mTYLERMASTERY2-[0m[1;34m5[0m [33m⏳ in transit [0m[1;33m([0m[33m~29s[0m[1;33m)[0m[33m...[0m
[1;2;92m22:46:10[0m [37mTYLERMASTERY2-A[0m [33m⏳ in transit [0m[1;33m([0m[33m~15s[0m[1;33m)[0m[33m...[0m
[1;2;92m22:46:14[0m [35mTYLERMASTERY2-[0m[1;35m3[0m [33m⏳ in transit [0m[1;33m([0m[33m~51s[0m[1;33m)[0m[33m...[0m
[1;2;92m22:46:15[0m [37mTYLERMASTERY2-B[0m [33m⏳ in transit [0m[1;33m([0m[33m~5s[0m[1;33m)[0m[33m...[0m
[1;2;92m22:46:15[0m [34mTYLERMASTERY2-[0m[1;34m5[0m [33m⏳ in transit [0m[1;33m([0m[33m~24s[0m[1;33m)[0m[33m...[0m
[1;2;92m22:46:16[0m [36mTYLERMASTERY2-[0m[1;36m1[0m [33m🌡 cooldown 27s[0m
[1;2;92m22:46:16[0m [35m🔭 TYLERMASTERY2-[0m[1;35m4[0m[35m: [0m[1;35m1[0m[35m [0m[1;35msurvey[0m[1;35m([0m[35ms[0m[1;35m)[0m[35m added [0m[1;35m([0m[1;35m0x[0m[35m SHIP_PARTS hits[0m[1;35m)[0m[35m | pool: [0m[1;35m25[0m
[1;2;92m22:46:17[0m [37mTYLERMASTERY2-A[0m [33m⏳ in transit [0m[1;33m([0m[33m~8s[0m[1;33m)[0m[33m...[0m
[1;2;92m22:46:20[0m [37mTYLERMASTERY2-B[0m [32m✓[0m arrived at [1mX1-KU6-A1[0m
[1;2;92m22:46:22[0m [37mTYLERMASTERY2-A[0m [33m⏳ in transit [0m[1;33m([0m[33m~3s[0m[1;33m)[0m[33m...[0m
[1;2;92m22:46:25[0m [35mTYLERMASTERY2-[0m[1;35m3[0m [33m⏳ in transit [0m[1;33m([0m[33m~39s[0m[1;33m)[0m[33m...[0m
[1;2;92m22:46:25[0m [34mTYLERMASTERY2-[0m[1;34m5[0m [33m⏳ in transit [0m[1;33m([0m[33m~14s[0m[1;33m)[0m[33m...[0m
[1;2;92m22:46:25[0m [37mTYLERMASTERY2-B[0m [36m⚓ docked[0m
[1;2;92m22:46:25[0m [33mTYLERMASTERY2-[0m[1;33m4[0m [33m🌡 cooldown 60s[0m
[1;2;92m22:46:25[0m [95mTYLERMASTERY2-[0m[1;95m8[0m [33m⏳ in transit [0m[1;33m([0m[33m~56m 50s[0m[1;33m)[0m[33m...[0m
[1;2;92m22:46:26[0m [36mTYLERMASTERY2-[0m[1;36m1[0m [33m🌡 cooldown 17s[0m
[1;2;92m22:46:26[0m [32m⛽ Refueled to [0m[1;32m600[0m[32m/[0m[1;32m600[0m
[1;2;92m22:46:28[0m [37mTYLERMASTERY2-A[0m [32m✓[0m arrived at [1mX1-KU6-A1[0m
[1;2;92m22:46:28[0m [37mTYLERMASTERY2-D[0m [33m⏳ in transit [0m[1;33m([0m[33m~1h 30m[0m[1;33m)[0m[33m...[0m
[1;2;92m22:46:29[0m [37mTYLERMASTERY2-A[0m [36m⚓ docked[0m
[1;2;92m22:46:30[0m [32m⛽ Refueled to [0m[1;32m600[0m[32m/[0m[1;32m600[0m
[1;2;92m22:46:30[0m [35mTYLERMASTERY2-[0m[1;35m3[0m [33m⏳ in transit [0m[1;33m([0m[33m~34s[0m[1;33m)[0m[33m...[0m
[1;2;92m22:46:32[0m [34mTYLERMASTERY2-[0m[1;34m5[0m [33m⏳ in transit [0m[1;33m([0m[33m~7s[0m[1;33m)[0m[33m...[0m
[1;2;92m22:46:36[0m [36mTYLERMASTERY2-[0m[1;36m1[0m [33m🌡 cooldown 6s[0m
[1;2;92m22:46:40[0m [34mTYLERMASTERY2-[0m[1;34m5[0m [32m✓[0m arrived at [1mX1-KU6-A2[0m
[1;2;92m22:46:40[0m [35mTYLERMASTERY2-[0m[1;35m3[0m [33m⏳ in transit [0m[1;33m([0m[33m~24s[0m[1;33m)[0m[33m...[0m
[1;2;92m22:46:41[0m [93mTYLERMASTERY2-[0m[1;93m9[0m [33m⏳ in transit [0m[1;33m([0m[33m~50m 42s[0m[1;33m)[0m[33m...[0m
[1;2;92m22:46:44[0m [32mTYLERMASTERY2-[0m[1;32m2[0m [33m⏳ in transit [0m[1;33m([0m[33m~10m 6s[0m[1;33m)[0m[33m...[0m
[1;2;92m22:46:45[0m [35mTYLERMASTERY2-[0m[1;35m3[0m [33m⏳ in transit [0m[1;33m([0m[33m~19s[0m[1;33m)[0m[33m...[0m
[1;2;92m22:46:52[0m [35mTYLERMASTERY2-[0m[1;35m3[0m [33m⏳ in transit [0m[1;33m([0m[33m~12s[0m[1;33m)[0m[33m...[0m
[1;2;92m22:46:57[0m [92mTYLERMASTERY2-[0m[1;92m7[0m [33m⏳ in transit [0m[1;33m([0m[33m~52m 12s[0m[1;33m)[0m[33m...[0m
[1;2;92m22:46:57[0m [34mTYLERMASTERY2-[0m[1;34m5[0m [36m⚓ docked[0m
[1;2;92m22:47:03[0m [33mTYLERMASTERY2-[0m[1;33m4[0m [33m🌡 cooldown 22s[0m
[1;2;92m22:47:04[0m   [36mTYLERMASTERY2-[0m[1;36m1[0m: 5x SILICON_CRYSTALS | __SELL_ONLY__: [1;36m0[0m | Cargo: [1;36m9[0m/[1;36m40[0m
| CD: 80s
[1;2;92m22:47:04[0m [36mTYLERMASTERY2-[0m[1;36m1[0m   [33m⚠ Solar Flare Interference with Reactor Operations: [0m
[33mAn unexpected solar flare event coincided with extraction activities, causing [0m
[33mwidespread interference in reactor operations. The flare’s electromagnetic pulse[0m
[33mtemporarily disabled the reactor's safety controls, necessitating a manual [0m
[33mreboot and realignment of the magnetic containment field.[0m
[1;2;92m22:47:04[0m [96mTYLERMASTERY2-[0m[1;96m6[0m [33m⏳ in transit [0m[1;33m([0m[33m~51m 15s[0m[1;33m)[0m[33m...[0m
[1;2;92m22:47:07[0m [35mTYLERMASTERY2-[0m[1;35m3[0m [32m✓[0m arrived at [1mX1-KU6-B47[0m
[1;2;92m22:47:09[0m 📡 Surveying asteroid for better yields[33m...[0m
[1;2;92m22:47:11[0m [36mTYLERMASTERY2-[0m[1;36m1[0m [33m🌡 cooldown 72s[0m
[1;2;92m22:47:14[0m [33mTYLERMASTERY2-[0m[1;33m4[0m [33m🌡 cooldown 12s[0m
[1;2;92m22:47:16[0m [37mTYLERMASTERY2-C[0m [33m⏳ in transit [0m[1;33m([0m[33m~1h 12m[0m[1;33m)[0m[33m...[0m
[1;2;92m22:47:21[0m [36mTYLERMASTERY2-[0m[1;36m1[0m [33m🌡 cooldown 61s[0m
[1;2;92m22:47:24[0m [33mTYLERMASTERY2-[0m[1;33m4[0m [33m🌡 cooldown 1s[0m
[1;2;92m22:47:25[0m [34mTYLERMASTERY2-[0m[1;34m5[0m [32m✓ [0m[1;32m8[0m[32m/[0m[1;32m8[0m[32m SHIP_PARTS delivered[0m
[1;2;92m22:47:25[0m [1;32m🏆 Contract fulfilled! Credits: [0m[1;32m792[0m[1;32m,[0m[1;32m435[0m
[1;2;92m22:47:26[0m [33mTYLERMASTERY2-[0m[1;33m4[0m [2msurveyor thread done[0m
[1;2;92m22:47:26[0m [95mTYLERMASTERY2-[0m[1;95m8[0m [33m⏳ in transit [0m[1;33m([0m[33m~55m 50s[0m[1;33m)[0m[33m...[0m
[3m                       [0m[1;3mFleet Status[0m[3m  [0m[3;32m792,435 cr[0m[3m  [0m[2;3m22:47:30[0m[3m                       [0m
                                                                                
 [1m [0m[1mShip     [0m[1m [0m [1m [0m[1mRole     [0m[1m [0m [1m [0m[1mStatus   [0m[1m [0m [1m [0m[1mLocation  [0m[1m [0m [1m [0m[1m   Fuel[0m[1m [0m [1m [0m[1mCargo[0m[1m [0m [1m [0m[1mETA      [0m[1m [0m 
 ━━━━━━━━━━━━━━━━━━━━━━━━━━━━━━━━━━━━━━━━━━━━━━━━━━━━━━━━━━━━━━━━━━━━━━━━━━━━━━ 
 [1m [0m[1;36mTYLERMAS…[0m[1m [0m  miner       [36m↑ orbit[0m     X1-KU6-B47   385/400    9/40              
 [1m [0m[1;32mTYLERMAS…[0m[1m [0m  fleet-mgr   [33m✈ transit[0m   X1-KU6-J68         —     0/0   9m20s      
 [1m [0m[1;35mTYLERMAS…[0m[1m [0m  miner       [36m↑ orbit[0m     X1-KU6-B47     64/80    0/15              
 [1m [0m[1;33mTYLERMAS…[0m[1m [0m  surveyor    [36m↑ orbit[0m     X1-KU6-B46     21/80     0/0              
 [1m [0m[1;34mTYLERMAS…[0m[1m [0m  hauler      [32m⚓ docked[0m   X1-KU6-A2    277/600    0/80              
 [1m [0m[1;96mTYLERMAS…[0m[1m [0m  siphoner    [33m✈ transit[0m   X1-KU6-C50     79/80   15/15   [2m50m49s [0m    
 [1m           [0m                                                         [2mdrift[0m      
 [1m [0m[1;92mTYLERMAS…[0m[1m [0m  siphoner    [33m✈ transit[0m   X1-KU6-C50     79/80   15/15   [2m51m38s [0m    
 [1m           [0m                                                         [2mdrift[0m      
 [1m [0m[1;95mTYLERMAS…[0m[1m [0m  siphoner    [33m✈ transit[0m   X1-KU6-B7      38/80   15/15   [2m55m46s [0m    
 [1m           [0m                                                         [2mdrift[0m      
 [1m [0m[1;93mTYLERMAS…[0m[1m [0m  siphoner    [33m✈ transit[0m   X1-KU6-C50     79/80   15/15   [2m49m53s [0m    
 [1m           [0m                                                         [2mdrift[0m      
 [1m [0m[1;37mTYLERMAS…[0m[1m [0m  trader      [32m⚓ docked[0m   X1-KU6-A1    600/600   80/80              
 [1m [0m[1;37mTYLERMAS…[0m[1m [0m  trader      [32m⚓ docked[0m   X1-KU6-A1    600/600   80/80              
 [1m [0m[1;37mTYLERMAS…[0m[1m [0m  miner       [33m✈ transit[0m   X1-KU6-B47     79/80    0/15   [2m1h12m [0m     
 [1m           [0m                                                         [2mdrift[0m      
 [1m [0m[1;37mTYLERMAS…[0m[1m [0m  surveyor    [33m✈ transit[0m   X1-KU6-B46     79/80     0/0   [2m1h29m [0m     
 [1m           [0m                                                         [2mdrift[0m      
                                                                                
  Contract: [36m░░░░░░░░░░░░░░░░░░░░░░░░░░░░░░[0m [1;36m0[0m[1m/[0m[1;36m8[0m SHIP_PARTS → X1-KU6-A2 [1m([0m[1;32m0[0m[32m%[0m[1m)[0m
[1;2;92m22:47:32[0m [36mTYLERMASTERY2-[0m[1;36m1[0m [33m🌡 cooldown 51s[0m
[1;2;92m22:47:42[0m [36mTYLERMASTERY2-[0m[1;36m1[0m [33m🌡 cooldown 40s[0m
[1;2;92m22:47:49[0m [93mTYLERMASTERY2-[0m[1;93m9[0m [33m⏳ in transit [0m[1;33m([0m[33m~49m 34s[0m[1;33m)[0m[33m...[0m
[1;2;92m22:47:52[0m [37mTYLERMASTERY2-D[0m [33m⏳ in transit [0m[1;33m([0m[33m~1h 28m[0m[1;33m)[0m[33m...[0m
[1;2;92m22:47:54[0m [36mTYLERMASTERY2-[0m[1;36m1[0m [33m🌡 cooldown 29s[0m
[1;2;92m22:47:55[0m [32mTYLERMASTERY2-[0m[1;32m2[0m [33m⏳ in transit [0m[1;33m([0m[33m~8m 55s[0m[1;33m)[0m[33m...[0m
[1;2;92m22:47:55[0m [37mTYLERMASTERY2-B[0m [2madjusting sell batch size to [0m[1;2;36m20[0m[2m/tx for EQUIPMENT[0m
[1;2;92m22:48:01[0m [92mTYLERMASTERY2-[0m[1;92m7[0m [33m⏳ in transit [0m[1;33m([0m[33m~51m 8s[0m[1;33m)[0m[33m...[0m
[1;2;92m22:48:02[0m [35m💰 TYLERMASTERY2-B: sold 2[0m[1;35m0x[0m[35m EQUIPMENT @ [0m[1;35m3[0m[35m,[0m[1;35m481[0m[35m/u | Credits: [0m[1;35m862[0m[35m,[0m[1;35m055[0m
[1;2;92m22:48:05[0m [37mTYLERMASTERY2-A[0m [2madjusting sell batch size to [0m[1;2;36m20[0m[2m/tx for EQUIPMENT[0m
[1;2;92m22:48:07[0m [36mTYLERMASTERY2-[0m[1;36m1[0m [33m🌡 cooldown 15s[0m
[1;2;92m22:48:12[0m [35m💰 TYLERMASTERY2-B: sold 2[0m[1;35m0x[0m[35m EQUIPMENT @ [0m[1;35m3[0m[35m,[0m[1;35m414[0m[35m/u | Credits: [0m[1;35m930[0m[35m,[0m[1;35m335[0m
[1;2;92m22:48:16[0m [35m💰 TYLERMASTERY2-B: sold 2[0m[1;35m0x[0m[35m EQUIPMENT @ [0m[1;35m3[0m[35m,[0m[1;35m332[0m[35m/u | Credits: [0m[1;35m996[0m[35m,[0m[1;35m975[0m
[1;2;92m22:48:16[0m [37mTYLERMASTERY2-C[0m [33m⏳ in transit [0m[1;33m([0m[33m~1h 11m[0m[1;33m)[0m[33m...[0m
[1;2;92m22:48:17[0m [35m💰 TYLERMASTERY2-A: sold 2[0m[1;35m0x[0m[35m EQUIPMENT @ [0m[1;35m3[0m[35m,[0m[1;35m231[0m[35m/u | Credits: [0m[1;35m1[0m[35m,[0m[1;35m061[0m[35m,[0m[1;35m595[0m
[1;2;92m22:48:18[0m [36mTYLERMASTERY2-[0m[1;36m1[0m [33m🌡 cooldown 5s[0m
[1;2;92m22:48:20[0m [35m💰 TYLERMASTERY2-A: sold 2[0m[1;35m0x[0m[35m EQUIPMENT @ [0m[1;35m3[0m[35m,[0m[1;35m106[0m[35m/u | Credits: [0m[1;35m1[0m[35m,[0m[1;35m123[0m[35m,[0m[1;35m715[0m
[1;2;92m22:48:21[0m [96mTYLERMASTERY2-[0m[1;96m6[0m [33m⏳ in transit [0m[1;33m([0m[33m~49m 58s[0m[1;33m)[0m[33m...[0m
[1;2;92m22:48:23[0m [35m💰 TYLERMASTERY2-B: sold 8[0m[1;35m0x[0m[35m EQUIPMENT @ [0m[1;35m2[0m[35m,[0m[1;35m952[0m[35m/u = [0m[1;35m263[0m[35m,[0m[1;35m580[0m[35m cr [0m[1;35m([0m[35mprofit: [0m
[35m+[0m[1;35m39[0m[35m,[0m[1;35m340[0m[35m cr[0m[1;35m)[0m
[1;2;92m22:48:25[0m [35m💰 TYLERMASTERY2-A: sold 2[0m[1;35m0x[0m[35m EQUIPMENT @ [0m[1;35m2[0m[35m,[0m[1;35m763[0m[35m/u | Credits: [0m[1;35m1[0m[35m,[0m[1;35m238[0m[35m,[0m[1;35m015[0m
[1;2;92m22:48:25[0m [36mTYLERMASTERY2-[0m[1;36m1[0m [2mminer thread done[0m
[1;2;92m22:48:25[0m [35m💰 TYLERMASTERY2-A: sold 8[0m[1;35m0x[0m[35m EQUIPMENT @ [0m[1;35m2[0m[35m,[0m[1;35m531[0m[35m/u = [0m[1;35m232[0m[35m,[0m[1;35m620[0m[35m cr [0m[1;35m([0m[35mprofit: [0m
[35m+[0m[1;35m8[0m[35m,[0m[1;35m380[0m[35m cr[0m[1;35m)[0m
[1;2;92m22:48:30[0m [95mTYLERMASTERY2-[0m[1;95m8[0m [33m⏳ in transit [0m[1;33m([0m[33m~54m 46s[0m[1;33m)[0m[33m...[0m
[1;2;92m22:48:39[0m [2mSurvey failed: [0m[1;2m[[0m[1;2;36m4240[0m[1;2m][0m[2m Ship survey failed. Ship TYLERMASTERY2-[0m[1;2;36m3[0m[2m does not[0m
[2mhave any surveyor mounts., mining without survey[0m
[1;2;92m22:48:39[0m [35mTYLERMASTERY2-[0m[1;35m3[0m [2mminer thread done[0m
[1;2;92m22:48:57[0m [37mTYLERMASTERY2-D[0m [33m⏳ in transit [0m[1;33m([0m[33m~1h 27m[0m[1;33m)[0m[33m...[0m
[1;2;92m22:48:57[0m [32mTYLERMASTERY2-[0m[1;32m2[0m [33m⏳ in transit [0m[1;33m([0m[33m~7m 53s[0m[1;33m)[0m[33m...[0m
[1;2;92m22:48:59[0m [93mTYLERMASTERY2-[0m[1;93m9[0m [33m⏳ in transit [0m[1;33m([0m[33m~48m 25s[0m[1;33m)[0m[33m...[0m
[1;2;92m22:49:07[0m [92mTYLERMASTERY2-[0m[1;92m7[0m [33m⏳ in transit [0m[1;33m([0m[33m~50m 1s[0m[1;33m)[0m[33m...[0m
[1;2;92m22:49:17[0m [37mTYLERMASTERY2-C[0m [33m⏳ in transit [0m[1;33m([0m[33m~1h 10m[0m[1;33m)[0m[33m...[0m
[1;2;92m22:49:25[0m [96mTYLERMASTERY2-[0m[1;96m6[0m [33m⏳ in transit [0m[1;33m([0m[33m~48m 54s[0m[1;33m)[0m[33m...[0m
[1;2;92m22:49:32[0m [95mTYLERMASTERY2-[0m[1;95m8[0m [33m⏳ in transit [0m[1;33m([0m[33m~53m 43s[0m[1;33m)[0m[33m...[0m
[1;2;92m22:50:00[0m [32mTYLERMASTERY2-[0m[1;32m2[0m [33m⏳ in transit [0m[1;33m([0m[33m~6m 50s[0m[1;33m)[0m[33m...[0m
[1;2;92m22:50:05[0m [37mTYLERMASTERY2-D[0m [33m⏳ in transit [0m[1;33m([0m[33m~1h 26m[0m[1;33m)[0m[33m...[0m
[1;2;92m22:50:07[0m [93mTYLERMASTERY2-[0m[1;93m9[0m [33m⏳ in transit [0m[1;33m([0m[33m~47m 17s[0m[1;33m)[0m[33m...[0m
[1;2;92m22:50:12[0m [92mTYLERMASTERY2-[0m[1;92m7[0m [33m⏳ in transit [0m[1;33m([0m[33m~48m 56s[0m[1;33m)[0m[33m...[0m
[1;2;92m22:50:20[0m [37mTYLERMASTERY2-C[0m [33m⏳ in transit [0m[1;33m([0m[33m~1h 9m[0m[1;33m)[0m[33m...[0m
[1;2;92m22:50:26[0m [96mTYLERMASTERY2-[0m[1;96m6[0m [33m⏳ in transit [0m[1;33m([0m[33m~47m 53s[0m[1;33m)[0m[33m...[0m
[1;2;92m22:50:35[0m [95mTYLERMASTERY2-[0m[1;95m8[0m [33m⏳ in transit [0m[1;33m([0m[33m~52m 41s[0m[1;33m)[0m[33m...[0m
[1;2;92m22:51:01[0m [32mTYLERMASTERY2-[0m[1;32m2[0m [33m⏳ in transit [0m[1;33m([0m[33m~5m 49s[0m[1;33m)[0m[33m...[0m
[1;2;92m22:51:06[0m [37mTYLERMASTERY2-D[0m [33m⏳ in transit [0m[1;33m([0m[33m~1h 25m[0m[1;33m)[0m[33m...[0m
[1;2;92m22:51:12[0m [93mTYLERMASTERY2-[0m[1;93m9[0m [33m⏳ in transit [0m[1;33m([0m[33m~46m 11s[0m[1;33m)[0m[33m...[0m
[1;2;92m22:51:18[0m [92mTYLERMASTERY2-[0m[1;92m7[0m [33m⏳ in transit [0m[1;33m([0m[33m~47m 51s[0m[1;33m)[0m[33m...[0m
[1;2;92m22:51:21[0m [37mTYLERMASTERY2-C[0m [33m⏳ in transit [0m[1;33m([0m[33m~1h 8m[0m[1;33m)[0m[33m...[0m
[1;2;92m22:51:27[0m [96mTYLERMASTERY2-[0m[1;96m6[0m [33m⏳ in transit [0m[1;33m([0m[33m~46m 53s[0m[1;33m)[0m[33m...[0m
[1;2;92m22:51:39[0m [95mTYLERMASTERY2-[0m[1;95m8[0m [33m⏳ in transit [0m[1;33m([0m[33m~51m 37s[0m[1;33m)[0m[33m...[0m
[1;2;92m22:52:06[0m [32mTYLERMASTERY2-[0m[1;32m2[0m [33m⏳ in transit [0m[1;33m([0m[33m~4m 44s[0m[1;33m)[0m[33m...[0m
[1;2;92m22:52:12[0m [37mTYLERMASTERY2-D[0m [33m⏳ in transit [0m[1;33m([0m[33m~1h 24m[0m[1;33m)[0m[33m...[0m
[1;2;92m22:52:17[0m [93mTYLERMASTERY2-[0m[1;93m9[0m [33m⏳ in transit [0m[1;33m([0m[33m~45m 6s[0m[1;33m)[0m[33m...[0m
[36m╭───────────────────────────────────────────────────────────────────────────────────────────────────────────────────────────────────────────────────────────────────────────────────╮[0m
[36m│[0m [1;36mSpaceTraders Automation[0m                                                                                                                                                           [36m│[0m
[36m│[0m Goal: Complete contracts → buy ships → upgrade → repeat indefinitely                                                                                                              [36m│[0m
[36m╰───────────────────────────────────────────────────────────────────────────────────────────────────────────────────────────────────────────────────────────────────────────────────╯[0m
[1;2;92m22:52:21[0m [37mTYLERMASTERY2-C[0m [33m⏳ in transit [0m[1;33m([0m[33m~1h 7m[0m[1;33m)[0m[33m...[0m
[1;2;92m22:52:26[0m [92mTYLERMASTERY2-[0m[1;92m7[0m [33m⏳ in transit [0m[1;33m([0m[33m~46m 42s[0m[1;33m)[0m[33m...[0m
[1;2;92m22:52:28[0m [96mTYLERMASTERY2-[0m[1;96m6[0m [33m⏳ in transit [0m[1;33m([0m[33m~45m 52s[0m[1;33m)[0m[33m...[0m
[1;2;92m22:52:44[0m [95mTYLERMASTERY2-[0m[1;95m8[0m [33m⏳ in transit [0m[1;33m([0m[33m~50m 31s[0m[1;33m)[0m[33m...[0m
[1;2;92m22:53:07[0m [32mTYLERMASTERY2-[0m[1;32m2[0m [33m⏳ in transit [0m[1;33m([0m[33m~3m 43s[0m[1;33m)[0m[33m...[0m
[1;2;92m22:53:15[0m [37mTYLERMASTERY2-D[0m [33m⏳ in transit [0m[1;33m([0m[33m~1h 23m[0m[1;33m)[0m[33m...[0m
[1;2;92m22:53:18[0m [93mTYLERMASTERY2-[0m[1;93m9[0m [33m⏳ in transit [0m[1;33m([0m[33m~44m 5s[0m[1;33m)[0m[33m...[0m
[1;2;92m22:53:22[0m [37mTYLERMASTERY2-C[0m [33m⏳ in transit [0m[1;33m([0m[33m~1h 6m[0m[1;33m)[0m[33m...[0m
[1;2;92m22:53:27[0m [92mTYLERMASTERY2-[0m[1;92m7[0m [33m⏳ in transit [0m[1;33m([0m[33m~45m 41s[0m[1;33m)[0m[33m...[0m
[1;2;92m22:53:28[0m [96mTYLERMASTERY2-[0m[1;96m6[0m [33m⏳ in transit [0m[1;33m([0m[33m~44m 51s[0m[1;33m)[0m[33m...[0m
[1;2;92m22:53:45[0m [95mTYLERMASTERY2-[0m[1;95m8[0m [33m⏳ in transit [0m[1;33m([0m[33m~49m 31s[0m[1;33m)[0m[33m...[0m
[1;2;92m22:54:08[0m [32mTYLERMASTERY2-[0m[1;32m2[0m [33m⏳ in transit [0m[1;33m([0m[33m~2m 42s[0m[1;33m)[0m[33m...[0m
[1;2;92m22:54:16[0m [37mTYLERMASTERY2-D[0m [33m⏳ in transit [0m[1;33m([0m[33m~1h 22m[0m[1;33m)[0m[33m...[0m
[1;2;92m22:54:19[0m [93mTYLERMASTERY2-[0m[1;93m9[0m [33m⏳ in transit [0m[1;33m([0m[33m~43m 4s[0m[1;33m)[0m[33m...[0m
[1;2;92m22:54:25[0m [37mTYLERMASTERY2-C[0m [33m⏳ in transit [0m[1;33m([0m[33m~1h 5m[0m[1;33m)[0m[33m...[0m
[1;2;92m22:54:31[0m [92mTYLERMASTERY2-[0m[1;92m7[0m [33m⏳ in transit [0m[1;33m([0m[33m~44m 38s[0m[1;33m)[0m[33m...[0m
[1;2;92m22:54:31[0m [96mTYLERMASTERY2-[0m[1;96m6[0m [33m⏳ in transit [0m[1;33m([0m[33m~43m 48s[0m[1;33m)[0m[33m...[0m
[1;2;92m22:54:51[0m [32mTYLERMASTERY2-[0m[1;32m2[0m [33m⏳ in transit [0m[1;33m([0m[33m~1m 59s[0m[1;33m)[0m[33m...[0m
[1;2;92m22:54:56[0m [95mTYLERMASTERY2-[0m[1;95m8[0m [33m⏳ in transit [0m[1;33m([0m[33m~48m 20s[0m[1;33m)[0m[33m...[0m
[1;2;92m22:54:58[0m [32mTYLERMASTERY2-[0m[1;32m2[0m [33m⏳ in transit [0m[1;33m([0m[33m~1m 52s[0m[1;33m)[0m[33m...[0m
[1;2;92m22:55:05[0m [32mTYLERMASTERY2-[0m[1;32m2[0m [33m⏳ in transit [0m[1;33m([0m[33m~1m 45s[0m[1;33m)[0m[33m...[0m
[1;2;92m22:55:15[0m [32mTYLERMASTERY2-[0m[1;32m2[0m [33m⏳ in transit [0m[1;33m([0m[33m~1m 35s[0m[1;33m)[0m[33m...[0m
[1;2;92m22:55:20[0m [32mTYLERMASTERY2-[0m[1;32m2[0m [33m⏳ in transit [0m[1;33m([0m[33m~1m 30s[0m[1;33m)[0m[33m...[0m
[1;2;92m22:55:26[0m [32mTYLERMASTERY2-[0m[1;32m2[0m [33m⏳ in transit [0m[1;33m([0m[33m~1m 25s[0m[1;33m)[0m[33m...[0m
[1;2;92m22:55:26[0m [93mTYLERMASTERY2-[0m[1;93m9[0m [33m⏳ in transit [0m[1;33m([0m[33m~41m 58s[0m[1;33m)[0m[33m...[0m
[1;2;92m22:55:26[0m [37mTYLERMASTERY2-D[0m [33m⏳ in transit [0m[1;33m([0m[33m~1h 21m[0m[1;33m)[0m[33m...[0m
[1;2;92m22:55:28[0m [37mTYLERMASTERY2-C[0m [33m⏳ in transit [0m[1;33m([0m[33m~1h 4m[0m[1;33m)[0m[33m...[0m
[1;2;92m22:55:31[0m [32mTYLERMASTERY2-[0m[1;32m2[0m [33m⏳ in transit [0m[1;33m([0m[33m~1m 19s[0m[1;33m)[0m[33m...[0m
[1;2;92m22:55:33[0m [92mTYLERMASTERY2-[0m[1;92m7[0m [33m⏳ in transit [0m[1;33m([0m[33m~43m 35s[0m[1;33m)[0m[33m...[0m
[1;2;92m22:55:37[0m [32mTYLERMASTERY2-[0m[1;32m2[0m [33m⏳ in transit [0m[1;33m([0m[33m~1m 14s[0m[1;33m)[0m[33m...[0m
[1;2;92m22:55:37[0m [96mTYLERMASTERY2-[0m[1;96m6[0m [33m⏳ in transit [0m[1;33m([0m[33m~42m 42s[0m[1;33m)[0m[33m...[0m
[1;2;92m22:55:42[0m [32mTYLERMASTERY2-[0m[1;32m2[0m [33m⏳ in transit [0m[1;33m([0m[33m~1m 8s[0m[1;33m)[0m[33m...[0m
[1;2;92m22:55:48[0m [32mTYLERMASTERY2-[0m[1;32m2[0m [33m⏳ in transit [0m[1;33m([0m[33m~1m 3s[0m[1;33m)[0m[33m...[0m
[1;2;92m22:55:53[0m [32mTYLERMASTERY2-[0m[1;32m2[0m [33m⏳ in transit [0m[1;33m([0m[33m~57s[0m[1;33m)[0m[33m...[0m
[1;2;92m22:56:00[0m [95mTYLERMASTERY2-[0m[1;95m8[0m [33m⏳ in transit [0m[1;33m([0m[33m~47m 16s[0m[1;33m)[0m[33m...[0m
[1;2;92m22:56:03[0m [32mTYLERMASTERY2-[0m[1;32m2[0m [33m⏳ in transit [0m[1;33m([0m[33m~47s[0m[1;33m)[0m[33m...[0m
[1;2;92m22:56:10[0m [32mTYLERMASTERY2-[0m[1;32m2[0m [33m⏳ in transit [0m[1;33m([0m[33m~40s[0m[1;33m)[0m[33m...[0m
[1;2;92m22:56:18[0m [32mTYLERMASTERY2-[0m[1;32m2[0m [33m⏳ in transit [0m[1;33m([0m[33m~32s[0m[1;33m)[0m[33m...[0m
[1;2;92m22:56:25[0m [32mTYLERMASTERY2-[0m[1;32m2[0m [33m⏳ in transit [0m[1;33m([0m[33m~25s[0m[1;33m)[0m[33m...[0m
[1;2;92m22:56:27[0m [37mTYLERMASTERY2-D[0m [33m⏳ in transit [0m[1;33m([0m[33m~1h 20m[0m[1;33m)[0m[33m...[0m
[1;2;92m22:56:28[0m [93mTYLERMASTERY2-[0m[1;93m9[0m [33m⏳ in transit [0m[1;33m([0m[33m~40m 55s[0m[1;33m)[0m[33m...[0m
[1;2;92m22:56:29[0m [37mTYLERMASTERY2-C[0m [33m⏳ in transit [0m[1;33m([0m[33m~1h 3m[0m[1;33m)[0m[33m...[0m
[1;2;92m22:56:30[0m [32mTYLERMASTERY2-[0m[1;32m2[0m [33m⏳ in transit [0m[1;33m([0m[33m~20s[0m[1;33m)[0m[33m...[0m
[1;2;92m22:56:36[0m [32mTYLERMASTERY2-[0m[1;32m2[0m [33m⏳ in transit [0m[1;33m([0m[33m~14s[0m[1;33m)[0m[33m...[0m
[1;2;92m22:56:37[0m [92mTYLERMASTERY2-[0m[1;92m7[0m [33m⏳ in transit [0m[1;33m([0m[33m~42m 32s[0m[1;33m)[0m[33m...[0m
[1;2;92m22:56:38[0m [96mTYLERMASTERY2-[0m[1;96m6[0m [33m⏳ in transit [0m[1;33m([0m[33m~41m 41s[0m[1;33m)[0m[33m...[0m
[1;2;92m22:56:41[0m [32mTYLERMASTERY2-[0m[1;32m2[0m [33m⏳ in transit [0m[1;33m([0m[33m~9s[0m[1;33m)[0m[33m...[0m
[1;2;92m22:56:47[0m [32mTYLERMASTERY2-[0m[1;32m2[0m [33m⏳ in transit [0m[1;33m([0m[33m~3s[0m[1;33m)[0m[33m...[0m
[1;2;92m22:56:57[0m [32mTYLERMASTERY2-[0m[1;32m2[0m [32m✓[0m arrived at [1mX1-KU6-J68[0m
[1;2;92m22:57:02[0m [95mTYLERMASTERY2-[0m[1;95m8[0m [33m⏳ in transit [0m[1;33m([0m[33m~46m 14s[0m[1;33m)[0m[33m...[0m
[36m╭──────────────────────────────────────────────────────────────────────────────╮[0m
[36m│[0m [1;36mSpaceTraders Automation[0m                                                      [36m│[0m
[36m│[0m Goal: Complete contracts → buy ships → upgrade → repeat indefinitely         [36m│[0m
[36m╰──────────────────────────────────────────────────────────────────────────────╯[0m
[1;2;92m22:57:11[0m [36mAgent: TYLERMASTERY2 | HQ: X1-KU6-A1 | System: X1-KU6[0m
[1;2;92m22:57:11[0m [36mLoaded config from DB: [0m[36mASTEROID[0m[36m=[0m[36mX1[0m[36m-KU6-B46 | [0m[36mBASE[0m[36m=[0m[36mX1[0m[36m-KU6-B7[0m
[1;2;92m22:57:11[0m [36mShipyards: [0m[1;36m[[0m[36m'X1-KU6-A2'[0m[36m, [0m[36m'X1-KU6-C51'[0m[36m, [0m[36m'X1-KU6-H62'[0m[1;36m][0m[36m | HQ: X1-KU6-A1[0m
[1;2;92m22:57:11[0m [2mWarm-loaded [0m[1;2;36m28[0m[2m markets, [0m[1;2;36m47[0m[2m goods from DB[0m
[1;2;92m22:57:11[0m [2mWarm-loaded [0m[1;2;36m20[0m[2m active [0m[1;2;35msurvey[0m[1;2m([0m[2ms[0m[1;2m)[0m[2m from DB[0m
[1;2;92m22:57:11[0m [2mScanning system for markets[0m[2;33m...[0m
[1;2;92m22:57:28[0m [2mFound [0m[1;2;36m28[0m[2m [0m[1;2;35mmarket[0m[1;2m([0m[2ms[0m[1;2m)[0m[2m: X1-KU6-A1, X1-KU6-CD5E, X1-KU6-B6, X1-KU6-B7, X1-KU6-C52, X1-KU6-D53, X1-KU6-E55, X1-KU6-F57, X1-KU6-G59, X1-KU6-H61, X1-KU6-I65, X1-KU6-I66, [0m
[2mX1-KU6-J67, X1-KU6-J68, X1-KU6-K90, X1-KU6-A2, X1-KU6-A3, X1-KU6-A4, X1-KU6-C51, X1-KU6-D54, X1-KU6-E56, X1-KU6-F58, X1-KU6-H62, X1-KU6-H63, X1-KU6-H64, X1-KU6-K92, X1-KU6-K93, [0m
[2mX1-KU6-K94[0m
[1;2;92m22:58:28[0m [2mGood sources: [0m[1;2;36m47[0m[2m goods indexed, [0m[1;2;36m45[0m[2m buyable goods across [0m[1;2;36m28[0m[2m markets[0m
[1;2;92m22:58:29[0m [1m─── Loop [0m[1;36m1[0m[1m | Credits: [0m[1;36m1[0m[1m,[0m[1;36m288[0m[1m,[0m[1;36m635[0m[1m | Ships: [0m[1;36m13[0m[1m ───[0m
[1;2;92m22:58:30[0m [33mNo pending contracts — negotiating a new one[0m[33m...[0m
[1;2;92m22:58:31[0m [36mTYLERMASTERY2-[0m[1;36m1[0m [34m🚀 Navigating → X1-KU6-A1[0m
[1;2;92m22:58:32[0m [36mTYLERMASTERY2-[0m[1;36m1[0m [33m⏳ in transit [0m[1;33m([0m[33m~4m 5s[0m[1;33m)[0m[33m...[0m
